ISO-10303-21;
HEADER;
/* Generated by software containing ST-Developer
 * from STEP Tools, Inc. (www.steptools.com) 
 */

FILE_DESCRIPTION(
/* description */ (''),
/* implementation_level */ '2;1');

FILE_NAME(
/* name */ 'Top_Cover.step',
/* time_stamp */ '2026-08-18T23:13:36+08:00',
/* author */ (''),
/* organization */ (''),
/* preprocessor_version */ 'ST-DEVELOPER v20.1',
/* originating_system */ 'Autodesk Translation Framework v15.8.0.0',
/* authorisation */ '');

FILE_SCHEMA (('AUTOMOTIVE_DESIGN { 1 0 10303 214 3 1 1 }'));
ENDSEC;

DATA;
#10=MECHANICAL_DESIGN_GEOMETRIC_PRESENTATION_REPRESENTATION('',(#13),#3550);
#11=SHAPE_REPRESENTATION_RELATIONSHIP('SRR','None',#3557,#12);
#12=ADVANCED_BREP_SHAPE_REPRESENTATION('',(#14),#3549);
#13=STYLED_ITEM('',(#3569),#14);
#14=MANIFOLD_SOLID_BREP('Body167',#2098);
#15=FACE_BOUND('',#201,.T.);
#16=FACE_BOUND('',#202,.T.);
#17=FACE_BOUND('',#203,.T.);
#18=FACE_BOUND('',#204,.T.);
#19=FACE_BOUND('',#205,.T.);
#20=FACE_BOUND('',#206,.T.);
#21=FACE_BOUND('',#207,.T.);
#22=FACE_BOUND('',#208,.T.);
#23=FACE_BOUND('',#209,.T.);
#24=FACE_BOUND('',#210,.T.);
#25=FACE_BOUND('',#211,.T.);
#26=FACE_BOUND('',#212,.T.);
#27=FACE_BOUND('',#213,.T.);
#28=FACE_BOUND('',#214,.T.);
#29=FACE_BOUND('',#215,.T.);
#30=FACE_BOUND('',#316,.T.);
#31=FACE_BOUND('',#317,.T.);
#32=FACE_BOUND('',#318,.T.);
#33=FACE_BOUND('',#319,.T.);
#34=FACE_BOUND('',#320,.T.);
#35=FACE_BOUND('',#321,.T.);
#36=FACE_BOUND('',#322,.T.);
#37=FACE_BOUND('',#323,.T.);
#38=FACE_BOUND('',#324,.T.);
#39=FACE_BOUND('',#325,.T.);
#40=FACE_BOUND('',#326,.T.);
#41=FACE_BOUND('',#327,.T.);
#42=FACE_BOUND('',#328,.T.);
#43=FACE_BOUND('',#329,.T.);
#44=FACE_BOUND('',#330,.T.);
#45=PLANE('',#2115);
#46=PLANE('',#2116);
#47=PLANE('',#2171);
#48=PLANE('',#2178);
#49=PLANE('',#2181);
#50=PLANE('',#2184);
#51=PLANE('',#2187);
#52=PLANE('',#2190);
#53=PLANE('',#2195);
#54=PLANE('',#2198);
#55=PLANE('',#2199);
#56=PLANE('',#2200);
#57=PLANE('',#2203);
#58=PLANE('',#2206);
#59=PLANE('',#2209);
#60=PLANE('',#2214);
#61=PLANE('',#2217);
#62=PLANE('',#2220);
#63=PLANE('',#2223);
#64=PLANE('',#2226);
#65=PLANE('',#2229);
#66=PLANE('',#2232);
#67=PLANE('',#2235);
#68=PLANE('',#2238);
#69=PLANE('',#2241);
#70=PLANE('',#2244);
#71=PLANE('',#2247);
#72=PLANE('',#2250);
#73=PLANE('',#2253);
#74=PLANE('',#2256);
#75=PLANE('',#2259);
#76=PLANE('',#2268);
#77=PLANE('',#2271);
#78=PLANE('',#2274);
#79=PLANE('',#2277);
#80=PLANE('',#2280);
#81=PLANE('',#2283);
#82=PLANE('',#2286);
#83=PLANE('',#2289);
#84=PLANE('',#2292);
#85=PLANE('',#2295);
#86=PLANE('',#2298);
#87=PLANE('',#2301);
#88=PLANE('',#2306);
#89=PLANE('',#2309);
#90=PLANE('',#2312);
#91=PLANE('',#2315);
#92=PLANE('',#2318);
#93=PLANE('',#2319);
#94=PLANE('',#2320);
#95=FACE_OUTER_BOUND('',#198,.T.);
#96=FACE_OUTER_BOUND('',#199,.T.);
#97=FACE_OUTER_BOUND('',#200,.T.);
#98=FACE_OUTER_BOUND('',#216,.T.);
#99=FACE_OUTER_BOUND('',#217,.T.);
#100=FACE_OUTER_BOUND('',#218,.T.);
#101=FACE_OUTER_BOUND('',#219,.T.);
#102=FACE_OUTER_BOUND('',#220,.T.);
#103=FACE_OUTER_BOUND('',#221,.T.);
#104=FACE_OUTER_BOUND('',#222,.T.);
#105=FACE_OUTER_BOUND('',#223,.T.);
#106=FACE_OUTER_BOUND('',#224,.T.);
#107=FACE_OUTER_BOUND('',#225,.T.);
#108=FACE_OUTER_BOUND('',#226,.T.);
#109=FACE_OUTER_BOUND('',#227,.T.);
#110=FACE_OUTER_BOUND('',#228,.T.);
#111=FACE_OUTER_BOUND('',#229,.T.);
#112=FACE_OUTER_BOUND('',#230,.T.);
#113=FACE_OUTER_BOUND('',#231,.T.);
#114=FACE_OUTER_BOUND('',#232,.T.);
#115=FACE_OUTER_BOUND('',#233,.T.);
#116=FACE_OUTER_BOUND('',#234,.T.);
#117=FACE_OUTER_BOUND('',#235,.T.);
#118=FACE_OUTER_BOUND('',#236,.T.);
#119=FACE_OUTER_BOUND('',#237,.T.);
#120=FACE_OUTER_BOUND('',#238,.T.);
#121=FACE_OUTER_BOUND('',#239,.T.);
#122=FACE_OUTER_BOUND('',#240,.T.);
#123=FACE_OUTER_BOUND('',#241,.T.);
#124=FACE_OUTER_BOUND('',#242,.T.);
#125=FACE_OUTER_BOUND('',#243,.T.);
#126=FACE_OUTER_BOUND('',#244,.T.);
#127=FACE_OUTER_BOUND('',#245,.T.);
#128=FACE_OUTER_BOUND('',#246,.T.);
#129=FACE_OUTER_BOUND('',#247,.T.);
#130=FACE_OUTER_BOUND('',#248,.T.);
#131=FACE_OUTER_BOUND('',#249,.T.);
#132=FACE_OUTER_BOUND('',#250,.T.);
#133=FACE_OUTER_BOUND('',#251,.T.);
#134=FACE_OUTER_BOUND('',#252,.T.);
#135=FACE_OUTER_BOUND('',#253,.T.);
#136=FACE_OUTER_BOUND('',#254,.T.);
#137=FACE_OUTER_BOUND('',#255,.T.);
#138=FACE_OUTER_BOUND('',#256,.T.);
#139=FACE_OUTER_BOUND('',#257,.T.);
#140=FACE_OUTER_BOUND('',#258,.T.);
#141=FACE_OUTER_BOUND('',#259,.T.);
#142=FACE_OUTER_BOUND('',#260,.T.);
#143=FACE_OUTER_BOUND('',#261,.T.);
#144=FACE_OUTER_BOUND('',#262,.T.);
#145=FACE_OUTER_BOUND('',#263,.T.);
#146=FACE_OUTER_BOUND('',#264,.T.);
#147=FACE_OUTER_BOUND('',#265,.T.);
#148=FACE_OUTER_BOUND('',#266,.T.);
#149=FACE_OUTER_BOUND('',#267,.T.);
#150=FACE_OUTER_BOUND('',#268,.T.);
#151=FACE_OUTER_BOUND('',#269,.T.);
#152=FACE_OUTER_BOUND('',#270,.T.);
#153=FACE_OUTER_BOUND('',#271,.T.);
#154=FACE_OUTER_BOUND('',#272,.T.);
#155=FACE_OUTER_BOUND('',#273,.T.);
#156=FACE_OUTER_BOUND('',#274,.T.);
#157=FACE_OUTER_BOUND('',#275,.T.);
#158=FACE_OUTER_BOUND('',#276,.T.);
#159=FACE_OUTER_BOUND('',#277,.T.);
#160=FACE_OUTER_BOUND('',#278,.T.);
#161=FACE_OUTER_BOUND('',#279,.T.);
#162=FACE_OUTER_BOUND('',#280,.T.);
#163=FACE_OUTER_BOUND('',#281,.T.);
#164=FACE_OUTER_BOUND('',#282,.T.);
#165=FACE_OUTER_BOUND('',#283,.T.);
#166=FACE_OUTER_BOUND('',#284,.T.);
#167=FACE_OUTER_BOUND('',#285,.T.);
#168=FACE_OUTER_BOUND('',#286,.T.);
#169=FACE_OUTER_BOUND('',#287,.T.);
#170=FACE_OUTER_BOUND('',#288,.T.);
#171=FACE_OUTER_BOUND('',#289,.T.);
#172=FACE_OUTER_BOUND('',#290,.T.);
#173=FACE_OUTER_BOUND('',#291,.T.);
#174=FACE_OUTER_BOUND('',#292,.T.);
#175=FACE_OUTER_BOUND('',#293,.T.);
#176=FACE_OUTER_BOUND('',#294,.T.);
#177=FACE_OUTER_BOUND('',#295,.T.);
#178=FACE_OUTER_BOUND('',#296,.T.);
#179=FACE_OUTER_BOUND('',#297,.T.);
#180=FACE_OUTER_BOUND('',#298,.T.);
#181=FACE_OUTER_BOUND('',#299,.T.);
#182=FACE_OUTER_BOUND('',#300,.T.);
#183=FACE_OUTER_BOUND('',#301,.T.);
#184=FACE_OUTER_BOUND('',#302,.T.);
#185=FACE_OUTER_BOUND('',#303,.T.);
#186=FACE_OUTER_BOUND('',#304,.T.);
#187=FACE_OUTER_BOUND('',#305,.T.);
#188=FACE_OUTER_BOUND('',#306,.T.);
#189=FACE_OUTER_BOUND('',#307,.T.);
#190=FACE_OUTER_BOUND('',#308,.T.);
#191=FACE_OUTER_BOUND('',#309,.T.);
#192=FACE_OUTER_BOUND('',#310,.T.);
#193=FACE_OUTER_BOUND('',#311,.T.);
#194=FACE_OUTER_BOUND('',#312,.T.);
#195=FACE_OUTER_BOUND('',#313,.T.);
#196=FACE_OUTER_BOUND('',#314,.T.);
#197=FACE_OUTER_BOUND('',#315,.T.);
#198=EDGE_LOOP('',(#1336,#1337,#1338,#1339));
#199=EDGE_LOOP('',(#1340,#1341,#1342,#1343));
#200=EDGE_LOOP('',(#1344,#1345,#1346,#1347,#1348,#1349,#1350,#1351));
#201=EDGE_LOOP('',(#1352,#1353,#1354,#1355,#1356,#1357,#1358,#1359));
#202=EDGE_LOOP('',(#1360,#1361,#1362,#1363,#1364,#1365,#1366,#1367));
#203=EDGE_LOOP('',(#1368,#1369,#1370,#1371,#1372,#1373,#1374,#1375));
#204=EDGE_LOOP('',(#1376));
#205=EDGE_LOOP('',(#1377,#1378,#1379,#1380,#1381,#1382,#1383,#1384));
#206=EDGE_LOOP('',(#1385,#1386,#1387,#1388,#1389,#1390,#1391,#1392));
#207=EDGE_LOOP('',(#1393,#1394,#1395,#1396,#1397,#1398,#1399,#1400));
#208=EDGE_LOOP('',(#1401));
#209=EDGE_LOOP('',(#1402,#1403));
#210=EDGE_LOOP('',(#1404,#1405,#1406,#1407,#1408,#1409,#1410,#1411));
#211=EDGE_LOOP('',(#1412,#1413,#1414,#1415,#1416,#1417,#1418,#1419));
#212=EDGE_LOOP('',(#1420,#1421,#1422,#1423,#1424,#1425,#1426,#1427));
#213=EDGE_LOOP('',(#1428,#1429,#1430,#1431,#1432,#1433,#1434,#1435));
#214=EDGE_LOOP('',(#1436));
#215=EDGE_LOOP('',(#1437,#1438,#1439,#1440,#1441,#1442,#1443,#1444));
#216=EDGE_LOOP('',(#1445,#1446,#1447,#1448));
#217=EDGE_LOOP('',(#1449,#1450,#1451,#1452));
#218=EDGE_LOOP('',(#1453,#1454,#1455,#1456));
#219=EDGE_LOOP('',(#1457,#1458,#1459,#1460));
#220=EDGE_LOOP('',(#1461,#1462,#1463,#1464));
#221=EDGE_LOOP('',(#1465,#1466,#1467,#1468));
#222=EDGE_LOOP('',(#1469,#1470,#1471,#1472));
#223=EDGE_LOOP('',(#1473,#1474,#1475,#1476));
#224=EDGE_LOOP('',(#1477,#1478,#1479,#1480));
#225=EDGE_LOOP('',(#1481,#1482,#1483,#1484));
#226=EDGE_LOOP('',(#1485,#1486,#1487,#1488));
#227=EDGE_LOOP('',(#1489,#1490,#1491,#1492));
#228=EDGE_LOOP('',(#1493,#1494,#1495,#1496));
#229=EDGE_LOOP('',(#1497,#1498,#1499,#1500));
#230=EDGE_LOOP('',(#1501,#1502,#1503,#1504));
#231=EDGE_LOOP('',(#1505,#1506,#1507,#1508));
#232=EDGE_LOOP('',(#1509,#1510,#1511,#1512));
#233=EDGE_LOOP('',(#1513,#1514,#1515,#1516));
#234=EDGE_LOOP('',(#1517,#1518,#1519,#1520));
#235=EDGE_LOOP('',(#1521,#1522,#1523,#1524));
#236=EDGE_LOOP('',(#1525,#1526,#1527,#1528));
#237=EDGE_LOOP('',(#1529,#1530,#1531,#1532));
#238=EDGE_LOOP('',(#1533,#1534,#1535,#1536));
#239=EDGE_LOOP('',(#1537,#1538,#1539,#1540));
#240=EDGE_LOOP('',(#1541,#1542,#1543,#1544));
#241=EDGE_LOOP('',(#1545,#1546,#1547,#1548));
#242=EDGE_LOOP('',(#1549,#1550,#1551,#1552));
#243=EDGE_LOOP('',(#1553,#1554,#1555,#1556));
#244=EDGE_LOOP('',(#1557,#1558,#1559,#1560));
#245=EDGE_LOOP('',(#1561,#1562,#1563,#1564));
#246=EDGE_LOOP('',(#1565,#1566,#1567,#1568));
#247=EDGE_LOOP('',(#1569,#1570,#1571,#1572));
#248=EDGE_LOOP('',(#1573,#1574,#1575,#1576));
#249=EDGE_LOOP('',(#1577,#1578,#1579,#1580));
#250=EDGE_LOOP('',(#1581,#1582,#1583,#1584));
#251=EDGE_LOOP('',(#1585,#1586,#1587,#1588));
#252=EDGE_LOOP('',(#1589,#1590,#1591,#1592));
#253=EDGE_LOOP('',(#1593,#1594,#1595,#1596));
#254=EDGE_LOOP('',(#1597,#1598,#1599,#1600));
#255=EDGE_LOOP('',(#1601,#1602,#1603,#1604));
#256=EDGE_LOOP('',(#1605,#1606,#1607,#1608));
#257=EDGE_LOOP('',(#1609,#1610,#1611,#1612));
#258=EDGE_LOOP('',(#1613,#1614,#1615,#1616));
#259=EDGE_LOOP('',(#1617,#1618,#1619,#1620));
#260=EDGE_LOOP('',(#1621,#1622,#1623,#1624));
#261=EDGE_LOOP('',(#1625,#1626,#1627,#1628));
#262=EDGE_LOOP('',(#1629,#1630,#1631,#1632));
#263=EDGE_LOOP('',(#1633,#1634,#1635,#1636));
#264=EDGE_LOOP('',(#1637,#1638,#1639,#1640));
#265=EDGE_LOOP('',(#1641,#1642,#1643,#1644));
#266=EDGE_LOOP('',(#1645,#1646,#1647,#1648));
#267=EDGE_LOOP('',(#1649,#1650,#1651,#1652));
#268=EDGE_LOOP('',(#1653,#1654,#1655,#1656));
#269=EDGE_LOOP('',(#1657,#1658,#1659,#1660));
#270=EDGE_LOOP('',(#1661,#1662,#1663,#1664));
#271=EDGE_LOOP('',(#1665,#1666,#1667,#1668));
#272=EDGE_LOOP('',(#1669,#1670,#1671,#1672));
#273=EDGE_LOOP('',(#1673,#1674,#1675,#1676));
#274=EDGE_LOOP('',(#1677,#1678,#1679,#1680));
#275=EDGE_LOOP('',(#1681,#1682,#1683,#1684));
#276=EDGE_LOOP('',(#1685,#1686,#1687,#1688));
#277=EDGE_LOOP('',(#1689,#1690,#1691,#1692));
#278=EDGE_LOOP('',(#1693,#1694,#1695,#1696));
#279=EDGE_LOOP('',(#1697,#1698,#1699,#1700));
#280=EDGE_LOOP('',(#1701,#1702,#1703,#1704));
#281=EDGE_LOOP('',(#1705,#1706,#1707,#1708));
#282=EDGE_LOOP('',(#1709,#1710,#1711,#1712));
#283=EDGE_LOOP('',(#1713,#1714,#1715,#1716));
#284=EDGE_LOOP('',(#1717,#1718,#1719,#1720));
#285=EDGE_LOOP('',(#1721,#1722,#1723,#1724));
#286=EDGE_LOOP('',(#1725,#1726,#1727,#1728));
#287=EDGE_LOOP('',(#1729,#1730,#1731,#1732));
#288=EDGE_LOOP('',(#1733,#1734,#1735,#1736));
#289=EDGE_LOOP('',(#1737,#1738,#1739,#1740));
#290=EDGE_LOOP('',(#1741,#1742,#1743,#1744));
#291=EDGE_LOOP('',(#1745,#1746,#1747,#1748));
#292=EDGE_LOOP('',(#1749,#1750,#1751,#1752));
#293=EDGE_LOOP('',(#1753,#1754,#1755,#1756));
#294=EDGE_LOOP('',(#1757,#1758,#1759,#1760));
#295=EDGE_LOOP('',(#1761,#1762,#1763,#1764));
#296=EDGE_LOOP('',(#1765,#1766,#1767,#1768));
#297=EDGE_LOOP('',(#1769,#1770,#1771,#1772));
#298=EDGE_LOOP('',(#1773,#1774,#1775,#1776));
#299=EDGE_LOOP('',(#1777,#1778,#1779,#1780));
#300=EDGE_LOOP('',(#1781,#1782,#1783,#1784));
#301=EDGE_LOOP('',(#1785,#1786,#1787,#1788));
#302=EDGE_LOOP('',(#1789,#1790,#1791,#1792));
#303=EDGE_LOOP('',(#1793,#1794,#1795,#1796));
#304=EDGE_LOOP('',(#1797,#1798,#1799,#1800));
#305=EDGE_LOOP('',(#1801,#1802,#1803,#1804));
#306=EDGE_LOOP('',(#1805,#1806,#1807,#1808));
#307=EDGE_LOOP('',(#1809,#1810,#1811,#1812));
#308=EDGE_LOOP('',(#1813,#1814,#1815,#1816));
#309=EDGE_LOOP('',(#1817,#1818,#1819,#1820));
#310=EDGE_LOOP('',(#1821,#1822,#1823,#1824));
#311=EDGE_LOOP('',(#1825,#1826,#1827,#1828));
#312=EDGE_LOOP('',(#1829,#1830,#1831,#1832));
#313=EDGE_LOOP('',(#1833,#1834,#1835,#1836));
#314=EDGE_LOOP('',(#1837,#1838,#1839,#1840));
#315=EDGE_LOOP('',(#1841,#1842,#1843,#1844,#1845,#1846,#1847,#1848));
#316=EDGE_LOOP('',(#1849,#1850,#1851,#1852,#1853,#1854,#1855,#1856));
#317=EDGE_LOOP('',(#1857,#1858,#1859,#1860,#1861,#1862,#1863,#1864));
#318=EDGE_LOOP('',(#1865,#1866,#1867,#1868,#1869,#1870,#1871,#1872));
#319=EDGE_LOOP('',(#1873));
#320=EDGE_LOOP('',(#1874,#1875,#1876,#1877,#1878,#1879,#1880,#1881));
#321=EDGE_LOOP('',(#1882,#1883,#1884,#1885,#1886,#1887,#1888,#1889));
#322=EDGE_LOOP('',(#1890,#1891,#1892,#1893,#1894,#1895,#1896,#1897));
#323=EDGE_LOOP('',(#1898));
#324=EDGE_LOOP('',(#1899,#1900));
#325=EDGE_LOOP('',(#1901,#1902,#1903,#1904,#1905,#1906,#1907,#1908));
#326=EDGE_LOOP('',(#1909,#1910,#1911,#1912,#1913,#1914,#1915,#1916));
#327=EDGE_LOOP('',(#1917,#1918,#1919,#1920,#1921,#1922,#1923,#1924));
#328=EDGE_LOOP('',(#1925,#1926,#1927,#1928,#1929,#1930,#1931,#1932));
#329=EDGE_LOOP('',(#1933));
#330=EDGE_LOOP('',(#1934,#1935,#1936,#1937,#1938,#1939,#1940,#1941));
#331=LINE('',#2944,#528);
#332=LINE('',#2947,#529);
#333=LINE('',#2950,#530);
#334=LINE('',#2952,#531);
#335=LINE('',#2953,#532);
#336=LINE('',#2956,#533);
#337=LINE('',#2960,#534);
#338=LINE('',#2964,#535);
#339=LINE('',#2968,#536);
#340=LINE('',#2972,#537);
#341=LINE('',#2976,#538);
#342=LINE('',#2980,#539);
#343=LINE('',#2984,#540);
#344=LINE('',#2988,#541);
#345=LINE('',#2992,#542);
#346=LINE('',#2996,#543);
#347=LINE('',#3002,#544);
#348=LINE('',#3006,#545);
#349=LINE('',#3010,#546);
#350=LINE('',#3013,#547);
#351=LINE('',#3020,#548);
#352=LINE('',#3024,#549);
#353=LINE('',#3028,#550);
#354=LINE('',#3031,#551);
#355=LINE('',#3036,#552);
#356=LINE('',#3040,#553);
#357=LINE('',#3044,#554);
#358=LINE('',#3047,#555);
#359=LINE('',#3052,#556);
#360=LINE('',#3056,#557);
#361=LINE('',#3060,#558);
#362=LINE('',#3063,#559);
#363=LINE('',#3074,#560);
#364=LINE('',#3078,#561);
#365=LINE('',#3082,#562);
#366=LINE('',#3085,#563);
#367=LINE('',#3090,#564);
#368=LINE('',#3094,#565);
#369=LINE('',#3098,#566);
#370=LINE('',#3101,#567);
#371=LINE('',#3106,#568);
#372=LINE('',#3110,#569);
#373=LINE('',#3114,#570);
#374=LINE('',#3117,#571);
#375=LINE('',#3122,#572);
#376=LINE('',#3126,#573);
#377=LINE('',#3130,#574);
#378=LINE('',#3133,#575);
#379=LINE('',#3140,#576);
#380=LINE('',#3144,#577);
#381=LINE('',#3148,#578);
#382=LINE('',#3151,#579);
#383=LINE('',#3156,#580);
#384=LINE('',#3157,#581);
#385=LINE('',#3160,#582);
#386=LINE('',#3161,#583);
#387=LINE('',#3165,#584);
#388=LINE('',#3169,#585);
#389=LINE('',#3172,#586);
#390=LINE('',#3175,#587);
#391=LINE('',#3178,#588);
#392=LINE('',#3179,#589);
#393=LINE('',#3182,#590);
#394=LINE('',#3185,#591);
#395=LINE('',#3188,#592);
#396=LINE('',#3189,#593);
#397=LINE('',#3192,#594);
#398=LINE('',#3196,#595);
#399=LINE('',#3197,#596);
#400=LINE('',#3201,#597);
#401=LINE('',#3206,#598);
#402=LINE('',#3207,#599);
#403=LINE('',#3210,#600);
#404=LINE('',#3211,#601);
#405=LINE('',#3215,#602);
#406=LINE('',#3220,#603);
#407=LINE('',#3221,#604);
#408=LINE('',#3224,#605);
#409=LINE('',#3225,#606);
#410=LINE('',#3229,#607);
#411=LINE('',#3231,#608);
#412=LINE('',#3233,#609);
#413=LINE('',#3236,#610);
#414=LINE('',#3238,#611);
#415=LINE('',#3239,#612);
#416=LINE('',#3243,#613);
#417=LINE('',#3246,#614);
#418=LINE('',#3247,#615);
#419=LINE('',#3251,#616);
#420=LINE('',#3254,#617);
#421=LINE('',#3255,#618);
#422=LINE('',#3259,#619);
#423=LINE('',#3262,#620);
#424=LINE('',#3263,#621);
#425=LINE('',#3269,#622);
#426=LINE('',#3272,#623);
#427=LINE('',#3274,#624);
#428=LINE('',#3275,#625);
#429=LINE('',#3279,#626);
#430=LINE('',#3282,#627);
#431=LINE('',#3283,#628);
#432=LINE('',#3287,#629);
#433=LINE('',#3290,#630);
#434=LINE('',#3291,#631);
#435=LINE('',#3295,#632);
#436=LINE('',#3298,#633);
#437=LINE('',#3299,#634);
#438=LINE('',#3304,#635);
#439=LINE('',#3306,#636);
#440=LINE('',#3307,#637);
#441=LINE('',#3311,#638);
#442=LINE('',#3314,#639);
#443=LINE('',#3315,#640);
#444=LINE('',#3319,#641);
#445=LINE('',#3322,#642);
#446=LINE('',#3323,#643);
#447=LINE('',#3327,#644);
#448=LINE('',#3330,#645);
#449=LINE('',#3331,#646);
#450=LINE('',#3336,#647);
#451=LINE('',#3338,#648);
#452=LINE('',#3339,#649);
#453=LINE('',#3343,#650);
#454=LINE('',#3346,#651);
#455=LINE('',#3347,#652);
#456=LINE('',#3351,#653);
#457=LINE('',#3354,#654);
#458=LINE('',#3355,#655);
#459=LINE('',#3359,#656);
#460=LINE('',#3362,#657);
#461=LINE('',#3363,#658);
#462=LINE('',#3368,#659);
#463=LINE('',#3370,#660);
#464=LINE('',#3371,#661);
#465=LINE('',#3375,#662);
#466=LINE('',#3378,#663);
#467=LINE('',#3379,#664);
#468=LINE('',#3383,#665);
#469=LINE('',#3386,#666);
#470=LINE('',#3387,#667);
#471=LINE('',#3391,#668);
#472=LINE('',#3394,#669);
#473=LINE('',#3395,#670);
#474=LINE('',#3400,#671);
#475=LINE('',#3403,#672);
#476=LINE('',#3409,#673);
#477=LINE('',#3412,#674);
#478=LINE('',#3414,#675);
#479=LINE('',#3415,#676);
#480=LINE('',#3419,#677);
#481=LINE('',#3422,#678);
#482=LINE('',#3423,#679);
#483=LINE('',#3427,#680);
#484=LINE('',#3430,#681);
#485=LINE('',#3431,#682);
#486=LINE('',#3435,#683);
#487=LINE('',#3438,#684);
#488=LINE('',#3439,#685);
#489=LINE('',#3444,#686);
#490=LINE('',#3446,#687);
#491=LINE('',#3447,#688);
#492=LINE('',#3451,#689);
#493=LINE('',#3454,#690);
#494=LINE('',#3455,#691);
#495=LINE('',#3459,#692);
#496=LINE('',#3462,#693);
#497=LINE('',#3463,#694);
#498=LINE('',#3467,#695);
#499=LINE('',#3470,#696);
#500=LINE('',#3471,#697);
#501=LINE('',#3476,#698);
#502=LINE('',#3478,#699);
#503=LINE('',#3479,#700);
#504=LINE('',#3483,#701);
#505=LINE('',#3486,#702);
#506=LINE('',#3487,#703);
#507=LINE('',#3491,#704);
#508=LINE('',#3494,#705);
#509=LINE('',#3495,#706);
#510=LINE('',#3499,#707);
#511=LINE('',#3502,#708);
#512=LINE('',#3503,#709);
#513=LINE('',#3509,#710);
#514=LINE('',#3512,#711);
#515=LINE('',#3514,#712);
#516=LINE('',#3515,#713);
#517=LINE('',#3519,#714);
#518=LINE('',#3522,#715);
#519=LINE('',#3523,#716);
#520=LINE('',#3527,#717);
#521=LINE('',#3530,#718);
#522=LINE('',#3531,#719);
#523=LINE('',#3535,#720);
#524=LINE('',#3538,#721);
#525=LINE('',#3539,#722);
#526=LINE('',#3543,#723);
#527=LINE('',#3545,#724);
#528=VECTOR('',#2327,10.);
#529=VECTOR('',#2330,10.);
#530=VECTOR('',#2333,10.);
#531=VECTOR('',#2334,10.);
#532=VECTOR('',#2335,10.);
#533=VECTOR('',#2338,10.);
#534=VECTOR('',#2341,10.);
#535=VECTOR('',#2344,10.);
#536=VECTOR('',#2347,10.);
#537=VECTOR('',#2350,10.);
#538=VECTOR('',#2353,10.);
#539=VECTOR('',#2356,10.);
#540=VECTOR('',#2359,10.);
#541=VECTOR('',#2362,10.);
#542=VECTOR('',#2365,10.);
#543=VECTOR('',#2368,10.);
#544=VECTOR('',#2373,10.);
#545=VECTOR('',#2376,10.);
#546=VECTOR('',#2379,10.);
#547=VECTOR('',#2382,10.);
#548=VECTOR('',#2387,10.);
#549=VECTOR('',#2390,10.);
#550=VECTOR('',#2393,10.);
#551=VECTOR('',#2396,10.);
#552=VECTOR('',#2399,10.);
#553=VECTOR('',#2402,10.);
#554=VECTOR('',#2405,10.);
#555=VECTOR('',#2408,10.);
#556=VECTOR('',#2411,10.);
#557=VECTOR('',#2414,10.);
#558=VECTOR('',#2417,10.);
#559=VECTOR('',#2420,10.);
#560=VECTOR('',#2429,10.);
#561=VECTOR('',#2432,10.);
#562=VECTOR('',#2435,10.);
#563=VECTOR('',#2438,10.);
#564=VECTOR('',#2441,10.);
#565=VECTOR('',#2444,10.);
#566=VECTOR('',#2447,10.);
#567=VECTOR('',#2450,10.);
#568=VECTOR('',#2453,10.);
#569=VECTOR('',#2456,10.);
#570=VECTOR('',#2459,10.);
#571=VECTOR('',#2462,10.);
#572=VECTOR('',#2465,10.);
#573=VECTOR('',#2468,10.);
#574=VECTOR('',#2471,10.);
#575=VECTOR('',#2474,10.);
#576=VECTOR('',#2479,10.);
#577=VECTOR('',#2482,10.);
#578=VECTOR('',#2485,10.);
#579=VECTOR('',#2488,10.);
#580=VECTOR('',#2493,10.);
#581=VECTOR('',#2494,10.);
#582=VECTOR('',#2497,10.);
#583=VECTOR('',#2498,10.);
#584=VECTOR('',#2503,10.);
#585=VECTOR('',#2508,10.);
#586=VECTOR('',#2511,2.);
#587=VECTOR('',#2514,2.);
#588=VECTOR('',#2517,10.);
#589=VECTOR('',#2518,10.);
#590=VECTOR('',#2521,10.);
#591=VECTOR('',#2524,10.);
#592=VECTOR('',#2527,10.);
#593=VECTOR('',#2528,10.);
#594=VECTOR('',#2531,10.);
#595=VECTOR('',#2536,10.);
#596=VECTOR('',#2537,10.);
#597=VECTOR('',#2544,10.);
#598=VECTOR('',#2549,10.);
#599=VECTOR('',#2550,10.);
#600=VECTOR('',#2553,10.);
#601=VECTOR('',#2554,10.);
#602=VECTOR('',#2559,10.);
#603=VECTOR('',#2564,10.);
#604=VECTOR('',#2565,10.);
#605=VECTOR('',#2568,10.);
#606=VECTOR('',#2569,10.);
#607=VECTOR('',#2574,10.);
#608=VECTOR('',#2577,10.);
#609=VECTOR('',#2580,10.);
#610=VECTOR('',#2583,10.);
#611=VECTOR('',#2584,10.);
#612=VECTOR('',#2585,10.);
#613=VECTOR('',#2590,10.);
#614=VECTOR('',#2593,10.);
#615=VECTOR('',#2594,10.);
#616=VECTOR('',#2599,10.);
#617=VECTOR('',#2602,10.);
#618=VECTOR('',#2603,10.);
#619=VECTOR('',#2608,10.);
#620=VECTOR('',#2611,10.);
#621=VECTOR('',#2612,10.);
#622=VECTOR('',#2621,1.45);
#623=VECTOR('',#2624,10.);
#624=VECTOR('',#2625,10.);
#625=VECTOR('',#2626,10.);
#626=VECTOR('',#2631,10.);
#627=VECTOR('',#2634,10.);
#628=VECTOR('',#2635,10.);
#629=VECTOR('',#2640,10.);
#630=VECTOR('',#2643,10.);
#631=VECTOR('',#2644,10.);
#632=VECTOR('',#2649,10.);
#633=VECTOR('',#2652,10.);
#634=VECTOR('',#2653,10.);
#635=VECTOR('',#2660,10.);
#636=VECTOR('',#2661,10.);
#637=VECTOR('',#2662,10.);
#638=VECTOR('',#2667,10.);
#639=VECTOR('',#2670,10.);
#640=VECTOR('',#2671,10.);
#641=VECTOR('',#2676,10.);
#642=VECTOR('',#2679,10.);
#643=VECTOR('',#2680,10.);
#644=VECTOR('',#2685,10.);
#645=VECTOR('',#2688,10.);
#646=VECTOR('',#2689,10.);
#647=VECTOR('',#2696,10.);
#648=VECTOR('',#2697,10.);
#649=VECTOR('',#2698,10.);
#650=VECTOR('',#2703,10.);
#651=VECTOR('',#2706,10.);
#652=VECTOR('',#2707,10.);
#653=VECTOR('',#2712,10.);
#654=VECTOR('',#2715,10.);
#655=VECTOR('',#2716,10.);
#656=VECTOR('',#2721,10.);
#657=VECTOR('',#2724,10.);
#658=VECTOR('',#2725,10.);
#659=VECTOR('',#2732,10.);
#660=VECTOR('',#2733,10.);
#661=VECTOR('',#2734,10.);
#662=VECTOR('',#2739,10.);
#663=VECTOR('',#2742,10.);
#664=VECTOR('',#2743,10.);
#665=VECTOR('',#2748,10.);
#666=VECTOR('',#2751,10.);
#667=VECTOR('',#2752,10.);
#668=VECTOR('',#2757,10.);
#669=VECTOR('',#2760,10.);
#670=VECTOR('',#2761,10.);
#671=VECTOR('',#2768,10.);
#672=VECTOR('',#2771,10.);
#673=VECTOR('',#2780,1.45);
#674=VECTOR('',#2783,10.);
#675=VECTOR('',#2784,10.);
#676=VECTOR('',#2785,10.);
#677=VECTOR('',#2790,10.);
#678=VECTOR('',#2793,10.);
#679=VECTOR('',#2794,10.);
#680=VECTOR('',#2799,10.);
#681=VECTOR('',#2802,10.);
#682=VECTOR('',#2803,10.);
#683=VECTOR('',#2808,10.);
#684=VECTOR('',#2811,10.);
#685=VECTOR('',#2812,10.);
#686=VECTOR('',#2819,10.);
#687=VECTOR('',#2820,10.);
#688=VECTOR('',#2821,10.);
#689=VECTOR('',#2826,10.);
#690=VECTOR('',#2829,10.);
#691=VECTOR('',#2830,10.);
#692=VECTOR('',#2835,10.);
#693=VECTOR('',#2838,10.);
#694=VECTOR('',#2839,10.);
#695=VECTOR('',#2844,10.);
#696=VECTOR('',#2847,10.);
#697=VECTOR('',#2848,10.);
#698=VECTOR('',#2855,10.);
#699=VECTOR('',#2856,10.);
#700=VECTOR('',#2857,10.);
#701=VECTOR('',#2862,10.);
#702=VECTOR('',#2865,10.);
#703=VECTOR('',#2866,10.);
#704=VECTOR('',#2871,10.);
#705=VECTOR('',#2874,10.);
#706=VECTOR('',#2875,10.);
#707=VECTOR('',#2880,10.);
#708=VECTOR('',#2883,10.);
#709=VECTOR('',#2884,10.);
#710=VECTOR('',#2893,1.45);
#711=VECTOR('',#2896,10.);
#712=VECTOR('',#2897,10.);
#713=VECTOR('',#2898,10.);
#714=VECTOR('',#2903,10.);
#715=VECTOR('',#2906,10.);
#716=VECTOR('',#2907,10.);
#717=VECTOR('',#2912,10.);
#718=VECTOR('',#2915,10.);
#719=VECTOR('',#2916,10.);
#720=VECTOR('',#2921,10.);
#721=VECTOR('',#2924,10.);
#722=VECTOR('',#2925,10.);
#723=VECTOR('',#2932,10.);
#724=VECTOR('',#2935,10.);
#725=CIRCLE('',#2113,3.);
#726=CIRCLE('',#2114,3.);
#727=CIRCLE('',#2117,3.);
#728=CIRCLE('',#2118,3.);
#729=CIRCLE('',#2119,3.);
#730=CIRCLE('',#2120,2.);
#731=CIRCLE('',#2121,2.);
#732=CIRCLE('',#2122,2.);
#733=CIRCLE('',#2123,2.);
#734=CIRCLE('',#2124,1.);
#735=CIRCLE('',#2125,1.);
#736=CIRCLE('',#2126,1.);
#737=CIRCLE('',#2127,1.);
#738=CIRCLE('',#2128,0.499999999999998);
#739=CIRCLE('',#2129,0.500000000000003);
#740=CIRCLE('',#2130,0.5);
#741=CIRCLE('',#2131,0.500000000000007);
#742=CIRCLE('',#2132,1.45);
#743=CIRCLE('',#2133,0.5);
#744=CIRCLE('',#2134,0.500000000000007);
#745=CIRCLE('',#2135,0.5);
#746=CIRCLE('',#2136,0.499999999999998);
#747=CIRCLE('',#2137,0.500000000000005);
#748=CIRCLE('',#2138,0.5);
#749=CIRCLE('',#2139,0.500000000000003);
#750=CIRCLE('',#2140,0.499999999999998);
#751=CIRCLE('',#2141,0.500000000000002);
#752=CIRCLE('',#2142,0.499999999999989);
#753=CIRCLE('',#2143,0.5);
#754=CIRCLE('',#2144,0.500000000000007);
#755=CIRCLE('',#2145,1.45);
#756=CIRCLE('',#2146,1.45);
#757=CIRCLE('',#2147,1.45);
#758=CIRCLE('',#2148,0.499999999999989);
#759=CIRCLE('',#2149,0.499999999999998);
#760=CIRCLE('',#2150,0.500000000000007);
#761=CIRCLE('',#2151,0.5);
#762=CIRCLE('',#2152,0.500000000000003);
#763=CIRCLE('',#2153,0.499999999999998);
#764=CIRCLE('',#2154,0.499999999999998);
#765=CIRCLE('',#2155,0.500000000000007);
#766=CIRCLE('',#2156,0.499999999999989);
#767=CIRCLE('',#2157,0.499999999999998);
#768=CIRCLE('',#2158,0.500000000000007);
#769=CIRCLE('',#2159,0.499999999999998);
#770=CIRCLE('',#2160,0.499999999999998);
#771=CIRCLE('',#2161,0.500000000000007);
#772=CIRCLE('',#2162,0.500000000000003);
#773=CIRCLE('',#2163,0.499999999999998);
#774=CIRCLE('',#2164,1.45);
#775=CIRCLE('',#2165,0.500000000000004);
#776=CIRCLE('',#2166,0.5);
#777=CIRCLE('',#2167,0.500000000000003);
#778=CIRCLE('',#2168,0.499999999999998);
#779=CIRCLE('',#2170,3.);
#780=CIRCLE('',#2173,3.);
#781=CIRCLE('',#2175,3.);
#782=CIRCLE('',#2177,2.);
#783=CIRCLE('',#2180,2.);
#784=CIRCLE('',#2183,2.);
#785=CIRCLE('',#2186,2.);
#786=CIRCLE('',#2189,1.);
#787=CIRCLE('',#2192,1.);
#788=CIRCLE('',#2194,1.);
#789=CIRCLE('',#2197,1.);
#790=CIRCLE('',#2202,0.5);
#791=CIRCLE('',#2205,0.500000000000003);
#792=CIRCLE('',#2208,0.499999999999998);
#793=CIRCLE('',#2211,0.500000000000004);
#794=CIRCLE('',#2213,1.45);
#795=CIRCLE('',#2216,0.500000000000007);
#796=CIRCLE('',#2219,0.500000000000003);
#797=CIRCLE('',#2222,0.499999999999998);
#798=CIRCLE('',#2225,0.499999999999998);
#799=CIRCLE('',#2228,0.499999999999998);
#800=CIRCLE('',#2231,0.500000000000007);
#801=CIRCLE('',#2234,0.499999999999998);
#802=CIRCLE('',#2237,0.499999999999989);
#803=CIRCLE('',#2240,0.499999999999998);
#804=CIRCLE('',#2243,0.499999999999998);
#805=CIRCLE('',#2246,0.500000000000007);
#806=CIRCLE('',#2249,0.500000000000003);
#807=CIRCLE('',#2252,0.499999999999998);
#808=CIRCLE('',#2255,0.500000000000007);
#809=CIRCLE('',#2258,0.5);
#810=CIRCLE('',#2261,0.499999999999989);
#811=CIRCLE('',#2263,1.45);
#812=CIRCLE('',#2265,1.45);
#813=CIRCLE('',#2267,1.45);
#814=CIRCLE('',#2270,0.499999999999989);
#815=CIRCLE('',#2273,0.5);
#816=CIRCLE('',#2276,0.500000000000007);
#817=CIRCLE('',#2279,0.500000000000002);
#818=CIRCLE('',#2282,0.5);
#819=CIRCLE('',#2285,0.500000000000003);
#820=CIRCLE('',#2288,0.499999999999998);
#821=CIRCLE('',#2291,0.500000000000005);
#822=CIRCLE('',#2294,0.500000000000007);
#823=CIRCLE('',#2297,0.5);
#824=CIRCLE('',#2300,0.499999999999998);
#825=CIRCLE('',#2303,0.5);
#826=CIRCLE('',#2305,1.45);
#827=CIRCLE('',#2308,0.500000000000003);
#828=CIRCLE('',#2311,0.5);
#829=CIRCLE('',#2314,0.500000000000007);
#830=CIRCLE('',#2317,0.499999999999998);
#831=VERTEX_POINT('',#2940);
#832=VERTEX_POINT('',#2941);
#833=VERTEX_POINT('',#2943);
#834=VERTEX_POINT('',#2945);
#835=VERTEX_POINT('',#2949);
#836=VERTEX_POINT('',#2951);
#837=VERTEX_POINT('',#2955);
#838=VERTEX_POINT('',#2957);
#839=VERTEX_POINT('',#2959);
#840=VERTEX_POINT('',#2961);
#841=VERTEX_POINT('',#2963);
#842=VERTEX_POINT('',#2966);
#843=VERTEX_POINT('',#2967);
#844=VERTEX_POINT('',#2969);
#845=VERTEX_POINT('',#2971);
#846=VERTEX_POINT('',#2973);
#847=VERTEX_POINT('',#2975);
#848=VERTEX_POINT('',#2977);
#849=VERTEX_POINT('',#2979);
#850=VERTEX_POINT('',#2982);
#851=VERTEX_POINT('',#2983);
#852=VERTEX_POINT('',#2985);
#853=VERTEX_POINT('',#2987);
#854=VERTEX_POINT('',#2989);
#855=VERTEX_POINT('',#2991);
#856=VERTEX_POINT('',#2993);
#857=VERTEX_POINT('',#2995);
#858=VERTEX_POINT('',#2998);
#859=VERTEX_POINT('',#2999);
#860=VERTEX_POINT('',#3001);
#861=VERTEX_POINT('',#3003);
#862=VERTEX_POINT('',#3005);
#863=VERTEX_POINT('',#3007);
#864=VERTEX_POINT('',#3009);
#865=VERTEX_POINT('',#3011);
#866=VERTEX_POINT('',#3014);
#867=VERTEX_POINT('',#3016);
#868=VERTEX_POINT('',#3017);
#869=VERTEX_POINT('',#3019);
#870=VERTEX_POINT('',#3021);
#871=VERTEX_POINT('',#3023);
#872=VERTEX_POINT('',#3025);
#873=VERTEX_POINT('',#3027);
#874=VERTEX_POINT('',#3029);
#875=VERTEX_POINT('',#3032);
#876=VERTEX_POINT('',#3033);
#877=VERTEX_POINT('',#3035);
#878=VERTEX_POINT('',#3037);
#879=VERTEX_POINT('',#3039);
#880=VERTEX_POINT('',#3041);
#881=VERTEX_POINT('',#3043);
#882=VERTEX_POINT('',#3045);
#883=VERTEX_POINT('',#3048);
#884=VERTEX_POINT('',#3049);
#885=VERTEX_POINT('',#3051);
#886=VERTEX_POINT('',#3053);
#887=VERTEX_POINT('',#3055);
#888=VERTEX_POINT('',#3057);
#889=VERTEX_POINT('',#3059);
#890=VERTEX_POINT('',#3061);
#891=VERTEX_POINT('',#3064);
#892=VERTEX_POINT('',#3066);
#893=VERTEX_POINT('',#3067);
#894=VERTEX_POINT('',#3070);
#895=VERTEX_POINT('',#3071);
#896=VERTEX_POINT('',#3073);
#897=VERTEX_POINT('',#3075);
#898=VERTEX_POINT('',#3077);
#899=VERTEX_POINT('',#3079);
#900=VERTEX_POINT('',#3081);
#901=VERTEX_POINT('',#3083);
#902=VERTEX_POINT('',#3086);
#903=VERTEX_POINT('',#3087);
#904=VERTEX_POINT('',#3089);
#905=VERTEX_POINT('',#3091);
#906=VERTEX_POINT('',#3093);
#907=VERTEX_POINT('',#3095);
#908=VERTEX_POINT('',#3097);
#909=VERTEX_POINT('',#3099);
#910=VERTEX_POINT('',#3102);
#911=VERTEX_POINT('',#3103);
#912=VERTEX_POINT('',#3105);
#913=VERTEX_POINT('',#3107);
#914=VERTEX_POINT('',#3109);
#915=VERTEX_POINT('',#3111);
#916=VERTEX_POINT('',#3113);
#917=VERTEX_POINT('',#3115);
#918=VERTEX_POINT('',#3118);
#919=VERTEX_POINT('',#3119);
#920=VERTEX_POINT('',#3121);
#921=VERTEX_POINT('',#3123);
#922=VERTEX_POINT('',#3125);
#923=VERTEX_POINT('',#3127);
#924=VERTEX_POINT('',#3129);
#925=VERTEX_POINT('',#3131);
#926=VERTEX_POINT('',#3134);
#927=VERTEX_POINT('',#3136);
#928=VERTEX_POINT('',#3137);
#929=VERTEX_POINT('',#3139);
#930=VERTEX_POINT('',#3141);
#931=VERTEX_POINT('',#3143);
#932=VERTEX_POINT('',#3145);
#933=VERTEX_POINT('',#3147);
#934=VERTEX_POINT('',#3149);
#935=VERTEX_POINT('',#3153);
#936=VERTEX_POINT('',#3154);
#937=VERTEX_POINT('',#3159);
#938=VERTEX_POINT('',#3163);
#939=VERTEX_POINT('',#3167);
#940=VERTEX_POINT('',#3171);
#941=VERTEX_POINT('',#3173);
#942=VERTEX_POINT('',#3177);
#943=VERTEX_POINT('',#3181);
#944=VERTEX_POINT('',#3183);
#945=VERTEX_POINT('',#3187);
#946=VERTEX_POINT('',#3191);
#947=VERTEX_POINT('',#3195);
#948=VERTEX_POINT('',#3203);
#949=VERTEX_POINT('',#3204);
#950=VERTEX_POINT('',#3209);
#951=VERTEX_POINT('',#3213);
#952=VERTEX_POINT('',#3217);
#953=VERTEX_POINT('',#3218);
#954=VERTEX_POINT('',#3223);
#955=VERTEX_POINT('',#3227);
#956=VERTEX_POINT('',#3235);
#957=VERTEX_POINT('',#3237);
#958=VERTEX_POINT('',#3241);
#959=VERTEX_POINT('',#3245);
#960=VERTEX_POINT('',#3249);
#961=VERTEX_POINT('',#3253);
#962=VERTEX_POINT('',#3257);
#963=VERTEX_POINT('',#3261);
#964=VERTEX_POINT('',#3267);
#965=VERTEX_POINT('',#3271);
#966=VERTEX_POINT('',#3273);
#967=VERTEX_POINT('',#3277);
#968=VERTEX_POINT('',#3281);
#969=VERTEX_POINT('',#3285);
#970=VERTEX_POINT('',#3289);
#971=VERTEX_POINT('',#3293);
#972=VERTEX_POINT('',#3297);
#973=VERTEX_POINT('',#3303);
#974=VERTEX_POINT('',#3305);
#975=VERTEX_POINT('',#3309);
#976=VERTEX_POINT('',#3313);
#977=VERTEX_POINT('',#3317);
#978=VERTEX_POINT('',#3321);
#979=VERTEX_POINT('',#3325);
#980=VERTEX_POINT('',#3329);
#981=VERTEX_POINT('',#3335);
#982=VERTEX_POINT('',#3337);
#983=VERTEX_POINT('',#3341);
#984=VERTEX_POINT('',#3345);
#985=VERTEX_POINT('',#3349);
#986=VERTEX_POINT('',#3353);
#987=VERTEX_POINT('',#3357);
#988=VERTEX_POINT('',#3361);
#989=VERTEX_POINT('',#3367);
#990=VERTEX_POINT('',#3369);
#991=VERTEX_POINT('',#3373);
#992=VERTEX_POINT('',#3377);
#993=VERTEX_POINT('',#3381);
#994=VERTEX_POINT('',#3385);
#995=VERTEX_POINT('',#3389);
#996=VERTEX_POINT('',#3393);
#997=VERTEX_POINT('',#3399);
#998=VERTEX_POINT('',#3401);
#999=VERTEX_POINT('',#3407);
#1000=VERTEX_POINT('',#3411);
#1001=VERTEX_POINT('',#3413);
#1002=VERTEX_POINT('',#3417);
#1003=VERTEX_POINT('',#3421);
#1004=VERTEX_POINT('',#3425);
#1005=VERTEX_POINT('',#3429);
#1006=VERTEX_POINT('',#3433);
#1007=VERTEX_POINT('',#3437);
#1008=VERTEX_POINT('',#3443);
#1009=VERTEX_POINT('',#3445);
#1010=VERTEX_POINT('',#3449);
#1011=VERTEX_POINT('',#3453);
#1012=VERTEX_POINT('',#3457);
#1013=VERTEX_POINT('',#3461);
#1014=VERTEX_POINT('',#3465);
#1015=VERTEX_POINT('',#3469);
#1016=VERTEX_POINT('',#3475);
#1017=VERTEX_POINT('',#3477);
#1018=VERTEX_POINT('',#3481);
#1019=VERTEX_POINT('',#3485);
#1020=VERTEX_POINT('',#3489);
#1021=VERTEX_POINT('',#3493);
#1022=VERTEX_POINT('',#3497);
#1023=VERTEX_POINT('',#3501);
#1024=VERTEX_POINT('',#3507);
#1025=VERTEX_POINT('',#3511);
#1026=VERTEX_POINT('',#3513);
#1027=VERTEX_POINT('',#3517);
#1028=VERTEX_POINT('',#3521);
#1029=VERTEX_POINT('',#3525);
#1030=VERTEX_POINT('',#3529);
#1031=VERTEX_POINT('',#3533);
#1032=VERTEX_POINT('',#3537);
#1033=EDGE_CURVE('',#831,#832,#725,.T.);
#1034=EDGE_CURVE('',#832,#833,#331,.T.);
#1035=EDGE_CURVE('',#833,#834,#726,.T.);
#1036=EDGE_CURVE('',#834,#831,#332,.T.);
#1037=EDGE_CURVE('',#834,#835,#333,.T.);
#1038=EDGE_CURVE('',#836,#835,#334,.T.);
#1039=EDGE_CURVE('',#831,#836,#335,.T.);
#1040=EDGE_CURVE('',#837,#833,#336,.T.);
#1041=EDGE_CURVE('',#838,#837,#727,.T.);
#1042=EDGE_CURVE('',#839,#838,#337,.T.);
#1043=EDGE_CURVE('',#840,#839,#728,.T.);
#1044=EDGE_CURVE('',#841,#840,#338,.T.);
#1045=EDGE_CURVE('',#835,#841,#729,.T.);
#1046=EDGE_CURVE('',#842,#843,#339,.T.);
#1047=EDGE_CURVE('',#844,#843,#730,.T.);
#1048=EDGE_CURVE('',#844,#845,#340,.T.);
#1049=EDGE_CURVE('',#846,#845,#731,.T.);
#1050=EDGE_CURVE('',#846,#847,#341,.T.);
#1051=EDGE_CURVE('',#848,#847,#732,.T.);
#1052=EDGE_CURVE('',#848,#849,#342,.T.);
#1053=EDGE_CURVE('',#849,#842,#733,.F.);
#1054=EDGE_CURVE('',#850,#851,#343,.T.);
#1055=EDGE_CURVE('',#852,#851,#734,.T.);
#1056=EDGE_CURVE('',#852,#853,#344,.T.);
#1057=EDGE_CURVE('',#854,#853,#735,.T.);
#1058=EDGE_CURVE('',#854,#855,#345,.T.);
#1059=EDGE_CURVE('',#856,#855,#736,.T.);
#1060=EDGE_CURVE('',#856,#857,#346,.T.);
#1061=EDGE_CURVE('',#850,#857,#737,.T.);
#1062=EDGE_CURVE('',#858,#859,#738,.T.);
#1063=EDGE_CURVE('',#860,#858,#347,.T.);
#1064=EDGE_CURVE('',#861,#860,#739,.T.);
#1065=EDGE_CURVE('',#862,#861,#348,.T.);
#1066=EDGE_CURVE('',#863,#862,#740,.T.);
#1067=EDGE_CURVE('',#864,#863,#349,.T.);
#1068=EDGE_CURVE('',#865,#864,#741,.T.);
#1069=EDGE_CURVE('',#859,#865,#350,.T.);
#1070=EDGE_CURVE('',#866,#866,#742,.T.);
#1071=EDGE_CURVE('',#867,#868,#743,.T.);
#1072=EDGE_CURVE('',#869,#867,#351,.T.);
#1073=EDGE_CURVE('',#870,#869,#744,.T.);
#1074=EDGE_CURVE('',#871,#870,#352,.T.);
#1075=EDGE_CURVE('',#872,#871,#745,.T.);
#1076=EDGE_CURVE('',#873,#872,#353,.T.);
#1077=EDGE_CURVE('',#874,#873,#746,.T.);
#1078=EDGE_CURVE('',#868,#874,#354,.T.);
#1079=EDGE_CURVE('',#875,#876,#747,.T.);
#1080=EDGE_CURVE('',#877,#875,#355,.T.);
#1081=EDGE_CURVE('',#878,#877,#748,.T.);
#1082=EDGE_CURVE('',#879,#878,#356,.T.);
#1083=EDGE_CURVE('',#880,#879,#749,.T.);
#1084=EDGE_CURVE('',#881,#880,#357,.T.);
#1085=EDGE_CURVE('',#882,#881,#750,.T.);
#1086=EDGE_CURVE('',#876,#882,#358,.T.);
#1087=EDGE_CURVE('',#883,#884,#751,.T.);
#1088=EDGE_CURVE('',#885,#883,#359,.T.);
#1089=EDGE_CURVE('',#886,#885,#752,.T.);
#1090=EDGE_CURVE('',#887,#886,#360,.T.);
#1091=EDGE_CURVE('',#888,#887,#753,.T.);
#1092=EDGE_CURVE('',#889,#888,#361,.T.);
#1093=EDGE_CURVE('',#890,#889,#754,.T.);
#1094=EDGE_CURVE('',#884,#890,#362,.T.);
#1095=EDGE_CURVE('',#891,#891,#755,.T.);
#1096=EDGE_CURVE('',#892,#893,#756,.T.);
#1097=EDGE_CURVE('',#893,#892,#757,.T.);
#1098=EDGE_CURVE('',#894,#895,#758,.T.);
#1099=EDGE_CURVE('',#896,#894,#363,.T.);
#1100=EDGE_CURVE('',#897,#896,#759,.T.);
#1101=EDGE_CURVE('',#898,#897,#364,.T.);
#1102=EDGE_CURVE('',#899,#898,#760,.T.);
#1103=EDGE_CURVE('',#900,#899,#365,.T.);
#1104=EDGE_CURVE('',#901,#900,#761,.T.);
#1105=EDGE_CURVE('',#895,#901,#366,.T.);
#1106=EDGE_CURVE('',#902,#903,#762,.T.);
#1107=EDGE_CURVE('',#904,#902,#367,.T.);
#1108=EDGE_CURVE('',#905,#904,#763,.T.);
#1109=EDGE_CURVE('',#906,#905,#368,.T.);
#1110=EDGE_CURVE('',#907,#906,#764,.T.);
#1111=EDGE_CURVE('',#908,#907,#369,.T.);
#1112=EDGE_CURVE('',#909,#908,#765,.T.);
#1113=EDGE_CURVE('',#903,#909,#370,.T.);
#1114=EDGE_CURVE('',#910,#911,#766,.T.);
#1115=EDGE_CURVE('',#912,#910,#371,.T.);
#1116=EDGE_CURVE('',#913,#912,#767,.T.);
#1117=EDGE_CURVE('',#914,#913,#372,.T.);
#1118=EDGE_CURVE('',#915,#914,#768,.T.);
#1119=EDGE_CURVE('',#916,#915,#373,.T.);
#1120=EDGE_CURVE('',#917,#916,#769,.T.);
#1121=EDGE_CURVE('',#911,#917,#374,.T.);
#1122=EDGE_CURVE('',#918,#919,#770,.T.);
#1123=EDGE_CURVE('',#920,#918,#375,.T.);
#1124=EDGE_CURVE('',#921,#920,#771,.T.);
#1125=EDGE_CURVE('',#922,#921,#376,.T.);
#1126=EDGE_CURVE('',#923,#922,#772,.T.);
#1127=EDGE_CURVE('',#924,#923,#377,.T.);
#1128=EDGE_CURVE('',#925,#924,#773,.T.);
#1129=EDGE_CURVE('',#919,#925,#378,.T.);
#1130=EDGE_CURVE('',#926,#926,#774,.T.);
#1131=EDGE_CURVE('',#927,#928,#775,.T.);
#1132=EDGE_CURVE('',#929,#927,#379,.T.);
#1133=EDGE_CURVE('',#930,#929,#776,.T.);
#1134=EDGE_CURVE('',#931,#930,#380,.T.);
#1135=EDGE_CURVE('',#932,#931,#777,.T.);
#1136=EDGE_CURVE('',#933,#932,#381,.T.);
#1137=EDGE_CURVE('',#934,#933,#778,.T.);
#1138=EDGE_CURVE('',#928,#934,#382,.T.);
#1139=EDGE_CURVE('',#935,#936,#779,.T.);
#1140=EDGE_CURVE('',#936,#838,#383,.T.);
#1141=EDGE_CURVE('',#837,#935,#384,.T.);
#1142=EDGE_CURVE('',#937,#936,#385,.T.);
#1143=EDGE_CURVE('',#839,#937,#386,.T.);
#1144=EDGE_CURVE('',#937,#938,#780,.T.);
#1145=EDGE_CURVE('',#938,#840,#387,.T.);
#1146=EDGE_CURVE('',#939,#836,#781,.T.);
#1147=EDGE_CURVE('',#841,#939,#388,.T.);
#1148=EDGE_CURVE('',#849,#940,#389,.T.);
#1149=EDGE_CURVE('',#940,#941,#782,.T.);
#1150=EDGE_CURVE('',#941,#842,#390,.T.);
#1151=EDGE_CURVE('',#942,#941,#391,.T.);
#1152=EDGE_CURVE('',#843,#942,#392,.T.);
#1153=EDGE_CURVE('',#847,#943,#393,.T.);
#1154=EDGE_CURVE('',#943,#944,#783,.T.);
#1155=EDGE_CURVE('',#944,#848,#394,.T.);
#1156=EDGE_CURVE('',#945,#846,#395,.T.);
#1157=EDGE_CURVE('',#943,#945,#396,.T.);
#1158=EDGE_CURVE('',#845,#946,#397,.T.);
#1159=EDGE_CURVE('',#946,#945,#784,.T.);
#1160=EDGE_CURVE('',#947,#844,#398,.T.);
#1161=EDGE_CURVE('',#946,#947,#399,.T.);
#1162=EDGE_CURVE('',#942,#947,#785,.T.);
#1163=EDGE_CURVE('',#940,#944,#400,.T.);
#1164=EDGE_CURVE('',#948,#949,#786,.T.);
#1165=EDGE_CURVE('',#949,#850,#401,.T.);
#1166=EDGE_CURVE('',#857,#948,#402,.T.);
#1167=EDGE_CURVE('',#950,#949,#403,.T.);
#1168=EDGE_CURVE('',#851,#950,#404,.T.);
#1169=EDGE_CURVE('',#950,#951,#787,.T.);
#1170=EDGE_CURVE('',#951,#852,#405,.T.);
#1171=EDGE_CURVE('',#952,#953,#788,.T.);
#1172=EDGE_CURVE('',#953,#854,#406,.T.);
#1173=EDGE_CURVE('',#853,#952,#407,.T.);
#1174=EDGE_CURVE('',#954,#953,#408,.T.);
#1175=EDGE_CURVE('',#855,#954,#409,.T.);
#1176=EDGE_CURVE('',#954,#955,#789,.T.);
#1177=EDGE_CURVE('',#955,#856,#410,.T.);
#1178=EDGE_CURVE('',#948,#955,#411,.T.);
#1179=EDGE_CURVE('',#952,#951,#412,.T.);
#1180=EDGE_CURVE('',#927,#956,#413,.T.);
#1181=EDGE_CURVE('',#957,#956,#414,.T.);
#1182=EDGE_CURVE('',#929,#957,#415,.T.);
#1183=EDGE_CURVE('',#958,#957,#790,.T.);
#1184=EDGE_CURVE('',#930,#958,#416,.T.);
#1185=EDGE_CURVE('',#959,#958,#417,.T.);
#1186=EDGE_CURVE('',#931,#959,#418,.T.);
#1187=EDGE_CURVE('',#960,#959,#791,.T.);
#1188=EDGE_CURVE('',#932,#960,#419,.T.);
#1189=EDGE_CURVE('',#961,#960,#420,.T.);
#1190=EDGE_CURVE('',#933,#961,#421,.T.);
#1191=EDGE_CURVE('',#962,#961,#792,.T.);
#1192=EDGE_CURVE('',#934,#962,#422,.T.);
#1193=EDGE_CURVE('',#963,#962,#423,.T.);
#1194=EDGE_CURVE('',#928,#963,#424,.T.);
#1195=EDGE_CURVE('',#956,#963,#793,.T.);
#1196=EDGE_CURVE('',#964,#964,#794,.T.);
#1197=EDGE_CURVE('',#964,#926,#425,.T.);
#1198=EDGE_CURVE('',#918,#965,#426,.T.);
#1199=EDGE_CURVE('',#966,#965,#427,.T.);
#1200=EDGE_CURVE('',#920,#966,#428,.T.);
#1201=EDGE_CURVE('',#967,#966,#795,.T.);
#1202=EDGE_CURVE('',#921,#967,#429,.T.);
#1203=EDGE_CURVE('',#968,#967,#430,.T.);
#1204=EDGE_CURVE('',#922,#968,#431,.T.);
#1205=EDGE_CURVE('',#969,#968,#796,.T.);
#1206=EDGE_CURVE('',#923,#969,#432,.T.);
#1207=EDGE_CURVE('',#970,#969,#433,.T.);
#1208=EDGE_CURVE('',#924,#970,#434,.T.);
#1209=EDGE_CURVE('',#971,#970,#797,.T.);
#1210=EDGE_CURVE('',#925,#971,#435,.T.);
#1211=EDGE_CURVE('',#972,#971,#436,.T.);
#1212=EDGE_CURVE('',#919,#972,#437,.T.);
#1213=EDGE_CURVE('',#965,#972,#798,.T.);
#1214=EDGE_CURVE('',#910,#973,#438,.T.);
#1215=EDGE_CURVE('',#974,#973,#439,.T.);
#1216=EDGE_CURVE('',#912,#974,#440,.T.);
#1217=EDGE_CURVE('',#975,#974,#799,.T.);
#1218=EDGE_CURVE('',#913,#975,#441,.T.);
#1219=EDGE_CURVE('',#976,#975,#442,.T.);
#1220=EDGE_CURVE('',#914,#976,#443,.T.);
#1221=EDGE_CURVE('',#977,#976,#800,.T.);
#1222=EDGE_CURVE('',#915,#977,#444,.T.);
#1223=EDGE_CURVE('',#978,#977,#445,.T.);
#1224=EDGE_CURVE('',#916,#978,#446,.T.);
#1225=EDGE_CURVE('',#979,#978,#801,.T.);
#1226=EDGE_CURVE('',#917,#979,#447,.T.);
#1227=EDGE_CURVE('',#980,#979,#448,.T.);
#1228=EDGE_CURVE('',#911,#980,#449,.T.);
#1229=EDGE_CURVE('',#973,#980,#802,.T.);
#1230=EDGE_CURVE('',#902,#981,#450,.T.);
#1231=EDGE_CURVE('',#982,#981,#451,.T.);
#1232=EDGE_CURVE('',#904,#982,#452,.T.);
#1233=EDGE_CURVE('',#983,#982,#803,.T.);
#1234=EDGE_CURVE('',#905,#983,#453,.T.);
#1235=EDGE_CURVE('',#984,#983,#454,.T.);
#1236=EDGE_CURVE('',#906,#984,#455,.T.);
#1237=EDGE_CURVE('',#985,#984,#804,.T.);
#1238=EDGE_CURVE('',#907,#985,#456,.T.);
#1239=EDGE_CURVE('',#986,#985,#457,.T.);
#1240=EDGE_CURVE('',#908,#986,#458,.T.);
#1241=EDGE_CURVE('',#987,#986,#805,.T.);
#1242=EDGE_CURVE('',#909,#987,#459,.T.);
#1243=EDGE_CURVE('',#988,#987,#460,.T.);
#1244=EDGE_CURVE('',#903,#988,#461,.T.);
#1245=EDGE_CURVE('',#981,#988,#806,.T.);
#1246=EDGE_CURVE('',#894,#989,#462,.T.);
#1247=EDGE_CURVE('',#990,#989,#463,.T.);
#1248=EDGE_CURVE('',#896,#990,#464,.T.);
#1249=EDGE_CURVE('',#991,#990,#807,.T.);
#1250=EDGE_CURVE('',#897,#991,#465,.T.);
#1251=EDGE_CURVE('',#992,#991,#466,.T.);
#1252=EDGE_CURVE('',#898,#992,#467,.T.);
#1253=EDGE_CURVE('',#993,#992,#808,.T.);
#1254=EDGE_CURVE('',#899,#993,#468,.T.);
#1255=EDGE_CURVE('',#994,#993,#469,.T.);
#1256=EDGE_CURVE('',#900,#994,#470,.T.);
#1257=EDGE_CURVE('',#995,#994,#809,.T.);
#1258=EDGE_CURVE('',#901,#995,#471,.T.);
#1259=EDGE_CURVE('',#996,#995,#472,.T.);
#1260=EDGE_CURVE('',#895,#996,#473,.T.);
#1261=EDGE_CURVE('',#989,#996,#810,.T.);
#1262=EDGE_CURVE('',#892,#997,#474,.T.);
#1263=EDGE_CURVE('',#998,#997,#811,.T.);
#1264=EDGE_CURVE('',#893,#998,#475,.T.);
#1265=EDGE_CURVE('',#997,#998,#812,.T.);
#1266=EDGE_CURVE('',#999,#999,#813,.T.);
#1267=EDGE_CURVE('',#999,#891,#476,.T.);
#1268=EDGE_CURVE('',#883,#1000,#477,.T.);
#1269=EDGE_CURVE('',#1001,#1000,#478,.T.);
#1270=EDGE_CURVE('',#885,#1001,#479,.T.);
#1271=EDGE_CURVE('',#1002,#1001,#814,.T.);
#1272=EDGE_CURVE('',#886,#1002,#480,.T.);
#1273=EDGE_CURVE('',#1003,#1002,#481,.T.);
#1274=EDGE_CURVE('',#887,#1003,#482,.T.);
#1275=EDGE_CURVE('',#1004,#1003,#815,.T.);
#1276=EDGE_CURVE('',#888,#1004,#483,.T.);
#1277=EDGE_CURVE('',#1005,#1004,#484,.T.);
#1278=EDGE_CURVE('',#889,#1005,#485,.T.);
#1279=EDGE_CURVE('',#1006,#1005,#816,.T.);
#1280=EDGE_CURVE('',#890,#1006,#486,.T.);
#1281=EDGE_CURVE('',#1007,#1006,#487,.T.);
#1282=EDGE_CURVE('',#884,#1007,#488,.T.);
#1283=EDGE_CURVE('',#1000,#1007,#817,.T.);
#1284=EDGE_CURVE('',#875,#1008,#489,.T.);
#1285=EDGE_CURVE('',#1009,#1008,#490,.T.);
#1286=EDGE_CURVE('',#877,#1009,#491,.T.);
#1287=EDGE_CURVE('',#1010,#1009,#818,.T.);
#1288=EDGE_CURVE('',#878,#1010,#492,.T.);
#1289=EDGE_CURVE('',#1011,#1010,#493,.T.);
#1290=EDGE_CURVE('',#879,#1011,#494,.T.);
#1291=EDGE_CURVE('',#1012,#1011,#819,.T.);
#1292=EDGE_CURVE('',#880,#1012,#495,.T.);
#1293=EDGE_CURVE('',#1013,#1012,#496,.T.);
#1294=EDGE_CURVE('',#881,#1013,#497,.T.);
#1295=EDGE_CURVE('',#1014,#1013,#820,.T.);
#1296=EDGE_CURVE('',#882,#1014,#498,.T.);
#1297=EDGE_CURVE('',#1015,#1014,#499,.T.);
#1298=EDGE_CURVE('',#876,#1015,#500,.T.);
#1299=EDGE_CURVE('',#1008,#1015,#821,.T.);
#1300=EDGE_CURVE('',#867,#1016,#501,.T.);
#1301=EDGE_CURVE('',#1017,#1016,#502,.T.);
#1302=EDGE_CURVE('',#869,#1017,#503,.T.);
#1303=EDGE_CURVE('',#1018,#1017,#822,.T.);
#1304=EDGE_CURVE('',#870,#1018,#504,.T.);
#1305=EDGE_CURVE('',#1019,#1018,#505,.T.);
#1306=EDGE_CURVE('',#871,#1019,#506,.T.);
#1307=EDGE_CURVE('',#1020,#1019,#823,.T.);
#1308=EDGE_CURVE('',#872,#1020,#507,.T.);
#1309=EDGE_CURVE('',#1021,#1020,#508,.T.);
#1310=EDGE_CURVE('',#873,#1021,#509,.T.);
#1311=EDGE_CURVE('',#1022,#1021,#824,.T.);
#1312=EDGE_CURVE('',#874,#1022,#510,.T.);
#1313=EDGE_CURVE('',#1023,#1022,#511,.T.);
#1314=EDGE_CURVE('',#868,#1023,#512,.T.);
#1315=EDGE_CURVE('',#1016,#1023,#825,.T.);
#1316=EDGE_CURVE('',#1024,#1024,#826,.T.);
#1317=EDGE_CURVE('',#1024,#866,#513,.T.);
#1318=EDGE_CURVE('',#858,#1025,#514,.T.);
#1319=EDGE_CURVE('',#1026,#1025,#515,.T.);
#1320=EDGE_CURVE('',#860,#1026,#516,.T.);
#1321=EDGE_CURVE('',#1027,#1026,#827,.T.);
#1322=EDGE_CURVE('',#861,#1027,#517,.T.);
#1323=EDGE_CURVE('',#1028,#1027,#518,.T.);
#1324=EDGE_CURVE('',#862,#1028,#519,.T.);
#1325=EDGE_CURVE('',#1029,#1028,#828,.T.);
#1326=EDGE_CURVE('',#863,#1029,#520,.T.);
#1327=EDGE_CURVE('',#1030,#1029,#521,.T.);
#1328=EDGE_CURVE('',#864,#1030,#522,.T.);
#1329=EDGE_CURVE('',#1031,#1030,#829,.T.);
#1330=EDGE_CURVE('',#865,#1031,#523,.T.);
#1331=EDGE_CURVE('',#1032,#1031,#524,.T.);
#1332=EDGE_CURVE('',#859,#1032,#525,.T.);
#1333=EDGE_CURVE('',#1025,#1032,#830,.T.);
#1334=EDGE_CURVE('',#939,#938,#526,.T.);
#1335=EDGE_CURVE('',#935,#832,#527,.T.);
#1336=ORIENTED_EDGE('',*,*,#1033,.T.);
#1337=ORIENTED_EDGE('',*,*,#1034,.T.);
#1338=ORIENTED_EDGE('',*,*,#1035,.T.);
#1339=ORIENTED_EDGE('',*,*,#1036,.T.);
#1340=ORIENTED_EDGE('',*,*,#1036,.F.);
#1341=ORIENTED_EDGE('',*,*,#1037,.T.);
#1342=ORIENTED_EDGE('',*,*,#1038,.F.);
#1343=ORIENTED_EDGE('',*,*,#1039,.F.);
#1344=ORIENTED_EDGE('',*,*,#1035,.F.);
#1345=ORIENTED_EDGE('',*,*,#1040,.F.);
#1346=ORIENTED_EDGE('',*,*,#1041,.F.);
#1347=ORIENTED_EDGE('',*,*,#1042,.F.);
#1348=ORIENTED_EDGE('',*,*,#1043,.F.);
#1349=ORIENTED_EDGE('',*,*,#1044,.F.);
#1350=ORIENTED_EDGE('',*,*,#1045,.F.);
#1351=ORIENTED_EDGE('',*,*,#1037,.F.);
#1352=ORIENTED_EDGE('',*,*,#1046,.T.);
#1353=ORIENTED_EDGE('',*,*,#1047,.F.);
#1354=ORIENTED_EDGE('',*,*,#1048,.T.);
#1355=ORIENTED_EDGE('',*,*,#1049,.F.);
#1356=ORIENTED_EDGE('',*,*,#1050,.T.);
#1357=ORIENTED_EDGE('',*,*,#1051,.F.);
#1358=ORIENTED_EDGE('',*,*,#1052,.T.);
#1359=ORIENTED_EDGE('',*,*,#1053,.T.);
#1360=ORIENTED_EDGE('',*,*,#1054,.T.);
#1361=ORIENTED_EDGE('',*,*,#1055,.F.);
#1362=ORIENTED_EDGE('',*,*,#1056,.T.);
#1363=ORIENTED_EDGE('',*,*,#1057,.F.);
#1364=ORIENTED_EDGE('',*,*,#1058,.T.);
#1365=ORIENTED_EDGE('',*,*,#1059,.F.);
#1366=ORIENTED_EDGE('',*,*,#1060,.T.);
#1367=ORIENTED_EDGE('',*,*,#1061,.F.);
#1368=ORIENTED_EDGE('',*,*,#1062,.F.);
#1369=ORIENTED_EDGE('',*,*,#1063,.F.);
#1370=ORIENTED_EDGE('',*,*,#1064,.F.);
#1371=ORIENTED_EDGE('',*,*,#1065,.F.);
#1372=ORIENTED_EDGE('',*,*,#1066,.F.);
#1373=ORIENTED_EDGE('',*,*,#1067,.F.);
#1374=ORIENTED_EDGE('',*,*,#1068,.F.);
#1375=ORIENTED_EDGE('',*,*,#1069,.F.);
#1376=ORIENTED_EDGE('',*,*,#1070,.F.);
#1377=ORIENTED_EDGE('',*,*,#1071,.F.);
#1378=ORIENTED_EDGE('',*,*,#1072,.F.);
#1379=ORIENTED_EDGE('',*,*,#1073,.F.);
#1380=ORIENTED_EDGE('',*,*,#1074,.F.);
#1381=ORIENTED_EDGE('',*,*,#1075,.F.);
#1382=ORIENTED_EDGE('',*,*,#1076,.F.);
#1383=ORIENTED_EDGE('',*,*,#1077,.F.);
#1384=ORIENTED_EDGE('',*,*,#1078,.F.);
#1385=ORIENTED_EDGE('',*,*,#1079,.F.);
#1386=ORIENTED_EDGE('',*,*,#1080,.F.);
#1387=ORIENTED_EDGE('',*,*,#1081,.F.);
#1388=ORIENTED_EDGE('',*,*,#1082,.F.);
#1389=ORIENTED_EDGE('',*,*,#1083,.F.);
#1390=ORIENTED_EDGE('',*,*,#1084,.F.);
#1391=ORIENTED_EDGE('',*,*,#1085,.F.);
#1392=ORIENTED_EDGE('',*,*,#1086,.F.);
#1393=ORIENTED_EDGE('',*,*,#1087,.F.);
#1394=ORIENTED_EDGE('',*,*,#1088,.F.);
#1395=ORIENTED_EDGE('',*,*,#1089,.F.);
#1396=ORIENTED_EDGE('',*,*,#1090,.F.);
#1397=ORIENTED_EDGE('',*,*,#1091,.F.);
#1398=ORIENTED_EDGE('',*,*,#1092,.F.);
#1399=ORIENTED_EDGE('',*,*,#1093,.F.);
#1400=ORIENTED_EDGE('',*,*,#1094,.F.);
#1401=ORIENTED_EDGE('',*,*,#1095,.F.);
#1402=ORIENTED_EDGE('',*,*,#1096,.F.);
#1403=ORIENTED_EDGE('',*,*,#1097,.F.);
#1404=ORIENTED_EDGE('',*,*,#1098,.F.);
#1405=ORIENTED_EDGE('',*,*,#1099,.F.);
#1406=ORIENTED_EDGE('',*,*,#1100,.F.);
#1407=ORIENTED_EDGE('',*,*,#1101,.F.);
#1408=ORIENTED_EDGE('',*,*,#1102,.F.);
#1409=ORIENTED_EDGE('',*,*,#1103,.F.);
#1410=ORIENTED_EDGE('',*,*,#1104,.F.);
#1411=ORIENTED_EDGE('',*,*,#1105,.F.);
#1412=ORIENTED_EDGE('',*,*,#1106,.F.);
#1413=ORIENTED_EDGE('',*,*,#1107,.F.);
#1414=ORIENTED_EDGE('',*,*,#1108,.F.);
#1415=ORIENTED_EDGE('',*,*,#1109,.F.);
#1416=ORIENTED_EDGE('',*,*,#1110,.F.);
#1417=ORIENTED_EDGE('',*,*,#1111,.F.);
#1418=ORIENTED_EDGE('',*,*,#1112,.F.);
#1419=ORIENTED_EDGE('',*,*,#1113,.F.);
#1420=ORIENTED_EDGE('',*,*,#1114,.F.);
#1421=ORIENTED_EDGE('',*,*,#1115,.F.);
#1422=ORIENTED_EDGE('',*,*,#1116,.F.);
#1423=ORIENTED_EDGE('',*,*,#1117,.F.);
#1424=ORIENTED_EDGE('',*,*,#1118,.F.);
#1425=ORIENTED_EDGE('',*,*,#1119,.F.);
#1426=ORIENTED_EDGE('',*,*,#1120,.F.);
#1427=ORIENTED_EDGE('',*,*,#1121,.F.);
#1428=ORIENTED_EDGE('',*,*,#1122,.F.);
#1429=ORIENTED_EDGE('',*,*,#1123,.F.);
#1430=ORIENTED_EDGE('',*,*,#1124,.F.);
#1431=ORIENTED_EDGE('',*,*,#1125,.F.);
#1432=ORIENTED_EDGE('',*,*,#1126,.F.);
#1433=ORIENTED_EDGE('',*,*,#1127,.F.);
#1434=ORIENTED_EDGE('',*,*,#1128,.F.);
#1435=ORIENTED_EDGE('',*,*,#1129,.F.);
#1436=ORIENTED_EDGE('',*,*,#1130,.F.);
#1437=ORIENTED_EDGE('',*,*,#1131,.F.);
#1438=ORIENTED_EDGE('',*,*,#1132,.F.);
#1439=ORIENTED_EDGE('',*,*,#1133,.F.);
#1440=ORIENTED_EDGE('',*,*,#1134,.F.);
#1441=ORIENTED_EDGE('',*,*,#1135,.F.);
#1442=ORIENTED_EDGE('',*,*,#1136,.F.);
#1443=ORIENTED_EDGE('',*,*,#1137,.F.);
#1444=ORIENTED_EDGE('',*,*,#1138,.F.);
#1445=ORIENTED_EDGE('',*,*,#1139,.T.);
#1446=ORIENTED_EDGE('',*,*,#1140,.T.);
#1447=ORIENTED_EDGE('',*,*,#1041,.T.);
#1448=ORIENTED_EDGE('',*,*,#1141,.T.);
#1449=ORIENTED_EDGE('',*,*,#1140,.F.);
#1450=ORIENTED_EDGE('',*,*,#1142,.F.);
#1451=ORIENTED_EDGE('',*,*,#1143,.F.);
#1452=ORIENTED_EDGE('',*,*,#1042,.T.);
#1453=ORIENTED_EDGE('',*,*,#1144,.T.);
#1454=ORIENTED_EDGE('',*,*,#1145,.T.);
#1455=ORIENTED_EDGE('',*,*,#1043,.T.);
#1456=ORIENTED_EDGE('',*,*,#1143,.T.);
#1457=ORIENTED_EDGE('',*,*,#1146,.T.);
#1458=ORIENTED_EDGE('',*,*,#1038,.T.);
#1459=ORIENTED_EDGE('',*,*,#1045,.T.);
#1460=ORIENTED_EDGE('',*,*,#1147,.T.);
#1461=ORIENTED_EDGE('',*,*,#1053,.F.);
#1462=ORIENTED_EDGE('',*,*,#1148,.T.);
#1463=ORIENTED_EDGE('',*,*,#1149,.T.);
#1464=ORIENTED_EDGE('',*,*,#1150,.T.);
#1465=ORIENTED_EDGE('',*,*,#1150,.F.);
#1466=ORIENTED_EDGE('',*,*,#1151,.F.);
#1467=ORIENTED_EDGE('',*,*,#1152,.F.);
#1468=ORIENTED_EDGE('',*,*,#1046,.F.);
#1469=ORIENTED_EDGE('',*,*,#1051,.T.);
#1470=ORIENTED_EDGE('',*,*,#1153,.T.);
#1471=ORIENTED_EDGE('',*,*,#1154,.T.);
#1472=ORIENTED_EDGE('',*,*,#1155,.T.);
#1473=ORIENTED_EDGE('',*,*,#1153,.F.);
#1474=ORIENTED_EDGE('',*,*,#1050,.F.);
#1475=ORIENTED_EDGE('',*,*,#1156,.F.);
#1476=ORIENTED_EDGE('',*,*,#1157,.F.);
#1477=ORIENTED_EDGE('',*,*,#1049,.T.);
#1478=ORIENTED_EDGE('',*,*,#1158,.T.);
#1479=ORIENTED_EDGE('',*,*,#1159,.T.);
#1480=ORIENTED_EDGE('',*,*,#1156,.T.);
#1481=ORIENTED_EDGE('',*,*,#1158,.F.);
#1482=ORIENTED_EDGE('',*,*,#1048,.F.);
#1483=ORIENTED_EDGE('',*,*,#1160,.F.);
#1484=ORIENTED_EDGE('',*,*,#1161,.F.);
#1485=ORIENTED_EDGE('',*,*,#1047,.T.);
#1486=ORIENTED_EDGE('',*,*,#1152,.T.);
#1487=ORIENTED_EDGE('',*,*,#1162,.T.);
#1488=ORIENTED_EDGE('',*,*,#1160,.T.);
#1489=ORIENTED_EDGE('',*,*,#1148,.F.);
#1490=ORIENTED_EDGE('',*,*,#1052,.F.);
#1491=ORIENTED_EDGE('',*,*,#1155,.F.);
#1492=ORIENTED_EDGE('',*,*,#1163,.F.);
#1493=ORIENTED_EDGE('',*,*,#1164,.T.);
#1494=ORIENTED_EDGE('',*,*,#1165,.T.);
#1495=ORIENTED_EDGE('',*,*,#1061,.T.);
#1496=ORIENTED_EDGE('',*,*,#1166,.T.);
#1497=ORIENTED_EDGE('',*,*,#1165,.F.);
#1498=ORIENTED_EDGE('',*,*,#1167,.F.);
#1499=ORIENTED_EDGE('',*,*,#1168,.F.);
#1500=ORIENTED_EDGE('',*,*,#1054,.F.);
#1501=ORIENTED_EDGE('',*,*,#1055,.T.);
#1502=ORIENTED_EDGE('',*,*,#1168,.T.);
#1503=ORIENTED_EDGE('',*,*,#1169,.T.);
#1504=ORIENTED_EDGE('',*,*,#1170,.T.);
#1505=ORIENTED_EDGE('',*,*,#1171,.T.);
#1506=ORIENTED_EDGE('',*,*,#1172,.T.);
#1507=ORIENTED_EDGE('',*,*,#1057,.T.);
#1508=ORIENTED_EDGE('',*,*,#1173,.T.);
#1509=ORIENTED_EDGE('',*,*,#1172,.F.);
#1510=ORIENTED_EDGE('',*,*,#1174,.F.);
#1511=ORIENTED_EDGE('',*,*,#1175,.F.);
#1512=ORIENTED_EDGE('',*,*,#1058,.F.);
#1513=ORIENTED_EDGE('',*,*,#1176,.T.);
#1514=ORIENTED_EDGE('',*,*,#1177,.T.);
#1515=ORIENTED_EDGE('',*,*,#1059,.T.);
#1516=ORIENTED_EDGE('',*,*,#1175,.T.);
#1517=ORIENTED_EDGE('',*,*,#1166,.F.);
#1518=ORIENTED_EDGE('',*,*,#1060,.F.);
#1519=ORIENTED_EDGE('',*,*,#1177,.F.);
#1520=ORIENTED_EDGE('',*,*,#1178,.F.);
#1521=ORIENTED_EDGE('',*,*,#1170,.F.);
#1522=ORIENTED_EDGE('',*,*,#1179,.F.);
#1523=ORIENTED_EDGE('',*,*,#1173,.F.);
#1524=ORIENTED_EDGE('',*,*,#1056,.F.);
#1525=ORIENTED_EDGE('',*,*,#1132,.T.);
#1526=ORIENTED_EDGE('',*,*,#1180,.T.);
#1527=ORIENTED_EDGE('',*,*,#1181,.F.);
#1528=ORIENTED_EDGE('',*,*,#1182,.F.);
#1529=ORIENTED_EDGE('',*,*,#1133,.T.);
#1530=ORIENTED_EDGE('',*,*,#1182,.T.);
#1531=ORIENTED_EDGE('',*,*,#1183,.F.);
#1532=ORIENTED_EDGE('',*,*,#1184,.F.);
#1533=ORIENTED_EDGE('',*,*,#1134,.T.);
#1534=ORIENTED_EDGE('',*,*,#1184,.T.);
#1535=ORIENTED_EDGE('',*,*,#1185,.F.);
#1536=ORIENTED_EDGE('',*,*,#1186,.F.);
#1537=ORIENTED_EDGE('',*,*,#1135,.T.);
#1538=ORIENTED_EDGE('',*,*,#1186,.T.);
#1539=ORIENTED_EDGE('',*,*,#1187,.F.);
#1540=ORIENTED_EDGE('',*,*,#1188,.F.);
#1541=ORIENTED_EDGE('',*,*,#1136,.T.);
#1542=ORIENTED_EDGE('',*,*,#1188,.T.);
#1543=ORIENTED_EDGE('',*,*,#1189,.F.);
#1544=ORIENTED_EDGE('',*,*,#1190,.F.);
#1545=ORIENTED_EDGE('',*,*,#1137,.T.);
#1546=ORIENTED_EDGE('',*,*,#1190,.T.);
#1547=ORIENTED_EDGE('',*,*,#1191,.F.);
#1548=ORIENTED_EDGE('',*,*,#1192,.F.);
#1549=ORIENTED_EDGE('',*,*,#1138,.T.);
#1550=ORIENTED_EDGE('',*,*,#1192,.T.);
#1551=ORIENTED_EDGE('',*,*,#1193,.F.);
#1552=ORIENTED_EDGE('',*,*,#1194,.F.);
#1553=ORIENTED_EDGE('',*,*,#1131,.T.);
#1554=ORIENTED_EDGE('',*,*,#1194,.T.);
#1555=ORIENTED_EDGE('',*,*,#1195,.F.);
#1556=ORIENTED_EDGE('',*,*,#1180,.F.);
#1557=ORIENTED_EDGE('',*,*,#1196,.F.);
#1558=ORIENTED_EDGE('',*,*,#1197,.T.);
#1559=ORIENTED_EDGE('',*,*,#1130,.T.);
#1560=ORIENTED_EDGE('',*,*,#1197,.F.);
#1561=ORIENTED_EDGE('',*,*,#1123,.T.);
#1562=ORIENTED_EDGE('',*,*,#1198,.T.);
#1563=ORIENTED_EDGE('',*,*,#1199,.F.);
#1564=ORIENTED_EDGE('',*,*,#1200,.F.);
#1565=ORIENTED_EDGE('',*,*,#1124,.T.);
#1566=ORIENTED_EDGE('',*,*,#1200,.T.);
#1567=ORIENTED_EDGE('',*,*,#1201,.F.);
#1568=ORIENTED_EDGE('',*,*,#1202,.F.);
#1569=ORIENTED_EDGE('',*,*,#1125,.T.);
#1570=ORIENTED_EDGE('',*,*,#1202,.T.);
#1571=ORIENTED_EDGE('',*,*,#1203,.F.);
#1572=ORIENTED_EDGE('',*,*,#1204,.F.);
#1573=ORIENTED_EDGE('',*,*,#1126,.T.);
#1574=ORIENTED_EDGE('',*,*,#1204,.T.);
#1575=ORIENTED_EDGE('',*,*,#1205,.F.);
#1576=ORIENTED_EDGE('',*,*,#1206,.F.);
#1577=ORIENTED_EDGE('',*,*,#1127,.T.);
#1578=ORIENTED_EDGE('',*,*,#1206,.T.);
#1579=ORIENTED_EDGE('',*,*,#1207,.F.);
#1580=ORIENTED_EDGE('',*,*,#1208,.F.);
#1581=ORIENTED_EDGE('',*,*,#1128,.T.);
#1582=ORIENTED_EDGE('',*,*,#1208,.T.);
#1583=ORIENTED_EDGE('',*,*,#1209,.F.);
#1584=ORIENTED_EDGE('',*,*,#1210,.F.);
#1585=ORIENTED_EDGE('',*,*,#1129,.T.);
#1586=ORIENTED_EDGE('',*,*,#1210,.T.);
#1587=ORIENTED_EDGE('',*,*,#1211,.F.);
#1588=ORIENTED_EDGE('',*,*,#1212,.F.);
#1589=ORIENTED_EDGE('',*,*,#1122,.T.);
#1590=ORIENTED_EDGE('',*,*,#1212,.T.);
#1591=ORIENTED_EDGE('',*,*,#1213,.F.);
#1592=ORIENTED_EDGE('',*,*,#1198,.F.);
#1593=ORIENTED_EDGE('',*,*,#1115,.T.);
#1594=ORIENTED_EDGE('',*,*,#1214,.T.);
#1595=ORIENTED_EDGE('',*,*,#1215,.F.);
#1596=ORIENTED_EDGE('',*,*,#1216,.F.);
#1597=ORIENTED_EDGE('',*,*,#1116,.T.);
#1598=ORIENTED_EDGE('',*,*,#1216,.T.);
#1599=ORIENTED_EDGE('',*,*,#1217,.F.);
#1600=ORIENTED_EDGE('',*,*,#1218,.F.);
#1601=ORIENTED_EDGE('',*,*,#1117,.T.);
#1602=ORIENTED_EDGE('',*,*,#1218,.T.);
#1603=ORIENTED_EDGE('',*,*,#1219,.F.);
#1604=ORIENTED_EDGE('',*,*,#1220,.F.);
#1605=ORIENTED_EDGE('',*,*,#1118,.T.);
#1606=ORIENTED_EDGE('',*,*,#1220,.T.);
#1607=ORIENTED_EDGE('',*,*,#1221,.F.);
#1608=ORIENTED_EDGE('',*,*,#1222,.F.);
#1609=ORIENTED_EDGE('',*,*,#1119,.T.);
#1610=ORIENTED_EDGE('',*,*,#1222,.T.);
#1611=ORIENTED_EDGE('',*,*,#1223,.F.);
#1612=ORIENTED_EDGE('',*,*,#1224,.F.);
#1613=ORIENTED_EDGE('',*,*,#1120,.T.);
#1614=ORIENTED_EDGE('',*,*,#1224,.T.);
#1615=ORIENTED_EDGE('',*,*,#1225,.F.);
#1616=ORIENTED_EDGE('',*,*,#1226,.F.);
#1617=ORIENTED_EDGE('',*,*,#1121,.T.);
#1618=ORIENTED_EDGE('',*,*,#1226,.T.);
#1619=ORIENTED_EDGE('',*,*,#1227,.F.);
#1620=ORIENTED_EDGE('',*,*,#1228,.F.);
#1621=ORIENTED_EDGE('',*,*,#1114,.T.);
#1622=ORIENTED_EDGE('',*,*,#1228,.T.);
#1623=ORIENTED_EDGE('',*,*,#1229,.F.);
#1624=ORIENTED_EDGE('',*,*,#1214,.F.);
#1625=ORIENTED_EDGE('',*,*,#1107,.T.);
#1626=ORIENTED_EDGE('',*,*,#1230,.T.);
#1627=ORIENTED_EDGE('',*,*,#1231,.F.);
#1628=ORIENTED_EDGE('',*,*,#1232,.F.);
#1629=ORIENTED_EDGE('',*,*,#1108,.T.);
#1630=ORIENTED_EDGE('',*,*,#1232,.T.);
#1631=ORIENTED_EDGE('',*,*,#1233,.F.);
#1632=ORIENTED_EDGE('',*,*,#1234,.F.);
#1633=ORIENTED_EDGE('',*,*,#1109,.T.);
#1634=ORIENTED_EDGE('',*,*,#1234,.T.);
#1635=ORIENTED_EDGE('',*,*,#1235,.F.);
#1636=ORIENTED_EDGE('',*,*,#1236,.F.);
#1637=ORIENTED_EDGE('',*,*,#1110,.T.);
#1638=ORIENTED_EDGE('',*,*,#1236,.T.);
#1639=ORIENTED_EDGE('',*,*,#1237,.F.);
#1640=ORIENTED_EDGE('',*,*,#1238,.F.);
#1641=ORIENTED_EDGE('',*,*,#1111,.T.);
#1642=ORIENTED_EDGE('',*,*,#1238,.T.);
#1643=ORIENTED_EDGE('',*,*,#1239,.F.);
#1644=ORIENTED_EDGE('',*,*,#1240,.F.);
#1645=ORIENTED_EDGE('',*,*,#1112,.T.);
#1646=ORIENTED_EDGE('',*,*,#1240,.T.);
#1647=ORIENTED_EDGE('',*,*,#1241,.F.);
#1648=ORIENTED_EDGE('',*,*,#1242,.F.);
#1649=ORIENTED_EDGE('',*,*,#1113,.T.);
#1650=ORIENTED_EDGE('',*,*,#1242,.T.);
#1651=ORIENTED_EDGE('',*,*,#1243,.F.);
#1652=ORIENTED_EDGE('',*,*,#1244,.F.);
#1653=ORIENTED_EDGE('',*,*,#1106,.T.);
#1654=ORIENTED_EDGE('',*,*,#1244,.T.);
#1655=ORIENTED_EDGE('',*,*,#1245,.F.);
#1656=ORIENTED_EDGE('',*,*,#1230,.F.);
#1657=ORIENTED_EDGE('',*,*,#1099,.T.);
#1658=ORIENTED_EDGE('',*,*,#1246,.T.);
#1659=ORIENTED_EDGE('',*,*,#1247,.F.);
#1660=ORIENTED_EDGE('',*,*,#1248,.F.);
#1661=ORIENTED_EDGE('',*,*,#1100,.T.);
#1662=ORIENTED_EDGE('',*,*,#1248,.T.);
#1663=ORIENTED_EDGE('',*,*,#1249,.F.);
#1664=ORIENTED_EDGE('',*,*,#1250,.F.);
#1665=ORIENTED_EDGE('',*,*,#1101,.T.);
#1666=ORIENTED_EDGE('',*,*,#1250,.T.);
#1667=ORIENTED_EDGE('',*,*,#1251,.F.);
#1668=ORIENTED_EDGE('',*,*,#1252,.F.);
#1669=ORIENTED_EDGE('',*,*,#1102,.T.);
#1670=ORIENTED_EDGE('',*,*,#1252,.T.);
#1671=ORIENTED_EDGE('',*,*,#1253,.F.);
#1672=ORIENTED_EDGE('',*,*,#1254,.F.);
#1673=ORIENTED_EDGE('',*,*,#1103,.T.);
#1674=ORIENTED_EDGE('',*,*,#1254,.T.);
#1675=ORIENTED_EDGE('',*,*,#1255,.F.);
#1676=ORIENTED_EDGE('',*,*,#1256,.F.);
#1677=ORIENTED_EDGE('',*,*,#1104,.T.);
#1678=ORIENTED_EDGE('',*,*,#1256,.T.);
#1679=ORIENTED_EDGE('',*,*,#1257,.F.);
#1680=ORIENTED_EDGE('',*,*,#1258,.F.);
#1681=ORIENTED_EDGE('',*,*,#1105,.T.);
#1682=ORIENTED_EDGE('',*,*,#1258,.T.);
#1683=ORIENTED_EDGE('',*,*,#1259,.F.);
#1684=ORIENTED_EDGE('',*,*,#1260,.F.);
#1685=ORIENTED_EDGE('',*,*,#1098,.T.);
#1686=ORIENTED_EDGE('',*,*,#1260,.T.);
#1687=ORIENTED_EDGE('',*,*,#1261,.F.);
#1688=ORIENTED_EDGE('',*,*,#1246,.F.);
#1689=ORIENTED_EDGE('',*,*,#1097,.T.);
#1690=ORIENTED_EDGE('',*,*,#1262,.T.);
#1691=ORIENTED_EDGE('',*,*,#1263,.F.);
#1692=ORIENTED_EDGE('',*,*,#1264,.F.);
#1693=ORIENTED_EDGE('',*,*,#1096,.T.);
#1694=ORIENTED_EDGE('',*,*,#1264,.T.);
#1695=ORIENTED_EDGE('',*,*,#1265,.F.);
#1696=ORIENTED_EDGE('',*,*,#1262,.F.);
#1697=ORIENTED_EDGE('',*,*,#1266,.F.);
#1698=ORIENTED_EDGE('',*,*,#1267,.T.);
#1699=ORIENTED_EDGE('',*,*,#1095,.T.);
#1700=ORIENTED_EDGE('',*,*,#1267,.F.);
#1701=ORIENTED_EDGE('',*,*,#1088,.T.);
#1702=ORIENTED_EDGE('',*,*,#1268,.T.);
#1703=ORIENTED_EDGE('',*,*,#1269,.F.);
#1704=ORIENTED_EDGE('',*,*,#1270,.F.);
#1705=ORIENTED_EDGE('',*,*,#1089,.T.);
#1706=ORIENTED_EDGE('',*,*,#1270,.T.);
#1707=ORIENTED_EDGE('',*,*,#1271,.F.);
#1708=ORIENTED_EDGE('',*,*,#1272,.F.);
#1709=ORIENTED_EDGE('',*,*,#1090,.T.);
#1710=ORIENTED_EDGE('',*,*,#1272,.T.);
#1711=ORIENTED_EDGE('',*,*,#1273,.F.);
#1712=ORIENTED_EDGE('',*,*,#1274,.F.);
#1713=ORIENTED_EDGE('',*,*,#1091,.T.);
#1714=ORIENTED_EDGE('',*,*,#1274,.T.);
#1715=ORIENTED_EDGE('',*,*,#1275,.F.);
#1716=ORIENTED_EDGE('',*,*,#1276,.F.);
#1717=ORIENTED_EDGE('',*,*,#1092,.T.);
#1718=ORIENTED_EDGE('',*,*,#1276,.T.);
#1719=ORIENTED_EDGE('',*,*,#1277,.F.);
#1720=ORIENTED_EDGE('',*,*,#1278,.F.);
#1721=ORIENTED_EDGE('',*,*,#1093,.T.);
#1722=ORIENTED_EDGE('',*,*,#1278,.T.);
#1723=ORIENTED_EDGE('',*,*,#1279,.F.);
#1724=ORIENTED_EDGE('',*,*,#1280,.F.);
#1725=ORIENTED_EDGE('',*,*,#1094,.T.);
#1726=ORIENTED_EDGE('',*,*,#1280,.T.);
#1727=ORIENTED_EDGE('',*,*,#1281,.F.);
#1728=ORIENTED_EDGE('',*,*,#1282,.F.);
#1729=ORIENTED_EDGE('',*,*,#1087,.T.);
#1730=ORIENTED_EDGE('',*,*,#1282,.T.);
#1731=ORIENTED_EDGE('',*,*,#1283,.F.);
#1732=ORIENTED_EDGE('',*,*,#1268,.F.);
#1733=ORIENTED_EDGE('',*,*,#1080,.T.);
#1734=ORIENTED_EDGE('',*,*,#1284,.T.);
#1735=ORIENTED_EDGE('',*,*,#1285,.F.);
#1736=ORIENTED_EDGE('',*,*,#1286,.F.);
#1737=ORIENTED_EDGE('',*,*,#1081,.T.);
#1738=ORIENTED_EDGE('',*,*,#1286,.T.);
#1739=ORIENTED_EDGE('',*,*,#1287,.F.);
#1740=ORIENTED_EDGE('',*,*,#1288,.F.);
#1741=ORIENTED_EDGE('',*,*,#1082,.T.);
#1742=ORIENTED_EDGE('',*,*,#1288,.T.);
#1743=ORIENTED_EDGE('',*,*,#1289,.F.);
#1744=ORIENTED_EDGE('',*,*,#1290,.F.);
#1745=ORIENTED_EDGE('',*,*,#1083,.T.);
#1746=ORIENTED_EDGE('',*,*,#1290,.T.);
#1747=ORIENTED_EDGE('',*,*,#1291,.F.);
#1748=ORIENTED_EDGE('',*,*,#1292,.F.);
#1749=ORIENTED_EDGE('',*,*,#1084,.T.);
#1750=ORIENTED_EDGE('',*,*,#1292,.T.);
#1751=ORIENTED_EDGE('',*,*,#1293,.F.);
#1752=ORIENTED_EDGE('',*,*,#1294,.F.);
#1753=ORIENTED_EDGE('',*,*,#1085,.T.);
#1754=ORIENTED_EDGE('',*,*,#1294,.T.);
#1755=ORIENTED_EDGE('',*,*,#1295,.F.);
#1756=ORIENTED_EDGE('',*,*,#1296,.F.);
#1757=ORIENTED_EDGE('',*,*,#1086,.T.);
#1758=ORIENTED_EDGE('',*,*,#1296,.T.);
#1759=ORIENTED_EDGE('',*,*,#1297,.F.);
#1760=ORIENTED_EDGE('',*,*,#1298,.F.);
#1761=ORIENTED_EDGE('',*,*,#1079,.T.);
#1762=ORIENTED_EDGE('',*,*,#1298,.T.);
#1763=ORIENTED_EDGE('',*,*,#1299,.F.);
#1764=ORIENTED_EDGE('',*,*,#1284,.F.);
#1765=ORIENTED_EDGE('',*,*,#1072,.T.);
#1766=ORIENTED_EDGE('',*,*,#1300,.T.);
#1767=ORIENTED_EDGE('',*,*,#1301,.F.);
#1768=ORIENTED_EDGE('',*,*,#1302,.F.);
#1769=ORIENTED_EDGE('',*,*,#1073,.T.);
#1770=ORIENTED_EDGE('',*,*,#1302,.T.);
#1771=ORIENTED_EDGE('',*,*,#1303,.F.);
#1772=ORIENTED_EDGE('',*,*,#1304,.F.);
#1773=ORIENTED_EDGE('',*,*,#1074,.T.);
#1774=ORIENTED_EDGE('',*,*,#1304,.T.);
#1775=ORIENTED_EDGE('',*,*,#1305,.F.);
#1776=ORIENTED_EDGE('',*,*,#1306,.F.);
#1777=ORIENTED_EDGE('',*,*,#1075,.T.);
#1778=ORIENTED_EDGE('',*,*,#1306,.T.);
#1779=ORIENTED_EDGE('',*,*,#1307,.F.);
#1780=ORIENTED_EDGE('',*,*,#1308,.F.);
#1781=ORIENTED_EDGE('',*,*,#1076,.T.);
#1782=ORIENTED_EDGE('',*,*,#1308,.T.);
#1783=ORIENTED_EDGE('',*,*,#1309,.F.);
#1784=ORIENTED_EDGE('',*,*,#1310,.F.);
#1785=ORIENTED_EDGE('',*,*,#1077,.T.);
#1786=ORIENTED_EDGE('',*,*,#1310,.T.);
#1787=ORIENTED_EDGE('',*,*,#1311,.F.);
#1788=ORIENTED_EDGE('',*,*,#1312,.F.);
#1789=ORIENTED_EDGE('',*,*,#1078,.T.);
#1790=ORIENTED_EDGE('',*,*,#1312,.T.);
#1791=ORIENTED_EDGE('',*,*,#1313,.F.);
#1792=ORIENTED_EDGE('',*,*,#1314,.F.);
#1793=ORIENTED_EDGE('',*,*,#1071,.T.);
#1794=ORIENTED_EDGE('',*,*,#1314,.T.);
#1795=ORIENTED_EDGE('',*,*,#1315,.F.);
#1796=ORIENTED_EDGE('',*,*,#1300,.F.);
#1797=ORIENTED_EDGE('',*,*,#1316,.F.);
#1798=ORIENTED_EDGE('',*,*,#1317,.T.);
#1799=ORIENTED_EDGE('',*,*,#1070,.T.);
#1800=ORIENTED_EDGE('',*,*,#1317,.F.);
#1801=ORIENTED_EDGE('',*,*,#1063,.T.);
#1802=ORIENTED_EDGE('',*,*,#1318,.T.);
#1803=ORIENTED_EDGE('',*,*,#1319,.F.);
#1804=ORIENTED_EDGE('',*,*,#1320,.F.);
#1805=ORIENTED_EDGE('',*,*,#1064,.T.);
#1806=ORIENTED_EDGE('',*,*,#1320,.T.);
#1807=ORIENTED_EDGE('',*,*,#1321,.F.);
#1808=ORIENTED_EDGE('',*,*,#1322,.F.);
#1809=ORIENTED_EDGE('',*,*,#1065,.T.);
#1810=ORIENTED_EDGE('',*,*,#1322,.T.);
#1811=ORIENTED_EDGE('',*,*,#1323,.F.);
#1812=ORIENTED_EDGE('',*,*,#1324,.F.);
#1813=ORIENTED_EDGE('',*,*,#1066,.T.);
#1814=ORIENTED_EDGE('',*,*,#1324,.T.);
#1815=ORIENTED_EDGE('',*,*,#1325,.F.);
#1816=ORIENTED_EDGE('',*,*,#1326,.F.);
#1817=ORIENTED_EDGE('',*,*,#1067,.T.);
#1818=ORIENTED_EDGE('',*,*,#1326,.T.);
#1819=ORIENTED_EDGE('',*,*,#1327,.F.);
#1820=ORIENTED_EDGE('',*,*,#1328,.F.);
#1821=ORIENTED_EDGE('',*,*,#1068,.T.);
#1822=ORIENTED_EDGE('',*,*,#1328,.T.);
#1823=ORIENTED_EDGE('',*,*,#1329,.F.);
#1824=ORIENTED_EDGE('',*,*,#1330,.F.);
#1825=ORIENTED_EDGE('',*,*,#1069,.T.);
#1826=ORIENTED_EDGE('',*,*,#1330,.T.);
#1827=ORIENTED_EDGE('',*,*,#1331,.F.);
#1828=ORIENTED_EDGE('',*,*,#1332,.F.);
#1829=ORIENTED_EDGE('',*,*,#1062,.T.);
#1830=ORIENTED_EDGE('',*,*,#1332,.T.);
#1831=ORIENTED_EDGE('',*,*,#1333,.F.);
#1832=ORIENTED_EDGE('',*,*,#1318,.F.);
#1833=ORIENTED_EDGE('',*,*,#1145,.F.);
#1834=ORIENTED_EDGE('',*,*,#1334,.F.);
#1835=ORIENTED_EDGE('',*,*,#1147,.F.);
#1836=ORIENTED_EDGE('',*,*,#1044,.T.);
#1837=ORIENTED_EDGE('',*,*,#1034,.F.);
#1838=ORIENTED_EDGE('',*,*,#1335,.F.);
#1839=ORIENTED_EDGE('',*,*,#1141,.F.);
#1840=ORIENTED_EDGE('',*,*,#1040,.T.);
#1841=ORIENTED_EDGE('',*,*,#1033,.F.);
#1842=ORIENTED_EDGE('',*,*,#1039,.T.);
#1843=ORIENTED_EDGE('',*,*,#1146,.F.);
#1844=ORIENTED_EDGE('',*,*,#1334,.T.);
#1845=ORIENTED_EDGE('',*,*,#1144,.F.);
#1846=ORIENTED_EDGE('',*,*,#1142,.T.);
#1847=ORIENTED_EDGE('',*,*,#1139,.F.);
#1848=ORIENTED_EDGE('',*,*,#1335,.T.);
#1849=ORIENTED_EDGE('',*,*,#1157,.T.);
#1850=ORIENTED_EDGE('',*,*,#1159,.F.);
#1851=ORIENTED_EDGE('',*,*,#1161,.T.);
#1852=ORIENTED_EDGE('',*,*,#1162,.F.);
#1853=ORIENTED_EDGE('',*,*,#1151,.T.);
#1854=ORIENTED_EDGE('',*,*,#1149,.F.);
#1855=ORIENTED_EDGE('',*,*,#1163,.T.);
#1856=ORIENTED_EDGE('',*,*,#1154,.F.);
#1857=ORIENTED_EDGE('',*,*,#1167,.T.);
#1858=ORIENTED_EDGE('',*,*,#1164,.F.);
#1859=ORIENTED_EDGE('',*,*,#1178,.T.);
#1860=ORIENTED_EDGE('',*,*,#1176,.F.);
#1861=ORIENTED_EDGE('',*,*,#1174,.T.);
#1862=ORIENTED_EDGE('',*,*,#1171,.F.);
#1863=ORIENTED_EDGE('',*,*,#1179,.T.);
#1864=ORIENTED_EDGE('',*,*,#1169,.F.);
#1865=ORIENTED_EDGE('',*,*,#1333,.T.);
#1866=ORIENTED_EDGE('',*,*,#1331,.T.);
#1867=ORIENTED_EDGE('',*,*,#1329,.T.);
#1868=ORIENTED_EDGE('',*,*,#1327,.T.);
#1869=ORIENTED_EDGE('',*,*,#1325,.T.);
#1870=ORIENTED_EDGE('',*,*,#1323,.T.);
#1871=ORIENTED_EDGE('',*,*,#1321,.T.);
#1872=ORIENTED_EDGE('',*,*,#1319,.T.);
#1873=ORIENTED_EDGE('',*,*,#1316,.T.);
#1874=ORIENTED_EDGE('',*,*,#1315,.T.);
#1875=ORIENTED_EDGE('',*,*,#1313,.T.);
#1876=ORIENTED_EDGE('',*,*,#1311,.T.);
#1877=ORIENTED_EDGE('',*,*,#1309,.T.);
#1878=ORIENTED_EDGE('',*,*,#1307,.T.);
#1879=ORIENTED_EDGE('',*,*,#1305,.T.);
#1880=ORIENTED_EDGE('',*,*,#1303,.T.);
#1881=ORIENTED_EDGE('',*,*,#1301,.T.);
#1882=ORIENTED_EDGE('',*,*,#1299,.T.);
#1883=ORIENTED_EDGE('',*,*,#1297,.T.);
#1884=ORIENTED_EDGE('',*,*,#1295,.T.);
#1885=ORIENTED_EDGE('',*,*,#1293,.T.);
#1886=ORIENTED_EDGE('',*,*,#1291,.T.);
#1887=ORIENTED_EDGE('',*,*,#1289,.T.);
#1888=ORIENTED_EDGE('',*,*,#1287,.T.);
#1889=ORIENTED_EDGE('',*,*,#1285,.T.);
#1890=ORIENTED_EDGE('',*,*,#1283,.T.);
#1891=ORIENTED_EDGE('',*,*,#1281,.T.);
#1892=ORIENTED_EDGE('',*,*,#1279,.T.);
#1893=ORIENTED_EDGE('',*,*,#1277,.T.);
#1894=ORIENTED_EDGE('',*,*,#1275,.T.);
#1895=ORIENTED_EDGE('',*,*,#1273,.T.);
#1896=ORIENTED_EDGE('',*,*,#1271,.T.);
#1897=ORIENTED_EDGE('',*,*,#1269,.T.);
#1898=ORIENTED_EDGE('',*,*,#1266,.T.);
#1899=ORIENTED_EDGE('',*,*,#1265,.T.);
#1900=ORIENTED_EDGE('',*,*,#1263,.T.);
#1901=ORIENTED_EDGE('',*,*,#1261,.T.);
#1902=ORIENTED_EDGE('',*,*,#1259,.T.);
#1903=ORIENTED_EDGE('',*,*,#1257,.T.);
#1904=ORIENTED_EDGE('',*,*,#1255,.T.);
#1905=ORIENTED_EDGE('',*,*,#1253,.T.);
#1906=ORIENTED_EDGE('',*,*,#1251,.T.);
#1907=ORIENTED_EDGE('',*,*,#1249,.T.);
#1908=ORIENTED_EDGE('',*,*,#1247,.T.);
#1909=ORIENTED_EDGE('',*,*,#1245,.T.);
#1910=ORIENTED_EDGE('',*,*,#1243,.T.);
#1911=ORIENTED_EDGE('',*,*,#1241,.T.);
#1912=ORIENTED_EDGE('',*,*,#1239,.T.);
#1913=ORIENTED_EDGE('',*,*,#1237,.T.);
#1914=ORIENTED_EDGE('',*,*,#1235,.T.);
#1915=ORIENTED_EDGE('',*,*,#1233,.T.);
#1916=ORIENTED_EDGE('',*,*,#1231,.T.);
#1917=ORIENTED_EDGE('',*,*,#1229,.T.);
#1918=ORIENTED_EDGE('',*,*,#1227,.T.);
#1919=ORIENTED_EDGE('',*,*,#1225,.T.);
#1920=ORIENTED_EDGE('',*,*,#1223,.T.);
#1921=ORIENTED_EDGE('',*,*,#1221,.T.);
#1922=ORIENTED_EDGE('',*,*,#1219,.T.);
#1923=ORIENTED_EDGE('',*,*,#1217,.T.);
#1924=ORIENTED_EDGE('',*,*,#1215,.T.);
#1925=ORIENTED_EDGE('',*,*,#1213,.T.);
#1926=ORIENTED_EDGE('',*,*,#1211,.T.);
#1927=ORIENTED_EDGE('',*,*,#1209,.T.);
#1928=ORIENTED_EDGE('',*,*,#1207,.T.);
#1929=ORIENTED_EDGE('',*,*,#1205,.T.);
#1930=ORIENTED_EDGE('',*,*,#1203,.T.);
#1931=ORIENTED_EDGE('',*,*,#1201,.T.);
#1932=ORIENTED_EDGE('',*,*,#1199,.T.);
#1933=ORIENTED_EDGE('',*,*,#1196,.T.);
#1934=ORIENTED_EDGE('',*,*,#1195,.T.);
#1935=ORIENTED_EDGE('',*,*,#1193,.T.);
#1936=ORIENTED_EDGE('',*,*,#1191,.T.);
#1937=ORIENTED_EDGE('',*,*,#1189,.T.);
#1938=ORIENTED_EDGE('',*,*,#1187,.T.);
#1939=ORIENTED_EDGE('',*,*,#1185,.T.);
#1940=ORIENTED_EDGE('',*,*,#1183,.T.);
#1941=ORIENTED_EDGE('',*,*,#1181,.T.);
#1942=CYLINDRICAL_SURFACE('',#2112,3.);
#1943=CYLINDRICAL_SURFACE('',#2169,3.);
#1944=CYLINDRICAL_SURFACE('',#2172,3.);
#1945=CYLINDRICAL_SURFACE('',#2174,3.);
#1946=CYLINDRICAL_SURFACE('',#2176,2.);
#1947=CYLINDRICAL_SURFACE('',#2179,2.);
#1948=CYLINDRICAL_SURFACE('',#2182,2.);
#1949=CYLINDRICAL_SURFACE('',#2185,2.);
#1950=CYLINDRICAL_SURFACE('',#2188,1.);
#1951=CYLINDRICAL_SURFACE('',#2191,1.);
#1952=CYLINDRICAL_SURFACE('',#2193,1.);
#1953=CYLINDRICAL_SURFACE('',#2196,1.);
#1954=CYLINDRICAL_SURFACE('',#2201,0.5);
#1955=CYLINDRICAL_SURFACE('',#2204,0.500000000000003);
#1956=CYLINDRICAL_SURFACE('',#2207,0.499999999999998);
#1957=CYLINDRICAL_SURFACE('',#2210,0.500000000000004);
#1958=CYLINDRICAL_SURFACE('',#2212,1.45);
#1959=CYLINDRICAL_SURFACE('',#2215,0.500000000000007);
#1960=CYLINDRICAL_SURFACE('',#2218,0.500000000000003);
#1961=CYLINDRICAL_SURFACE('',#2221,0.499999999999998);
#1962=CYLINDRICAL_SURFACE('',#2224,0.499999999999998);
#1963=CYLINDRICAL_SURFACE('',#2227,0.499999999999998);
#1964=CYLINDRICAL_SURFACE('',#2230,0.500000000000007);
#1965=CYLINDRICAL_SURFACE('',#2233,0.499999999999998);
#1966=CYLINDRICAL_SURFACE('',#2236,0.499999999999989);
#1967=CYLINDRICAL_SURFACE('',#2239,0.499999999999998);
#1968=CYLINDRICAL_SURFACE('',#2242,0.499999999999998);
#1969=CYLINDRICAL_SURFACE('',#2245,0.500000000000007);
#1970=CYLINDRICAL_SURFACE('',#2248,0.500000000000003);
#1971=CYLINDRICAL_SURFACE('',#2251,0.499999999999998);
#1972=CYLINDRICAL_SURFACE('',#2254,0.500000000000007);
#1973=CYLINDRICAL_SURFACE('',#2257,0.5);
#1974=CYLINDRICAL_SURFACE('',#2260,0.499999999999989);
#1975=CYLINDRICAL_SURFACE('',#2262,1.45);
#1976=CYLINDRICAL_SURFACE('',#2264,1.45);
#1977=CYLINDRICAL_SURFACE('',#2266,1.45);
#1978=CYLINDRICAL_SURFACE('',#2269,0.499999999999989);
#1979=CYLINDRICAL_SURFACE('',#2272,0.5);
#1980=CYLINDRICAL_SURFACE('',#2275,0.500000000000007);
#1981=CYLINDRICAL_SURFACE('',#2278,0.500000000000002);
#1982=CYLINDRICAL_SURFACE('',#2281,0.5);
#1983=CYLINDRICAL_SURFACE('',#2284,0.500000000000003);
#1984=CYLINDRICAL_SURFACE('',#2287,0.499999999999998);
#1985=CYLINDRICAL_SURFACE('',#2290,0.500000000000005);
#1986=CYLINDRICAL_SURFACE('',#2293,0.500000000000007);
#1987=CYLINDRICAL_SURFACE('',#2296,0.5);
#1988=CYLINDRICAL_SURFACE('',#2299,0.499999999999998);
#1989=CYLINDRICAL_SURFACE('',#2302,0.5);
#1990=CYLINDRICAL_SURFACE('',#2304,1.45);
#1991=CYLINDRICAL_SURFACE('',#2307,0.500000000000003);
#1992=CYLINDRICAL_SURFACE('',#2310,0.5);
#1993=CYLINDRICAL_SURFACE('',#2313,0.500000000000007);
#1994=CYLINDRICAL_SURFACE('',#2316,0.499999999999998);
#1995=ADVANCED_FACE('',(#95),#1942,.T.);
#1996=ADVANCED_FACE('',(#96),#45,.T.);
#1997=ADVANCED_FACE('',(#97,#15,#16,#17,#18,#19,#20,#21,#22,#23,#24,#25,
#26,#27,#28,#29),#46,.F.);
#1998=ADVANCED_FACE('',(#98),#1943,.T.);
#1999=ADVANCED_FACE('',(#99),#47,.T.);
#2000=ADVANCED_FACE('',(#100),#1944,.T.);
#2001=ADVANCED_FACE('',(#101),#1945,.T.);
#2002=ADVANCED_FACE('',(#102),#1946,.F.);
#2003=ADVANCED_FACE('',(#103),#48,.F.);
#2004=ADVANCED_FACE('',(#104),#1947,.F.);
#2005=ADVANCED_FACE('',(#105),#49,.F.);
#2006=ADVANCED_FACE('',(#106),#1948,.F.);
#2007=ADVANCED_FACE('',(#107),#50,.F.);
#2008=ADVANCED_FACE('',(#108),#1949,.F.);
#2009=ADVANCED_FACE('',(#109),#51,.F.);
#2010=ADVANCED_FACE('',(#110),#1950,.F.);
#2011=ADVANCED_FACE('',(#111),#52,.F.);
#2012=ADVANCED_FACE('',(#112),#1951,.F.);
#2013=ADVANCED_FACE('',(#113),#1952,.F.);
#2014=ADVANCED_FACE('',(#114),#53,.F.);
#2015=ADVANCED_FACE('',(#115),#1953,.F.);
#2016=ADVANCED_FACE('',(#116),#54,.F.);
#2017=ADVANCED_FACE('',(#117),#55,.F.);
#2018=ADVANCED_FACE('',(#118),#56,.T.);
#2019=ADVANCED_FACE('',(#119),#1954,.F.);
#2020=ADVANCED_FACE('',(#120),#57,.T.);
#2021=ADVANCED_FACE('',(#121),#1955,.F.);
#2022=ADVANCED_FACE('',(#122),#58,.T.);
#2023=ADVANCED_FACE('',(#123),#1956,.F.);
#2024=ADVANCED_FACE('',(#124),#59,.T.);
#2025=ADVANCED_FACE('',(#125),#1957,.F.);
#2026=ADVANCED_FACE('',(#126),#1958,.F.);
#2027=ADVANCED_FACE('',(#127),#60,.T.);
#2028=ADVANCED_FACE('',(#128),#1959,.F.);
#2029=ADVANCED_FACE('',(#129),#61,.T.);
#2030=ADVANCED_FACE('',(#130),#1960,.F.);
#2031=ADVANCED_FACE('',(#131),#62,.T.);
#2032=ADVANCED_FACE('',(#132),#1961,.F.);
#2033=ADVANCED_FACE('',(#133),#63,.T.);
#2034=ADVANCED_FACE('',(#134),#1962,.F.);
#2035=ADVANCED_FACE('',(#135),#64,.T.);
#2036=ADVANCED_FACE('',(#136),#1963,.F.);
#2037=ADVANCED_FACE('',(#137),#65,.T.);
#2038=ADVANCED_FACE('',(#138),#1964,.F.);
#2039=ADVANCED_FACE('',(#139),#66,.T.);
#2040=ADVANCED_FACE('',(#140),#1965,.F.);
#2041=ADVANCED_FACE('',(#141),#67,.T.);
#2042=ADVANCED_FACE('',(#142),#1966,.F.);
#2043=ADVANCED_FACE('',(#143),#68,.T.);
#2044=ADVANCED_FACE('',(#144),#1967,.F.);
#2045=ADVANCED_FACE('',(#145),#69,.T.);
#2046=ADVANCED_FACE('',(#146),#1968,.F.);
#2047=ADVANCED_FACE('',(#147),#70,.T.);
#2048=ADVANCED_FACE('',(#148),#1969,.F.);
#2049=ADVANCED_FACE('',(#149),#71,.T.);
#2050=ADVANCED_FACE('',(#150),#1970,.F.);
#2051=ADVANCED_FACE('',(#151),#72,.T.);
#2052=ADVANCED_FACE('',(#152),#1971,.F.);
#2053=ADVANCED_FACE('',(#153),#73,.T.);
#2054=ADVANCED_FACE('',(#154),#1972,.F.);
#2055=ADVANCED_FACE('',(#155),#74,.T.);
#2056=ADVANCED_FACE('',(#156),#1973,.F.);
#2057=ADVANCED_FACE('',(#157),#75,.T.);
#2058=ADVANCED_FACE('',(#158),#1974,.F.);
#2059=ADVANCED_FACE('',(#159),#1975,.F.);
#2060=ADVANCED_FACE('',(#160),#1976,.F.);
#2061=ADVANCED_FACE('',(#161),#1977,.F.);
#2062=ADVANCED_FACE('',(#162),#76,.T.);
#2063=ADVANCED_FACE('',(#163),#1978,.F.);
#2064=ADVANCED_FACE('',(#164),#77,.T.);
#2065=ADVANCED_FACE('',(#165),#1979,.F.);
#2066=ADVANCED_FACE('',(#166),#78,.T.);
#2067=ADVANCED_FACE('',(#167),#1980,.F.);
#2068=ADVANCED_FACE('',(#168),#79,.T.);
#2069=ADVANCED_FACE('',(#169),#1981,.F.);
#2070=ADVANCED_FACE('',(#170),#80,.T.);
#2071=ADVANCED_FACE('',(#171),#1982,.F.);
#2072=ADVANCED_FACE('',(#172),#81,.T.);
#2073=ADVANCED_FACE('',(#173),#1983,.F.);
#2074=ADVANCED_FACE('',(#174),#82,.T.);
#2075=ADVANCED_FACE('',(#175),#1984,.F.);
#2076=ADVANCED_FACE('',(#176),#83,.T.);
#2077=ADVANCED_FACE('',(#177),#1985,.F.);
#2078=ADVANCED_FACE('',(#178),#84,.T.);
#2079=ADVANCED_FACE('',(#179),#1986,.F.);
#2080=ADVANCED_FACE('',(#180),#85,.T.);
#2081=ADVANCED_FACE('',(#181),#1987,.F.);
#2082=ADVANCED_FACE('',(#182),#86,.T.);
#2083=ADVANCED_FACE('',(#183),#1988,.F.);
#2084=ADVANCED_FACE('',(#184),#87,.T.);
#2085=ADVANCED_FACE('',(#185),#1989,.F.);
#2086=ADVANCED_FACE('',(#186),#1990,.F.);
#2087=ADVANCED_FACE('',(#187),#88,.T.);
#2088=ADVANCED_FACE('',(#188),#1991,.F.);
#2089=ADVANCED_FACE('',(#189),#89,.T.);
#2090=ADVANCED_FACE('',(#190),#1992,.F.);
#2091=ADVANCED_FACE('',(#191),#90,.T.);
#2092=ADVANCED_FACE('',(#192),#1993,.F.);
#2093=ADVANCED_FACE('',(#193),#91,.T.);
#2094=ADVANCED_FACE('',(#194),#1994,.F.);
#2095=ADVANCED_FACE('',(#195),#92,.T.);
#2096=ADVANCED_FACE('',(#196),#93,.T.);
#2097=ADVANCED_FACE('',(#197,#30,#31,#32,#33,#34,#35,#36,#37,#38,#39,#40,
#41,#42,#43,#44),#94,.T.);
#2098=CLOSED_SHELL('',(#1995,#1996,#1997,#1998,#1999,#2000,#2001,#2002,
#2003,#2004,#2005,#2006,#2007,#2008,#2009,#2010,#2011,#2012,#2013,#2014,
#2015,#2016,#2017,#2018,#2019,#2020,#2021,#2022,#2023,#2024,#2025,#2026,
#2027,#2028,#2029,#2030,#2031,#2032,#2033,#2034,#2035,#2036,#2037,#2038,
#2039,#2040,#2041,#2042,#2043,#2044,#2045,#2046,#2047,#2048,#2049,#2050,
#2051,#2052,#2053,#2054,#2055,#2056,#2057,#2058,#2059,#2060,#2061,#2062,
#2063,#2064,#2065,#2066,#2067,#2068,#2069,#2070,#2071,#2072,#2073,#2074,
#2075,#2076,#2077,#2078,#2079,#2080,#2081,#2082,#2083,#2084,#2085,#2086,
#2087,#2088,#2089,#2090,#2091,#2092,#2093,#2094,#2095,#2096,#2097));
#2099=DERIVED_UNIT_ELEMENT(#2101,1.);
#2100=DERIVED_UNIT_ELEMENT(#3552,-3.);
#2101=(
MASS_UNIT()
NAMED_UNIT(*)
SI_UNIT(.KILO.,.GRAM.)
);
#2102=DERIVED_UNIT((#2099,#2100));
#2103=MEASURE_REPRESENTATION_ITEM('density measure',
POSITIVE_RATIO_MEASURE(7850.),#2102);
#2104=PROPERTY_DEFINITION_REPRESENTATION(#2109,#2106);
#2105=PROPERTY_DEFINITION_REPRESENTATION(#2110,#2107);
#2106=REPRESENTATION('material name',(#2108),#3549);
#2107=REPRESENTATION('density',(#2103),#3549);
#2108=DESCRIPTIVE_REPRESENTATION_ITEM('Steel','Steel');
#2109=PROPERTY_DEFINITION('material property','material name',#3559);
#2110=PROPERTY_DEFINITION('material property','density of part',#3559);
#2111=AXIS2_PLACEMENT_3D('',#2938,#2321,#2322);
#2112=AXIS2_PLACEMENT_3D('',#2939,#2323,#2324);
#2113=AXIS2_PLACEMENT_3D('',#2942,#2325,#2326);
#2114=AXIS2_PLACEMENT_3D('',#2946,#2328,#2329);
#2115=AXIS2_PLACEMENT_3D('',#2948,#2331,#2332);
#2116=AXIS2_PLACEMENT_3D('',#2954,#2336,#2337);
#2117=AXIS2_PLACEMENT_3D('',#2958,#2339,#2340);
#2118=AXIS2_PLACEMENT_3D('',#2962,#2342,#2343);
#2119=AXIS2_PLACEMENT_3D('',#2965,#2345,#2346);
#2120=AXIS2_PLACEMENT_3D('',#2970,#2348,#2349);
#2121=AXIS2_PLACEMENT_3D('',#2974,#2351,#2352);
#2122=AXIS2_PLACEMENT_3D('',#2978,#2354,#2355);
#2123=AXIS2_PLACEMENT_3D('',#2981,#2357,#2358);
#2124=AXIS2_PLACEMENT_3D('',#2986,#2360,#2361);
#2125=AXIS2_PLACEMENT_3D('',#2990,#2363,#2364);
#2126=AXIS2_PLACEMENT_3D('',#2994,#2366,#2367);
#2127=AXIS2_PLACEMENT_3D('',#2997,#2369,#2370);
#2128=AXIS2_PLACEMENT_3D('',#3000,#2371,#2372);
#2129=AXIS2_PLACEMENT_3D('',#3004,#2374,#2375);
#2130=AXIS2_PLACEMENT_3D('',#3008,#2377,#2378);
#2131=AXIS2_PLACEMENT_3D('',#3012,#2380,#2381);
#2132=AXIS2_PLACEMENT_3D('',#3015,#2383,#2384);
#2133=AXIS2_PLACEMENT_3D('',#3018,#2385,#2386);
#2134=AXIS2_PLACEMENT_3D('',#3022,#2388,#2389);
#2135=AXIS2_PLACEMENT_3D('',#3026,#2391,#2392);
#2136=AXIS2_PLACEMENT_3D('',#3030,#2394,#2395);
#2137=AXIS2_PLACEMENT_3D('',#3034,#2397,#2398);
#2138=AXIS2_PLACEMENT_3D('',#3038,#2400,#2401);
#2139=AXIS2_PLACEMENT_3D('',#3042,#2403,#2404);
#2140=AXIS2_PLACEMENT_3D('',#3046,#2406,#2407);
#2141=AXIS2_PLACEMENT_3D('',#3050,#2409,#2410);
#2142=AXIS2_PLACEMENT_3D('',#3054,#2412,#2413);
#2143=AXIS2_PLACEMENT_3D('',#3058,#2415,#2416);
#2144=AXIS2_PLACEMENT_3D('',#3062,#2418,#2419);
#2145=AXIS2_PLACEMENT_3D('',#3065,#2421,#2422);
#2146=AXIS2_PLACEMENT_3D('',#3068,#2423,#2424);
#2147=AXIS2_PLACEMENT_3D('',#3069,#2425,#2426);
#2148=AXIS2_PLACEMENT_3D('',#3072,#2427,#2428);
#2149=AXIS2_PLACEMENT_3D('',#3076,#2430,#2431);
#2150=AXIS2_PLACEMENT_3D('',#3080,#2433,#2434);
#2151=AXIS2_PLACEMENT_3D('',#3084,#2436,#2437);
#2152=AXIS2_PLACEMENT_3D('',#3088,#2439,#2440);
#2153=AXIS2_PLACEMENT_3D('',#3092,#2442,#2443);
#2154=AXIS2_PLACEMENT_3D('',#3096,#2445,#2446);
#2155=AXIS2_PLACEMENT_3D('',#3100,#2448,#2449);
#2156=AXIS2_PLACEMENT_3D('',#3104,#2451,#2452);
#2157=AXIS2_PLACEMENT_3D('',#3108,#2454,#2455);
#2158=AXIS2_PLACEMENT_3D('',#3112,#2457,#2458);
#2159=AXIS2_PLACEMENT_3D('',#3116,#2460,#2461);
#2160=AXIS2_PLACEMENT_3D('',#3120,#2463,#2464);
#2161=AXIS2_PLACEMENT_3D('',#3124,#2466,#2467);
#2162=AXIS2_PLACEMENT_3D('',#3128,#2469,#2470);
#2163=AXIS2_PLACEMENT_3D('',#3132,#2472,#2473);
#2164=AXIS2_PLACEMENT_3D('',#3135,#2475,#2476);
#2165=AXIS2_PLACEMENT_3D('',#3138,#2477,#2478);
#2166=AXIS2_PLACEMENT_3D('',#3142,#2480,#2481);
#2167=AXIS2_PLACEMENT_3D('',#3146,#2483,#2484);
#2168=AXIS2_PLACEMENT_3D('',#3150,#2486,#2487);
#2169=AXIS2_PLACEMENT_3D('',#3152,#2489,#2490);
#2170=AXIS2_PLACEMENT_3D('',#3155,#2491,#2492);
#2171=AXIS2_PLACEMENT_3D('',#3158,#2495,#2496);
#2172=AXIS2_PLACEMENT_3D('',#3162,#2499,#2500);
#2173=AXIS2_PLACEMENT_3D('',#3164,#2501,#2502);
#2174=AXIS2_PLACEMENT_3D('',#3166,#2504,#2505);
#2175=AXIS2_PLACEMENT_3D('',#3168,#2506,#2507);
#2176=AXIS2_PLACEMENT_3D('',#3170,#2509,#2510);
#2177=AXIS2_PLACEMENT_3D('',#3174,#2512,#2513);
#2178=AXIS2_PLACEMENT_3D('',#3176,#2515,#2516);
#2179=AXIS2_PLACEMENT_3D('',#3180,#2519,#2520);
#2180=AXIS2_PLACEMENT_3D('',#3184,#2522,#2523);
#2181=AXIS2_PLACEMENT_3D('',#3186,#2525,#2526);
#2182=AXIS2_PLACEMENT_3D('',#3190,#2529,#2530);
#2183=AXIS2_PLACEMENT_3D('',#3193,#2532,#2533);
#2184=AXIS2_PLACEMENT_3D('',#3194,#2534,#2535);
#2185=AXIS2_PLACEMENT_3D('',#3198,#2538,#2539);
#2186=AXIS2_PLACEMENT_3D('',#3199,#2540,#2541);
#2187=AXIS2_PLACEMENT_3D('',#3200,#2542,#2543);
#2188=AXIS2_PLACEMENT_3D('',#3202,#2545,#2546);
#2189=AXIS2_PLACEMENT_3D('',#3205,#2547,#2548);
#2190=AXIS2_PLACEMENT_3D('',#3208,#2551,#2552);
#2191=AXIS2_PLACEMENT_3D('',#3212,#2555,#2556);
#2192=AXIS2_PLACEMENT_3D('',#3214,#2557,#2558);
#2193=AXIS2_PLACEMENT_3D('',#3216,#2560,#2561);
#2194=AXIS2_PLACEMENT_3D('',#3219,#2562,#2563);
#2195=AXIS2_PLACEMENT_3D('',#3222,#2566,#2567);
#2196=AXIS2_PLACEMENT_3D('',#3226,#2570,#2571);
#2197=AXIS2_PLACEMENT_3D('',#3228,#2572,#2573);
#2198=AXIS2_PLACEMENT_3D('',#3230,#2575,#2576);
#2199=AXIS2_PLACEMENT_3D('',#3232,#2578,#2579);
#2200=AXIS2_PLACEMENT_3D('',#3234,#2581,#2582);
#2201=AXIS2_PLACEMENT_3D('',#3240,#2586,#2587);
#2202=AXIS2_PLACEMENT_3D('',#3242,#2588,#2589);
#2203=AXIS2_PLACEMENT_3D('',#3244,#2591,#2592);
#2204=AXIS2_PLACEMENT_3D('',#3248,#2595,#2596);
#2205=AXIS2_PLACEMENT_3D('',#3250,#2597,#2598);
#2206=AXIS2_PLACEMENT_3D('',#3252,#2600,#2601);
#2207=AXIS2_PLACEMENT_3D('',#3256,#2604,#2605);
#2208=AXIS2_PLACEMENT_3D('',#3258,#2606,#2607);
#2209=AXIS2_PLACEMENT_3D('',#3260,#2609,#2610);
#2210=AXIS2_PLACEMENT_3D('',#3264,#2613,#2614);
#2211=AXIS2_PLACEMENT_3D('',#3265,#2615,#2616);
#2212=AXIS2_PLACEMENT_3D('',#3266,#2617,#2618);
#2213=AXIS2_PLACEMENT_3D('',#3268,#2619,#2620);
#2214=AXIS2_PLACEMENT_3D('',#3270,#2622,#2623);
#2215=AXIS2_PLACEMENT_3D('',#3276,#2627,#2628);
#2216=AXIS2_PLACEMENT_3D('',#3278,#2629,#2630);
#2217=AXIS2_PLACEMENT_3D('',#3280,#2632,#2633);
#2218=AXIS2_PLACEMENT_3D('',#3284,#2636,#2637);
#2219=AXIS2_PLACEMENT_3D('',#3286,#2638,#2639);
#2220=AXIS2_PLACEMENT_3D('',#3288,#2641,#2642);
#2221=AXIS2_PLACEMENT_3D('',#3292,#2645,#2646);
#2222=AXIS2_PLACEMENT_3D('',#3294,#2647,#2648);
#2223=AXIS2_PLACEMENT_3D('',#3296,#2650,#2651);
#2224=AXIS2_PLACEMENT_3D('',#3300,#2654,#2655);
#2225=AXIS2_PLACEMENT_3D('',#3301,#2656,#2657);
#2226=AXIS2_PLACEMENT_3D('',#3302,#2658,#2659);
#2227=AXIS2_PLACEMENT_3D('',#3308,#2663,#2664);
#2228=AXIS2_PLACEMENT_3D('',#3310,#2665,#2666);
#2229=AXIS2_PLACEMENT_3D('',#3312,#2668,#2669);
#2230=AXIS2_PLACEMENT_3D('',#3316,#2672,#2673);
#2231=AXIS2_PLACEMENT_3D('',#3318,#2674,#2675);
#2232=AXIS2_PLACEMENT_3D('',#3320,#2677,#2678);
#2233=AXIS2_PLACEMENT_3D('',#3324,#2681,#2682);
#2234=AXIS2_PLACEMENT_3D('',#3326,#2683,#2684);
#2235=AXIS2_PLACEMENT_3D('',#3328,#2686,#2687);
#2236=AXIS2_PLACEMENT_3D('',#3332,#2690,#2691);
#2237=AXIS2_PLACEMENT_3D('',#3333,#2692,#2693);
#2238=AXIS2_PLACEMENT_3D('',#3334,#2694,#2695);
#2239=AXIS2_PLACEMENT_3D('',#3340,#2699,#2700);
#2240=AXIS2_PLACEMENT_3D('',#3342,#2701,#2702);
#2241=AXIS2_PLACEMENT_3D('',#3344,#2704,#2705);
#2242=AXIS2_PLACEMENT_3D('',#3348,#2708,#2709);
#2243=AXIS2_PLACEMENT_3D('',#3350,#2710,#2711);
#2244=AXIS2_PLACEMENT_3D('',#3352,#2713,#2714);
#2245=AXIS2_PLACEMENT_3D('',#3356,#2717,#2718);
#2246=AXIS2_PLACEMENT_3D('',#3358,#2719,#2720);
#2247=AXIS2_PLACEMENT_3D('',#3360,#2722,#2723);
#2248=AXIS2_PLACEMENT_3D('',#3364,#2726,#2727);
#2249=AXIS2_PLACEMENT_3D('',#3365,#2728,#2729);
#2250=AXIS2_PLACEMENT_3D('',#3366,#2730,#2731);
#2251=AXIS2_PLACEMENT_3D('',#3372,#2735,#2736);
#2252=AXIS2_PLACEMENT_3D('',#3374,#2737,#2738);
#2253=AXIS2_PLACEMENT_3D('',#3376,#2740,#2741);
#2254=AXIS2_PLACEMENT_3D('',#3380,#2744,#2745);
#2255=AXIS2_PLACEMENT_3D('',#3382,#2746,#2747);
#2256=AXIS2_PLACEMENT_3D('',#3384,#2749,#2750);
#2257=AXIS2_PLACEMENT_3D('',#3388,#2753,#2754);
#2258=AXIS2_PLACEMENT_3D('',#3390,#2755,#2756);
#2259=AXIS2_PLACEMENT_3D('',#3392,#2758,#2759);
#2260=AXIS2_PLACEMENT_3D('',#3396,#2762,#2763);
#2261=AXIS2_PLACEMENT_3D('',#3397,#2764,#2765);
#2262=AXIS2_PLACEMENT_3D('',#3398,#2766,#2767);
#2263=AXIS2_PLACEMENT_3D('',#3402,#2769,#2770);
#2264=AXIS2_PLACEMENT_3D('',#3404,#2772,#2773);
#2265=AXIS2_PLACEMENT_3D('',#3405,#2774,#2775);
#2266=AXIS2_PLACEMENT_3D('',#3406,#2776,#2777);
#2267=AXIS2_PLACEMENT_3D('',#3408,#2778,#2779);
#2268=AXIS2_PLACEMENT_3D('',#3410,#2781,#2782);
#2269=AXIS2_PLACEMENT_3D('',#3416,#2786,#2787);
#2270=AXIS2_PLACEMENT_3D('',#3418,#2788,#2789);
#2271=AXIS2_PLACEMENT_3D('',#3420,#2791,#2792);
#2272=AXIS2_PLACEMENT_3D('',#3424,#2795,#2796);
#2273=AXIS2_PLACEMENT_3D('',#3426,#2797,#2798);
#2274=AXIS2_PLACEMENT_3D('',#3428,#2800,#2801);
#2275=AXIS2_PLACEMENT_3D('',#3432,#2804,#2805);
#2276=AXIS2_PLACEMENT_3D('',#3434,#2806,#2807);
#2277=AXIS2_PLACEMENT_3D('',#3436,#2809,#2810);
#2278=AXIS2_PLACEMENT_3D('',#3440,#2813,#2814);
#2279=AXIS2_PLACEMENT_3D('',#3441,#2815,#2816);
#2280=AXIS2_PLACEMENT_3D('',#3442,#2817,#2818);
#2281=AXIS2_PLACEMENT_3D('',#3448,#2822,#2823);
#2282=AXIS2_PLACEMENT_3D('',#3450,#2824,#2825);
#2283=AXIS2_PLACEMENT_3D('',#3452,#2827,#2828);
#2284=AXIS2_PLACEMENT_3D('',#3456,#2831,#2832);
#2285=AXIS2_PLACEMENT_3D('',#3458,#2833,#2834);
#2286=AXIS2_PLACEMENT_3D('',#3460,#2836,#2837);
#2287=AXIS2_PLACEMENT_3D('',#3464,#2840,#2841);
#2288=AXIS2_PLACEMENT_3D('',#3466,#2842,#2843);
#2289=AXIS2_PLACEMENT_3D('',#3468,#2845,#2846);
#2290=AXIS2_PLACEMENT_3D('',#3472,#2849,#2850);
#2291=AXIS2_PLACEMENT_3D('',#3473,#2851,#2852);
#2292=AXIS2_PLACEMENT_3D('',#3474,#2853,#2854);
#2293=AXIS2_PLACEMENT_3D('',#3480,#2858,#2859);
#2294=AXIS2_PLACEMENT_3D('',#3482,#2860,#2861);
#2295=AXIS2_PLACEMENT_3D('',#3484,#2863,#2864);
#2296=AXIS2_PLACEMENT_3D('',#3488,#2867,#2868);
#2297=AXIS2_PLACEMENT_3D('',#3490,#2869,#2870);
#2298=AXIS2_PLACEMENT_3D('',#3492,#2872,#2873);
#2299=AXIS2_PLACEMENT_3D('',#3496,#2876,#2877);
#2300=AXIS2_PLACEMENT_3D('',#3498,#2878,#2879);
#2301=AXIS2_PLACEMENT_3D('',#3500,#2881,#2882);
#2302=AXIS2_PLACEMENT_3D('',#3504,#2885,#2886);
#2303=AXIS2_PLACEMENT_3D('',#3505,#2887,#2888);
#2304=AXIS2_PLACEMENT_3D('',#3506,#2889,#2890);
#2305=AXIS2_PLACEMENT_3D('',#3508,#2891,#2892);
#2306=AXIS2_PLACEMENT_3D('',#3510,#2894,#2895);
#2307=AXIS2_PLACEMENT_3D('',#3516,#2899,#2900);
#2308=AXIS2_PLACEMENT_3D('',#3518,#2901,#2902);
#2309=AXIS2_PLACEMENT_3D('',#3520,#2904,#2905);
#2310=AXIS2_PLACEMENT_3D('',#3524,#2908,#2909);
#2311=AXIS2_PLACEMENT_3D('',#3526,#2910,#2911);
#2312=AXIS2_PLACEMENT_3D('',#3528,#2913,#2914);
#2313=AXIS2_PLACEMENT_3D('',#3532,#2917,#2918);
#2314=AXIS2_PLACEMENT_3D('',#3534,#2919,#2920);
#2315=AXIS2_PLACEMENT_3D('',#3536,#2922,#2923);
#2316=AXIS2_PLACEMENT_3D('',#3540,#2926,#2927);
#2317=AXIS2_PLACEMENT_3D('',#3541,#2928,#2929);
#2318=AXIS2_PLACEMENT_3D('',#3542,#2930,#2931);
#2319=AXIS2_PLACEMENT_3D('',#3544,#2933,#2934);
#2320=AXIS2_PLACEMENT_3D('',#3546,#2936,#2937);
#2321=DIRECTION('axis',(0.,0.,1.));
#2322=DIRECTION('refdir',(1.,0.,0.));
#2323=DIRECTION('center_axis',(0.,1.,0.));
#2324=DIRECTION('ref_axis',(0.707106781186548,0.,0.707106781186548));
#2325=DIRECTION('center_axis',(0.,-1.,0.));
#2326=DIRECTION('ref_axis',(0.707106781186548,0.,0.707106781186548));
#2327=DIRECTION('',(0.,-1.,0.));
#2328=DIRECTION('center_axis',(0.,1.,0.));
#2329=DIRECTION('ref_axis',(0.707106781186548,0.,0.707106781186548));
#2330=DIRECTION('',(0.,1.,0.));
#2331=DIRECTION('center_axis',(1.,0.,-1.87181964109615E-16));
#2332=DIRECTION('ref_axis',(-1.87181964109615E-16,0.,-1.));
#2333=DIRECTION('',(-1.87181964109615E-16,0.,-1.));
#2334=DIRECTION('',(0.,-1.,0.));
#2335=DIRECTION('',(-1.87181964109615E-16,0.,-1.));
#2336=DIRECTION('center_axis',(0.,1.,0.));
#2337=DIRECTION('ref_axis',(-1.,0.,0.));
#2338=DIRECTION('',(1.,0.,-7.43868023199435E-17));
#2339=DIRECTION('center_axis',(0.,1.,0.));
#2340=DIRECTION('ref_axis',(-0.707106781186548,0.,0.707106781186547));
#2341=DIRECTION('',(0.,0.,1.));
#2342=DIRECTION('center_axis',(0.,1.,0.));
#2343=DIRECTION('ref_axis',(-0.707106781186547,0.,-0.707106781186547));
#2344=DIRECTION('',(-1.,0.,1.48773604639887E-16));
#2345=DIRECTION('center_axis',(0.,1.,0.));
#2346=DIRECTION('ref_axis',(0.707106781186549,0.,-0.707106781186546));
#2347=DIRECTION('',(0.,0.,-1.));
#2348=DIRECTION('center_axis',(0.,-1.,0.));
#2349=DIRECTION('ref_axis',(0.707106781186547,0.,-0.707106781186548));
#2350=DIRECTION('',(-1.,0.,0.));
#2351=DIRECTION('center_axis',(0.,-1.,0.));
#2352=DIRECTION('ref_axis',(-0.707106781186548,0.,-0.707106781186548));
#2353=DIRECTION('',(0.,0.,1.));
#2354=DIRECTION('center_axis',(0.,-1.,0.));
#2355=DIRECTION('ref_axis',(-0.887986462896435,0.,0.459869592072229));
#2356=DIRECTION('',(0.816715944915689,0.,0.577039916574645));
#2357=DIRECTION('center_axis',(0.,-1.,0.));
#2358=DIRECTION('ref_axis',(1.,0.,0.));
#2359=DIRECTION('',(1.,0.,0.));
#2360=DIRECTION('center_axis',(0.,-1.,0.));
#2361=DIRECTION('ref_axis',(0.707106781186546,0.,0.707106781186549));
#2362=DIRECTION('',(0.,0.,-1.));
#2363=DIRECTION('center_axis',(0.,-1.,0.));
#2364=DIRECTION('ref_axis',(0.707106781186544,0.,-0.707106781186551));
#2365=DIRECTION('',(-1.,0.,0.));
#2366=DIRECTION('center_axis',(0.,-1.,0.));
#2367=DIRECTION('ref_axis',(-0.707106781186551,0.,-0.707106781186544));
#2368=DIRECTION('',(0.,0.,1.));
#2369=DIRECTION('center_axis',(0.,-1.,0.));
#2370=DIRECTION('ref_axis',(-0.707106781186546,0.,0.707106781186549));
#2371=DIRECTION('center_axis',(0.,-1.,0.));
#2372=DIRECTION('ref_axis',(1.,0.,0.));
#2373=DIRECTION('',(1.,0.,0.));
#2374=DIRECTION('center_axis',(0.,-1.,0.));
#2375=DIRECTION('ref_axis',(-4.4408920985006E-15,0.,-1.));
#2376=DIRECTION('',(0.,0.,-1.));
#2377=DIRECTION('center_axis',(0.,-1.,0.));
#2378=DIRECTION('ref_axis',(-1.,0.,0.));
#2379=DIRECTION('',(-1.,0.,0.));
#2380=DIRECTION('center_axis',(0.,-1.,0.));
#2381=DIRECTION('ref_axis',(1.77635683940023E-14,0.,1.));
#2382=DIRECTION('',(0.,0.,1.));
#2383=DIRECTION('center_axis',(0.,-1.,0.));
#2384=DIRECTION('ref_axis',(-1.,0.,0.));
#2385=DIRECTION('center_axis',(0.,-1.,0.));
#2386=DIRECTION('ref_axis',(0.,0.,1.));
#2387=DIRECTION('',(0.,0.,1.));
#2388=DIRECTION('center_axis',(0.,-1.,0.));
#2389=DIRECTION('ref_axis',(1.,0.,0.));
#2390=DIRECTION('',(1.,0.,0.));
#2391=DIRECTION('center_axis',(0.,-1.,0.));
#2392=DIRECTION('ref_axis',(1.77635683940025E-14,0.,-1.));
#2393=DIRECTION('',(0.,0.,-1.));
#2394=DIRECTION('center_axis',(0.,-1.,0.));
#2395=DIRECTION('ref_axis',(-1.,0.,0.));
#2396=DIRECTION('',(-1.,0.,0.));
#2397=DIRECTION('center_axis',(0.,-1.,0.));
#2398=DIRECTION('ref_axis',(-4.44089209850058E-15,0.,-1.));
#2399=DIRECTION('',(0.,0.,-1.));
#2400=DIRECTION('center_axis',(0.,-1.,0.));
#2401=DIRECTION('ref_axis',(-1.,0.,0.));
#2402=DIRECTION('',(-1.,0.,0.));
#2403=DIRECTION('center_axis',(0.,-1.,0.));
#2404=DIRECTION('ref_axis',(1.77635683940024E-14,0.,1.));
#2405=DIRECTION('',(0.,0.,1.));
#2406=DIRECTION('center_axis',(0.,-1.,0.));
#2407=DIRECTION('ref_axis',(1.,0.,0.));
#2408=DIRECTION('',(1.,0.,0.));
#2409=DIRECTION('center_axis',(0.,-1.,0.));
#2410=DIRECTION('ref_axis',(3.55271367880049E-14,0.,-1.));
#2411=DIRECTION('',(0.,0.,-1.));
#2412=DIRECTION('center_axis',(0.,-1.,0.));
#2413=DIRECTION('ref_axis',(-1.,0.,2.22044604925036E-15));
#2414=DIRECTION('',(-1.,0.,-2.22044604925031E-16));
#2415=DIRECTION('center_axis',(0.,-1.,0.));
#2416=DIRECTION('ref_axis',(0.,0.,1.));
#2417=DIRECTION('',(0.,0.,1.));
#2418=DIRECTION('center_axis',(0.,-1.,0.));
#2419=DIRECTION('ref_axis',(1.,0.,-2.22044604925028E-15));
#2420=DIRECTION('',(1.,0.,7.40148683083439E-17));
#2421=DIRECTION('center_axis',(0.,-1.,0.));
#2422=DIRECTION('ref_axis',(-1.,0.,0.));
#2423=DIRECTION('center_axis',(0.,-1.,0.));
#2424=DIRECTION('ref_axis',(-1.,0.,0.));
#2425=DIRECTION('center_axis',(0.,-1.,0.));
#2426=DIRECTION('ref_axis',(-1.,0.,0.));
#2427=DIRECTION('center_axis',(0.,-1.,0.));
#2428=DIRECTION('ref_axis',(-1.,0.,0.));
#2429=DIRECTION('',(-1.,0.,0.));
#2430=DIRECTION('center_axis',(0.,-1.,0.));
#2431=DIRECTION('ref_axis',(0.,0.,1.));
#2432=DIRECTION('',(0.,0.,1.));
#2433=DIRECTION('center_axis',(0.,-1.,0.));
#2434=DIRECTION('ref_axis',(1.,0.,-4.44089209850056E-15));
#2435=DIRECTION('',(1.,0.,0.));
#2436=DIRECTION('center_axis',(0.,-1.,0.));
#2437=DIRECTION('ref_axis',(3.5527136788005E-14,0.,-1.));
#2438=DIRECTION('',(0.,0.,-1.));
#2439=DIRECTION('center_axis',(0.,-1.,0.));
#2440=DIRECTION('ref_axis',(1.77635683940024E-14,0.,-1.));
#2441=DIRECTION('',(0.,0.,-1.));
#2442=DIRECTION('center_axis',(0.,-1.,0.));
#2443=DIRECTION('ref_axis',(-1.,0.,0.));
#2444=DIRECTION('',(-1.,0.,0.));
#2445=DIRECTION('center_axis',(0.,-1.,0.));
#2446=DIRECTION('ref_axis',(0.,0.,1.));
#2447=DIRECTION('',(0.,0.,1.));
#2448=DIRECTION('center_axis',(0.,-1.,0.));
#2449=DIRECTION('ref_axis',(1.,0.,0.));
#2450=DIRECTION('',(1.,0.,0.));
#2451=DIRECTION('center_axis',(0.,-1.,0.));
#2452=DIRECTION('ref_axis',(-1.,0.,0.));
#2453=DIRECTION('',(-1.,0.,0.));
#2454=DIRECTION('center_axis',(0.,-1.,0.));
#2455=DIRECTION('ref_axis',(0.,0.,1.));
#2456=DIRECTION('',(0.,0.,1.));
#2457=DIRECTION('center_axis',(0.,-1.,0.));
#2458=DIRECTION('ref_axis',(1.,0.,0.));
#2459=DIRECTION('',(1.,0.,0.));
#2460=DIRECTION('center_axis',(0.,-1.,0.));
#2461=DIRECTION('ref_axis',(3.55271367880051E-14,0.,-1.));
#2462=DIRECTION('',(0.,0.,-1.));
#2463=DIRECTION('center_axis',(0.,-1.,0.));
#2464=DIRECTION('ref_axis',(0.,0.,1.));
#2465=DIRECTION('',(0.,0.,1.));
#2466=DIRECTION('center_axis',(0.,-1.,0.));
#2467=DIRECTION('ref_axis',(1.,0.,0.));
#2468=DIRECTION('',(1.,0.,0.));
#2469=DIRECTION('center_axis',(0.,-1.,0.));
#2470=DIRECTION('ref_axis',(1.77635683940024E-14,0.,-1.));
#2471=DIRECTION('',(0.,0.,-1.));
#2472=DIRECTION('center_axis',(0.,-1.,0.));
#2473=DIRECTION('ref_axis',(-1.,0.,0.));
#2474=DIRECTION('',(-1.,0.,0.));
#2475=DIRECTION('center_axis',(0.,-1.,0.));
#2476=DIRECTION('ref_axis',(-1.,0.,0.));
#2477=DIRECTION('center_axis',(0.,-1.,0.));
#2478=DIRECTION('ref_axis',(-4.44089209850059E-15,0.,-1.));
#2479=DIRECTION('',(0.,0.,-1.));
#2480=DIRECTION('center_axis',(0.,-1.,0.));
#2481=DIRECTION('ref_axis',(-1.,0.,-2.22044604925031E-15));
#2482=DIRECTION('',(-1.,0.,-1.48029736616687E-16));
#2483=DIRECTION('center_axis',(0.,-1.,0.));
#2484=DIRECTION('ref_axis',(1.77635683940024E-14,0.,1.));
#2485=DIRECTION('',(0.,0.,1.));
#2486=DIRECTION('center_axis',(0.,-1.,0.));
#2487=DIRECTION('ref_axis',(1.,0.,0.));
#2488=DIRECTION('',(1.,0.,0.));
#2489=DIRECTION('center_axis',(0.,1.,0.));
#2490=DIRECTION('ref_axis',(-0.707106781186548,0.,0.707106781186547));
#2491=DIRECTION('center_axis',(0.,-1.,0.));
#2492=DIRECTION('ref_axis',(-0.707106781186548,0.,0.707106781186547));
#2493=DIRECTION('',(0.,-1.,0.));
#2494=DIRECTION('',(0.,1.,0.));
#2495=DIRECTION('center_axis',(-1.,0.,0.));
#2496=DIRECTION('ref_axis',(0.,0.,1.));
#2497=DIRECTION('',(0.,0.,1.));
#2498=DIRECTION('',(0.,1.,0.));
#2499=DIRECTION('center_axis',(0.,1.,0.));
#2500=DIRECTION('ref_axis',(-0.707106781186547,0.,-0.707106781186547));
#2501=DIRECTION('center_axis',(0.,-1.,0.));
#2502=DIRECTION('ref_axis',(-0.707106781186547,0.,-0.707106781186547));
#2503=DIRECTION('',(0.,-1.,0.));
#2504=DIRECTION('center_axis',(0.,1.,0.));
#2505=DIRECTION('ref_axis',(0.707106781186549,0.,-0.707106781186546));
#2506=DIRECTION('center_axis',(0.,-1.,0.));
#2507=DIRECTION('ref_axis',(0.707106781186549,0.,-0.707106781186546));
#2508=DIRECTION('',(0.,1.,0.));
#2509=DIRECTION('center_axis',(0.,-1.,0.));
#2510=DIRECTION('ref_axis',(1.,0.,0.));
#2511=DIRECTION('',(0.,1.,0.));
#2512=DIRECTION('center_axis',(0.,1.,0.));
#2513=DIRECTION('ref_axis',(1.,0.,0.));
#2514=DIRECTION('',(0.,-1.,0.));
#2515=DIRECTION('center_axis',(1.,0.,0.));
#2516=DIRECTION('ref_axis',(0.,0.,-1.));
#2517=DIRECTION('',(0.,0.,1.));
#2518=DIRECTION('',(0.,1.,0.));
#2519=DIRECTION('center_axis',(0.,1.,0.));
#2520=DIRECTION('ref_axis',(-0.887986462896435,0.,0.459869592072229));
#2521=DIRECTION('',(0.,1.,0.));
#2522=DIRECTION('center_axis',(0.,1.,0.));
#2523=DIRECTION('ref_axis',(-0.887986462896435,0.,0.459869592072229));
#2524=DIRECTION('',(0.,-1.,0.));
#2525=DIRECTION('center_axis',(-1.,0.,0.));
#2526=DIRECTION('ref_axis',(0.,0.,1.));
#2527=DIRECTION('',(0.,-1.,0.));
#2528=DIRECTION('',(0.,0.,-1.));
#2529=DIRECTION('center_axis',(0.,1.,0.));
#2530=DIRECTION('ref_axis',(-0.707106781186548,0.,-0.707106781186548));
#2531=DIRECTION('',(0.,1.,0.));
#2532=DIRECTION('center_axis',(0.,1.,0.));
#2533=DIRECTION('ref_axis',(-0.707106781186548,0.,-0.707106781186548));
#2534=DIRECTION('center_axis',(0.,0.,-1.));
#2535=DIRECTION('ref_axis',(-1.,0.,0.));
#2536=DIRECTION('',(0.,-1.,0.));
#2537=DIRECTION('',(1.,0.,0.));
#2538=DIRECTION('center_axis',(0.,1.,0.));
#2539=DIRECTION('ref_axis',(0.707106781186547,0.,-0.707106781186548));
#2540=DIRECTION('center_axis',(0.,1.,0.));
#2541=DIRECTION('ref_axis',(0.707106781186547,0.,-0.707106781186548));
#2542=DIRECTION('center_axis',(-0.577039916574645,0.,0.816715944915689));
#2543=DIRECTION('ref_axis',(0.816715944915689,0.,0.577039916574645));
#2544=DIRECTION('',(-0.816715944915689,0.,-0.577039916574645));
#2545=DIRECTION('center_axis',(0.,-1.,0.));
#2546=DIRECTION('ref_axis',(-0.707106781186546,0.,0.707106781186549));
#2547=DIRECTION('center_axis',(0.,1.,0.));
#2548=DIRECTION('ref_axis',(-0.707106781186546,0.,0.707106781186549));
#2549=DIRECTION('',(0.,-1.,0.));
#2550=DIRECTION('',(0.,1.,0.));
#2551=DIRECTION('center_axis',(0.,0.,1.));
#2552=DIRECTION('ref_axis',(1.,0.,0.));
#2553=DIRECTION('',(-1.,0.,0.));
#2554=DIRECTION('',(0.,1.,0.));
#2555=DIRECTION('center_axis',(0.,1.,0.));
#2556=DIRECTION('ref_axis',(0.707106781186546,0.,0.707106781186549));
#2557=DIRECTION('center_axis',(0.,1.,0.));
#2558=DIRECTION('ref_axis',(0.707106781186546,0.,0.707106781186549));
#2559=DIRECTION('',(0.,-1.,0.));
#2560=DIRECTION('center_axis',(0.,-1.,0.));
#2561=DIRECTION('ref_axis',(0.707106781186544,0.,-0.707106781186551));
#2562=DIRECTION('center_axis',(0.,1.,0.));
#2563=DIRECTION('ref_axis',(0.707106781186544,0.,-0.707106781186551));
#2564=DIRECTION('',(0.,-1.,0.));
#2565=DIRECTION('',(0.,1.,0.));
#2566=DIRECTION('center_axis',(0.,0.,-1.));
#2567=DIRECTION('ref_axis',(-1.,0.,0.));
#2568=DIRECTION('',(1.,0.,0.));
#2569=DIRECTION('',(0.,1.,0.));
#2570=DIRECTION('center_axis',(0.,-1.,0.));
#2571=DIRECTION('ref_axis',(-0.707106781186551,0.,-0.707106781186544));
#2572=DIRECTION('center_axis',(0.,1.,0.));
#2573=DIRECTION('ref_axis',(-0.707106781186551,0.,-0.707106781186544));
#2574=DIRECTION('',(0.,-1.,0.));
#2575=DIRECTION('center_axis',(-1.,0.,0.));
#2576=DIRECTION('ref_axis',(0.,0.,1.));
#2577=DIRECTION('',(0.,0.,-1.));
#2578=DIRECTION('center_axis',(1.,0.,0.));
#2579=DIRECTION('ref_axis',(0.,0.,-1.));
#2580=DIRECTION('',(0.,0.,1.));
#2581=DIRECTION('center_axis',(1.,0.,0.));
#2582=DIRECTION('ref_axis',(0.,0.,-1.));
#2583=DIRECTION('',(0.,1.,0.));
#2584=DIRECTION('',(0.,0.,-1.));
#2585=DIRECTION('',(0.,1.,0.));
#2586=DIRECTION('center_axis',(0.,1.,0.));
#2587=DIRECTION('ref_axis',(-1.,0.,-2.22044604925031E-15));
#2588=DIRECTION('center_axis',(0.,-1.,0.));
#2589=DIRECTION('ref_axis',(-1.,0.,-2.22044604925031E-15));
#2590=DIRECTION('',(0.,1.,0.));
#2591=DIRECTION('center_axis',(1.48029736616687E-16,0.,-1.));
#2592=DIRECTION('ref_axis',(-1.,0.,-1.48029736616687E-16));
#2593=DIRECTION('',(-1.,0.,-1.48029736616687E-16));
#2594=DIRECTION('',(0.,1.,0.));
#2595=DIRECTION('center_axis',(0.,1.,0.));
#2596=DIRECTION('ref_axis',(1.77635683940024E-14,0.,1.));
#2597=DIRECTION('center_axis',(0.,-1.,0.));
#2598=DIRECTION('ref_axis',(1.77635683940024E-14,0.,1.));
#2599=DIRECTION('',(0.,1.,0.));
#2600=DIRECTION('center_axis',(-1.,0.,0.));
#2601=DIRECTION('ref_axis',(0.,0.,1.));
#2602=DIRECTION('',(0.,0.,1.));
#2603=DIRECTION('',(0.,1.,0.));
#2604=DIRECTION('center_axis',(0.,1.,0.));
#2605=DIRECTION('ref_axis',(1.,0.,0.));
#2606=DIRECTION('center_axis',(0.,-1.,0.));
#2607=DIRECTION('ref_axis',(1.,0.,0.));
#2608=DIRECTION('',(0.,1.,0.));
#2609=DIRECTION('center_axis',(0.,0.,1.));
#2610=DIRECTION('ref_axis',(1.,0.,0.));
#2611=DIRECTION('',(1.,0.,0.));
#2612=DIRECTION('',(0.,1.,0.));
#2613=DIRECTION('center_axis',(0.,1.,0.));
#2614=DIRECTION('ref_axis',(-4.44089209850059E-15,0.,-1.));
#2615=DIRECTION('center_axis',(0.,-1.,0.));
#2616=DIRECTION('ref_axis',(-4.44089209850059E-15,0.,-1.));
#2617=DIRECTION('center_axis',(0.,1.,0.));
#2618=DIRECTION('ref_axis',(-1.,0.,0.));
#2619=DIRECTION('center_axis',(0.,-1.,0.));
#2620=DIRECTION('ref_axis',(-1.,0.,0.));
#2621=DIRECTION('',(0.,-1.,0.));
#2622=DIRECTION('center_axis',(-1.,0.,0.));
#2623=DIRECTION('ref_axis',(0.,0.,1.));
#2624=DIRECTION('',(0.,1.,0.));
#2625=DIRECTION('',(0.,0.,1.));
#2626=DIRECTION('',(0.,1.,0.));
#2627=DIRECTION('center_axis',(0.,1.,0.));
#2628=DIRECTION('ref_axis',(1.,0.,0.));
#2629=DIRECTION('center_axis',(0.,-1.,0.));
#2630=DIRECTION('ref_axis',(1.,0.,0.));
#2631=DIRECTION('',(0.,1.,0.));
#2632=DIRECTION('center_axis',(0.,0.,1.));
#2633=DIRECTION('ref_axis',(1.,0.,0.));
#2634=DIRECTION('',(1.,0.,0.));
#2635=DIRECTION('',(0.,1.,0.));
#2636=DIRECTION('center_axis',(0.,1.,0.));
#2637=DIRECTION('ref_axis',(1.77635683940024E-14,0.,-1.));
#2638=DIRECTION('center_axis',(0.,-1.,0.));
#2639=DIRECTION('ref_axis',(1.77635683940024E-14,0.,-1.));
#2640=DIRECTION('',(0.,1.,0.));
#2641=DIRECTION('center_axis',(1.,0.,0.));
#2642=DIRECTION('ref_axis',(0.,0.,-1.));
#2643=DIRECTION('',(0.,0.,-1.));
#2644=DIRECTION('',(0.,1.,0.));
#2645=DIRECTION('center_axis',(0.,1.,0.));
#2646=DIRECTION('ref_axis',(-1.,0.,0.));
#2647=DIRECTION('center_axis',(0.,-1.,0.));
#2648=DIRECTION('ref_axis',(-1.,0.,0.));
#2649=DIRECTION('',(0.,1.,0.));
#2650=DIRECTION('center_axis',(0.,0.,-1.));
#2651=DIRECTION('ref_axis',(-1.,0.,0.));
#2652=DIRECTION('',(-1.,0.,0.));
#2653=DIRECTION('',(0.,1.,0.));
#2654=DIRECTION('center_axis',(0.,1.,0.));
#2655=DIRECTION('ref_axis',(0.,0.,1.));
#2656=DIRECTION('center_axis',(0.,-1.,0.));
#2657=DIRECTION('ref_axis',(0.,0.,1.));
#2658=DIRECTION('center_axis',(0.,0.,-1.));
#2659=DIRECTION('ref_axis',(-1.,0.,0.));
#2660=DIRECTION('',(0.,1.,0.));
#2661=DIRECTION('',(-1.,0.,0.));
#2662=DIRECTION('',(0.,1.,0.));
#2663=DIRECTION('center_axis',(0.,1.,0.));
#2664=DIRECTION('ref_axis',(0.,0.,1.));
#2665=DIRECTION('center_axis',(0.,-1.,0.));
#2666=DIRECTION('ref_axis',(0.,0.,1.));
#2667=DIRECTION('',(0.,1.,0.));
#2668=DIRECTION('center_axis',(-1.,0.,0.));
#2669=DIRECTION('ref_axis',(0.,0.,1.));
#2670=DIRECTION('',(0.,0.,1.));
#2671=DIRECTION('',(0.,1.,0.));
#2672=DIRECTION('center_axis',(0.,1.,0.));
#2673=DIRECTION('ref_axis',(1.,0.,0.));
#2674=DIRECTION('center_axis',(0.,-1.,0.));
#2675=DIRECTION('ref_axis',(1.,0.,0.));
#2676=DIRECTION('',(0.,1.,0.));
#2677=DIRECTION('center_axis',(0.,0.,1.));
#2678=DIRECTION('ref_axis',(1.,0.,0.));
#2679=DIRECTION('',(1.,0.,0.));
#2680=DIRECTION('',(0.,1.,0.));
#2681=DIRECTION('center_axis',(0.,1.,0.));
#2682=DIRECTION('ref_axis',(3.55271367880051E-14,0.,-1.));
#2683=DIRECTION('center_axis',(0.,-1.,0.));
#2684=DIRECTION('ref_axis',(3.55271367880051E-14,0.,-1.));
#2685=DIRECTION('',(0.,1.,0.));
#2686=DIRECTION('center_axis',(1.,0.,0.));
#2687=DIRECTION('ref_axis',(0.,0.,-1.));
#2688=DIRECTION('',(0.,0.,-1.));
#2689=DIRECTION('',(0.,1.,0.));
#2690=DIRECTION('center_axis',(0.,1.,0.));
#2691=DIRECTION('ref_axis',(-1.,0.,0.));
#2692=DIRECTION('center_axis',(0.,-1.,0.));
#2693=DIRECTION('ref_axis',(-1.,0.,0.));
#2694=DIRECTION('center_axis',(1.,0.,0.));
#2695=DIRECTION('ref_axis',(0.,0.,-1.));
#2696=DIRECTION('',(0.,1.,0.));
#2697=DIRECTION('',(0.,0.,-1.));
#2698=DIRECTION('',(0.,1.,0.));
#2699=DIRECTION('center_axis',(0.,1.,0.));
#2700=DIRECTION('ref_axis',(-1.,0.,0.));
#2701=DIRECTION('center_axis',(0.,-1.,0.));
#2702=DIRECTION('ref_axis',(-1.,0.,0.));
#2703=DIRECTION('',(0.,1.,0.));
#2704=DIRECTION('center_axis',(0.,0.,-1.));
#2705=DIRECTION('ref_axis',(-1.,0.,0.));
#2706=DIRECTION('',(-1.,0.,0.));
#2707=DIRECTION('',(0.,1.,0.));
#2708=DIRECTION('center_axis',(0.,1.,0.));
#2709=DIRECTION('ref_axis',(0.,0.,1.));
#2710=DIRECTION('center_axis',(0.,-1.,0.));
#2711=DIRECTION('ref_axis',(0.,0.,1.));
#2712=DIRECTION('',(0.,1.,0.));
#2713=DIRECTION('center_axis',(-1.,0.,0.));
#2714=DIRECTION('ref_axis',(0.,0.,1.));
#2715=DIRECTION('',(0.,0.,1.));
#2716=DIRECTION('',(0.,1.,0.));
#2717=DIRECTION('center_axis',(0.,1.,0.));
#2718=DIRECTION('ref_axis',(1.,0.,0.));
#2719=DIRECTION('center_axis',(0.,-1.,0.));
#2720=DIRECTION('ref_axis',(1.,0.,0.));
#2721=DIRECTION('',(0.,1.,0.));
#2722=DIRECTION('center_axis',(0.,0.,1.));
#2723=DIRECTION('ref_axis',(1.,0.,0.));
#2724=DIRECTION('',(1.,0.,0.));
#2725=DIRECTION('',(0.,1.,0.));
#2726=DIRECTION('center_axis',(0.,1.,0.));
#2727=DIRECTION('ref_axis',(1.77635683940024E-14,0.,-1.));
#2728=DIRECTION('center_axis',(0.,-1.,0.));
#2729=DIRECTION('ref_axis',(1.77635683940024E-14,0.,-1.));
#2730=DIRECTION('center_axis',(0.,0.,-1.));
#2731=DIRECTION('ref_axis',(-1.,0.,0.));
#2732=DIRECTION('',(0.,1.,0.));
#2733=DIRECTION('',(-1.,0.,0.));
#2734=DIRECTION('',(0.,1.,0.));
#2735=DIRECTION('center_axis',(0.,1.,0.));
#2736=DIRECTION('ref_axis',(0.,0.,1.));
#2737=DIRECTION('center_axis',(0.,-1.,0.));
#2738=DIRECTION('ref_axis',(0.,0.,1.));
#2739=DIRECTION('',(0.,1.,0.));
#2740=DIRECTION('center_axis',(-1.,0.,0.));
#2741=DIRECTION('ref_axis',(0.,0.,1.));
#2742=DIRECTION('',(0.,0.,1.));
#2743=DIRECTION('',(0.,1.,0.));
#2744=DIRECTION('center_axis',(0.,1.,0.));
#2745=DIRECTION('ref_axis',(1.,0.,-4.44089209850056E-15));
#2746=DIRECTION('center_axis',(0.,-1.,0.));
#2747=DIRECTION('ref_axis',(1.,0.,-4.44089209850056E-15));
#2748=DIRECTION('',(0.,1.,0.));
#2749=DIRECTION('center_axis',(0.,0.,1.));
#2750=DIRECTION('ref_axis',(1.,0.,0.));
#2751=DIRECTION('',(1.,0.,0.));
#2752=DIRECTION('',(0.,1.,0.));
#2753=DIRECTION('center_axis',(0.,1.,0.));
#2754=DIRECTION('ref_axis',(3.5527136788005E-14,0.,-1.));
#2755=DIRECTION('center_axis',(0.,-1.,0.));
#2756=DIRECTION('ref_axis',(3.5527136788005E-14,0.,-1.));
#2757=DIRECTION('',(0.,1.,0.));
#2758=DIRECTION('center_axis',(1.,0.,0.));
#2759=DIRECTION('ref_axis',(0.,0.,-1.));
#2760=DIRECTION('',(0.,0.,-1.));
#2761=DIRECTION('',(0.,1.,0.));
#2762=DIRECTION('center_axis',(0.,1.,0.));
#2763=DIRECTION('ref_axis',(-1.,0.,0.));
#2764=DIRECTION('center_axis',(0.,-1.,0.));
#2765=DIRECTION('ref_axis',(-1.,0.,0.));
#2766=DIRECTION('center_axis',(0.,1.,0.));
#2767=DIRECTION('ref_axis',(0.999999999678333,0.,2.53640465236024E-5));
#2768=DIRECTION('',(0.,1.,0.));
#2769=DIRECTION('center_axis',(0.,-1.,0.));
#2770=DIRECTION('ref_axis',(-1.,0.,0.));
#2771=DIRECTION('',(0.,1.,0.));
#2772=DIRECTION('center_axis',(0.,1.,0.));
#2773=DIRECTION('ref_axis',(-1.,0.,0.));
#2774=DIRECTION('center_axis',(0.,-1.,0.));
#2775=DIRECTION('ref_axis',(-1.,0.,0.));
#2776=DIRECTION('center_axis',(0.,1.,0.));
#2777=DIRECTION('ref_axis',(-1.,0.,0.));
#2778=DIRECTION('center_axis',(0.,-1.,0.));
#2779=DIRECTION('ref_axis',(-1.,0.,0.));
#2780=DIRECTION('',(0.,-1.,0.));
#2781=DIRECTION('center_axis',(1.,0.,0.));
#2782=DIRECTION('ref_axis',(0.,0.,-1.));
#2783=DIRECTION('',(0.,1.,0.));
#2784=DIRECTION('',(0.,0.,-1.));
#2785=DIRECTION('',(0.,1.,0.));
#2786=DIRECTION('center_axis',(0.,1.,0.));
#2787=DIRECTION('ref_axis',(-1.,0.,2.22044604925036E-15));
#2788=DIRECTION('center_axis',(0.,-1.,0.));
#2789=DIRECTION('ref_axis',(-1.,0.,2.22044604925036E-15));
#2790=DIRECTION('',(0.,1.,0.));
#2791=DIRECTION('center_axis',(2.22044604925031E-16,0.,-1.));
#2792=DIRECTION('ref_axis',(-1.,0.,-2.22044604925031E-16));
#2793=DIRECTION('',(-1.,0.,-2.22044604925031E-16));
#2794=DIRECTION('',(0.,1.,0.));
#2795=DIRECTION('center_axis',(0.,1.,0.));
#2796=DIRECTION('ref_axis',(0.,0.,1.));
#2797=DIRECTION('center_axis',(0.,-1.,0.));
#2798=DIRECTION('ref_axis',(0.,0.,1.));
#2799=DIRECTION('',(0.,1.,0.));
#2800=DIRECTION('center_axis',(-1.,0.,0.));
#2801=DIRECTION('ref_axis',(0.,0.,1.));
#2802=DIRECTION('',(0.,0.,1.));
#2803=DIRECTION('',(0.,1.,0.));
#2804=DIRECTION('center_axis',(0.,1.,0.));
#2805=DIRECTION('ref_axis',(1.,0.,-2.22044604925028E-15));
#2806=DIRECTION('center_axis',(0.,-1.,0.));
#2807=DIRECTION('ref_axis',(1.,0.,-2.22044604925028E-15));
#2808=DIRECTION('',(0.,1.,0.));
#2809=DIRECTION('center_axis',(-7.40148683083439E-17,0.,1.));
#2810=DIRECTION('ref_axis',(1.,0.,7.40148683083439E-17));
#2811=DIRECTION('',(1.,0.,7.40148683083439E-17));
#2812=DIRECTION('',(0.,1.,0.));
#2813=DIRECTION('center_axis',(0.,1.,0.));
#2814=DIRECTION('ref_axis',(3.55271367880049E-14,0.,-1.));
#2815=DIRECTION('center_axis',(0.,-1.,0.));
#2816=DIRECTION('ref_axis',(3.55271367880049E-14,0.,-1.));
#2817=DIRECTION('center_axis',(1.,0.,0.));
#2818=DIRECTION('ref_axis',(0.,0.,-1.));
#2819=DIRECTION('',(0.,1.,0.));
#2820=DIRECTION('',(0.,0.,-1.));
#2821=DIRECTION('',(0.,1.,0.));
#2822=DIRECTION('center_axis',(0.,1.,0.));
#2823=DIRECTION('ref_axis',(-1.,0.,0.));
#2824=DIRECTION('center_axis',(0.,-1.,0.));
#2825=DIRECTION('ref_axis',(-1.,0.,0.));
#2826=DIRECTION('',(0.,1.,0.));
#2827=DIRECTION('center_axis',(0.,0.,-1.));
#2828=DIRECTION('ref_axis',(-1.,0.,0.));
#2829=DIRECTION('',(-1.,0.,0.));
#2830=DIRECTION('',(0.,1.,0.));
#2831=DIRECTION('center_axis',(0.,1.,0.));
#2832=DIRECTION('ref_axis',(1.77635683940024E-14,0.,1.));
#2833=DIRECTION('center_axis',(0.,-1.,0.));
#2834=DIRECTION('ref_axis',(1.77635683940024E-14,0.,1.));
#2835=DIRECTION('',(0.,1.,0.));
#2836=DIRECTION('center_axis',(-1.,0.,0.));
#2837=DIRECTION('ref_axis',(0.,0.,1.));
#2838=DIRECTION('',(0.,0.,1.));
#2839=DIRECTION('',(0.,1.,0.));
#2840=DIRECTION('center_axis',(0.,1.,0.));
#2841=DIRECTION('ref_axis',(1.,0.,0.));
#2842=DIRECTION('center_axis',(0.,-1.,0.));
#2843=DIRECTION('ref_axis',(1.,0.,0.));
#2844=DIRECTION('',(0.,1.,0.));
#2845=DIRECTION('center_axis',(0.,0.,1.));
#2846=DIRECTION('ref_axis',(1.,0.,0.));
#2847=DIRECTION('',(1.,0.,0.));
#2848=DIRECTION('',(0.,1.,0.));
#2849=DIRECTION('center_axis',(0.,1.,0.));
#2850=DIRECTION('ref_axis',(-4.44089209850058E-15,0.,-1.));
#2851=DIRECTION('center_axis',(0.,-1.,0.));
#2852=DIRECTION('ref_axis',(-4.44089209850058E-15,0.,-1.));
#2853=DIRECTION('center_axis',(-1.,0.,0.));
#2854=DIRECTION('ref_axis',(0.,0.,1.));
#2855=DIRECTION('',(0.,1.,0.));
#2856=DIRECTION('',(0.,0.,1.));
#2857=DIRECTION('',(0.,1.,0.));
#2858=DIRECTION('center_axis',(0.,1.,0.));
#2859=DIRECTION('ref_axis',(1.,0.,0.));
#2860=DIRECTION('center_axis',(0.,-1.,0.));
#2861=DIRECTION('ref_axis',(1.,0.,0.));
#2862=DIRECTION('',(0.,1.,0.));
#2863=DIRECTION('center_axis',(0.,0.,1.));
#2864=DIRECTION('ref_axis',(1.,0.,0.));
#2865=DIRECTION('',(1.,0.,0.));
#2866=DIRECTION('',(0.,1.,0.));
#2867=DIRECTION('center_axis',(0.,1.,0.));
#2868=DIRECTION('ref_axis',(1.77635683940025E-14,0.,-1.));
#2869=DIRECTION('center_axis',(0.,-1.,0.));
#2870=DIRECTION('ref_axis',(1.77635683940025E-14,0.,-1.));
#2871=DIRECTION('',(0.,1.,0.));
#2872=DIRECTION('center_axis',(1.,0.,0.));
#2873=DIRECTION('ref_axis',(0.,0.,-1.));
#2874=DIRECTION('',(0.,0.,-1.));
#2875=DIRECTION('',(0.,1.,0.));
#2876=DIRECTION('center_axis',(0.,1.,0.));
#2877=DIRECTION('ref_axis',(-1.,0.,0.));
#2878=DIRECTION('center_axis',(0.,-1.,0.));
#2879=DIRECTION('ref_axis',(-1.,0.,0.));
#2880=DIRECTION('',(0.,1.,0.));
#2881=DIRECTION('center_axis',(0.,0.,-1.));
#2882=DIRECTION('ref_axis',(-1.,0.,0.));
#2883=DIRECTION('',(-1.,0.,0.));
#2884=DIRECTION('',(0.,1.,0.));
#2885=DIRECTION('center_axis',(0.,1.,0.));
#2886=DIRECTION('ref_axis',(0.,0.,1.));
#2887=DIRECTION('center_axis',(0.,-1.,0.));
#2888=DIRECTION('ref_axis',(0.,0.,1.));
#2889=DIRECTION('center_axis',(0.,1.,0.));
#2890=DIRECTION('ref_axis',(-1.,0.,0.));
#2891=DIRECTION('center_axis',(0.,-1.,0.));
#2892=DIRECTION('ref_axis',(-1.,0.,0.));
#2893=DIRECTION('',(0.,-1.,0.));
#2894=DIRECTION('center_axis',(0.,0.,1.));
#2895=DIRECTION('ref_axis',(1.,0.,0.));
#2896=DIRECTION('',(0.,1.,0.));
#2897=DIRECTION('',(1.,0.,0.));
#2898=DIRECTION('',(0.,1.,0.));
#2899=DIRECTION('center_axis',(0.,1.,0.));
#2900=DIRECTION('ref_axis',(-4.4408920985006E-15,0.,-1.));
#2901=DIRECTION('center_axis',(0.,-1.,0.));
#2902=DIRECTION('ref_axis',(-4.4408920985006E-15,0.,-1.));
#2903=DIRECTION('',(0.,1.,0.));
#2904=DIRECTION('center_axis',(1.,0.,0.));
#2905=DIRECTION('ref_axis',(0.,0.,-1.));
#2906=DIRECTION('',(0.,0.,-1.));
#2907=DIRECTION('',(0.,1.,0.));
#2908=DIRECTION('center_axis',(0.,1.,0.));
#2909=DIRECTION('ref_axis',(-1.,0.,0.));
#2910=DIRECTION('center_axis',(0.,-1.,0.));
#2911=DIRECTION('ref_axis',(-1.,0.,0.));
#2912=DIRECTION('',(0.,1.,0.));
#2913=DIRECTION('center_axis',(0.,0.,-1.));
#2914=DIRECTION('ref_axis',(-1.,0.,0.));
#2915=DIRECTION('',(-1.,0.,0.));
#2916=DIRECTION('',(0.,1.,0.));
#2917=DIRECTION('center_axis',(0.,1.,0.));
#2918=DIRECTION('ref_axis',(1.77635683940023E-14,0.,1.));
#2919=DIRECTION('center_axis',(0.,-1.,0.));
#2920=DIRECTION('ref_axis',(1.77635683940023E-14,0.,1.));
#2921=DIRECTION('',(0.,1.,0.));
#2922=DIRECTION('center_axis',(-1.,0.,0.));
#2923=DIRECTION('ref_axis',(0.,0.,1.));
#2924=DIRECTION('',(0.,0.,1.));
#2925=DIRECTION('',(0.,1.,0.));
#2926=DIRECTION('center_axis',(0.,1.,0.));
#2927=DIRECTION('ref_axis',(1.,0.,0.));
#2928=DIRECTION('center_axis',(0.,-1.,0.));
#2929=DIRECTION('ref_axis',(1.,0.,0.));
#2930=DIRECTION('center_axis',(-1.48773604639887E-16,0.,-1.));
#2931=DIRECTION('ref_axis',(-1.,0.,1.48773604639887E-16));
#2932=DIRECTION('',(-1.,0.,1.48773604639887E-16));
#2933=DIRECTION('center_axis',(7.43868023199435E-17,0.,1.));
#2934=DIRECTION('ref_axis',(1.,0.,-7.43868023199435E-17));
#2935=DIRECTION('',(1.,0.,-7.43868023199435E-17));
#2936=DIRECTION('center_axis',(0.,1.,0.));
#2937=DIRECTION('ref_axis',(-1.,0.,0.));
#2938=CARTESIAN_POINT('',(0.,0.,0.));
#2939=CARTESIAN_POINT('Origin',(80.9883997418913,0.,56.8999997057707));
#2940=CARTESIAN_POINT('',(83.9883997418913,3.00000000000001,56.8999997057707));
#2941=CARTESIAN_POINT('',(80.9883997418913,3.00000000000001,59.8999997057707));
#2942=CARTESIAN_POINT('Origin',(80.9883997418913,3.00000000000001,56.8999997057707));
#2943=CARTESIAN_POINT('',(80.9883997418913,0.,59.8999997057707));
#2944=CARTESIAN_POINT('',(80.9883997418913,0.,59.8999997057707));
#2945=CARTESIAN_POINT('',(83.9883997418913,0.,56.8999997057707));
#2946=CARTESIAN_POINT('Origin',(80.9883997418913,0.,56.8999997057707));
#2947=CARTESIAN_POINT('',(83.9883997418913,0.,56.8999997057707));
#2948=CARTESIAN_POINT('Origin',(83.9883997418913,0.,59.8999997057707));
#2949=CARTESIAN_POINT('',(83.9883997418913,0.,-32.0000002942294));
#2950=CARTESIAN_POINT('',(83.9883997418913,0.,59.8999997057707));
#2951=CARTESIAN_POINT('',(83.9883997418913,3.00000000000001,-32.0000002942294));
#2952=CARTESIAN_POINT('',(83.9883997418913,0.,-32.0000002942294));
#2953=CARTESIAN_POINT('',(83.9883997418913,3.00000000000001,59.8999997057707));
#2954=CARTESIAN_POINT('Origin',(24.2883997418913,0.,12.4499997057707));
#2955=CARTESIAN_POINT('',(-32.4116002581087,0.,59.8999997057707));
#2956=CARTESIAN_POINT('',(-35.4116002581087,0.,59.8999997057707));
#2957=CARTESIAN_POINT('',(-35.4116002581087,0.,56.8999997057707));
#2958=CARTESIAN_POINT('Origin',(-32.4116002581087,0.,56.8999997057707));
#2959=CARTESIAN_POINT('',(-35.4116002581087,0.,-32.0000002942293));
#2960=CARTESIAN_POINT('',(-35.4116002581087,0.,-35.0000002942293));
#2961=CARTESIAN_POINT('',(-32.4116002581087,0.,-35.0000002942293));
#2962=CARTESIAN_POINT('Origin',(-32.4116002581087,0.,-32.0000002942293));
#2963=CARTESIAN_POINT('',(80.9883997418913,0.,-35.0000002942293));
#2964=CARTESIAN_POINT('',(83.9883997418913,0.,-35.0000002942293));
#2965=CARTESIAN_POINT('Origin',(80.9883997418913,0.,-32.0000002942294));
#2966=CARTESIAN_POINT('',(10.,0.,47.1158731774141));
#2967=CARTESIAN_POINT('',(10.,0.,-21.0000003427267));
#2968=CARTESIAN_POINT('',(10.,0.,31.2249998528853));
#2969=CARTESIAN_POINT('',(8.,0.,-23.0000003427267));
#2970=CARTESIAN_POINT('Origin',(8.,0.,-21.0000003427267));
#2971=CARTESIAN_POINT('',(-21.0000003427267,0.,-23.0000003427267));
#2972=CARTESIAN_POINT('',(17.1441998709456,0.,-23.0000003427267));
#2973=CARTESIAN_POINT('',(-23.0000003427267,0.,-21.0000003427267));
#2974=CARTESIAN_POINT('Origin',(-21.0000003427267,0.,-21.0000003427267));
#2975=CARTESIAN_POINT('',(-23.0000003427267,0.,26.6263040896461));
#2976=CARTESIAN_POINT('',(-23.0000003427267,0.,-5.27500031847802));
#2977=CARTESIAN_POINT('',(-22.154080175876,0.,28.2597359794775));
#2978=CARTESIAN_POINT('Origin',(-21.0000003427267,0.,26.6263040896461));
#2979=CARTESIAN_POINT('',(6.84592016685071,0.,48.7493050672455));
#2980=CARTESIAN_POINT('',(-10.8132822725752,0.,36.2724276830614));
#2981=CARTESIAN_POINT('Origin',(8.,0.,47.1158731774141));
#2982=CARTESIAN_POINT('',(23.0000003278256,0.,-9.56425710911249));
#2983=CARTESIAN_POINT('',(60.9957342784749,0.,-9.56425710911249));
#2984=CARTESIAN_POINT('',(23.1442000348584,0.,-9.56425710911249));
#2985=CARTESIAN_POINT('',(61.9957342784749,0.,-10.5642571091125));
#2986=CARTESIAN_POINT('Origin',(60.9957342784749,0.,-10.5642571091125));
#2987=CARTESIAN_POINT('',(61.9957342784749,0.,-22.0000003427267));
#2988=CARTESIAN_POINT('',(61.9957342784749,0.,1.44287129832909));
#2989=CARTESIAN_POINT('',(60.9957342784749,0.,-23.0000003427267));
#2990=CARTESIAN_POINT('Origin',(60.9957342784749,0.,-22.0000003427267));
#2991=CARTESIAN_POINT('',(23.0000003278256,0.,-23.0000003427267));
#2992=CARTESIAN_POINT('',(43.1420670101831,0.,-23.0000003427267));
#2993=CARTESIAN_POINT('',(22.0000003278256,0.,-22.0000003427267));
#2994=CARTESIAN_POINT('Origin',(23.0000003278256,0.,-22.0000003427267));
#2995=CARTESIAN_POINT('',(22.0000003278256,0.,-10.5642571091125));
#2996=CARTESIAN_POINT('',(22.0000003278256,0.,-5.27500031847802));
#2997=CARTESIAN_POINT('Origin',(23.0000003278256,0.,-10.5642571091125));
#2998=CARTESIAN_POINT('',(30.9000002235174,0.,30.4999998509884));
#2999=CARTESIAN_POINT('',(31.4000002235174,0.,30.9999998509884));
#3000=CARTESIAN_POINT('Origin',(30.9000002235174,0.,30.9999998509884));
#3001=CARTESIAN_POINT('',(15.9000002235174,0.,30.4999998509884));
#3002=CARTESIAN_POINT('',(15.9000002235174,0.,30.4999998509884));
#3003=CARTESIAN_POINT('',(15.4000002235174,0.,30.9999998509884));
#3004=CARTESIAN_POINT('Origin',(15.9000002235174,0.,30.9999998509884));
#3005=CARTESIAN_POINT('',(15.4000002235174,0.,45.9999998509884));
#3006=CARTESIAN_POINT('',(15.4000002235174,0.,45.9999998509884));
#3007=CARTESIAN_POINT('',(15.9000002235174,0.,46.4999998509884));
#3008=CARTESIAN_POINT('Origin',(15.9000002235174,0.,45.9999998509884));
#3009=CARTESIAN_POINT('',(30.9000002235174,0.,46.4999998509884));
#3010=CARTESIAN_POINT('',(30.9000002235174,0.,46.4999998509884));
#3011=CARTESIAN_POINT('',(31.4000002235174,0.,45.9999998509884));
#3012=CARTESIAN_POINT('Origin',(30.9000002235174,0.,45.9999998509884));
#3013=CARTESIAN_POINT('',(31.4000002235174,0.,30.9999998509884));
#3014=CARTESIAN_POINT('',(-28.9616002581087,0.,54.8999997057707));
#3015=CARTESIAN_POINT('Origin',(-30.4116002581087,0.,54.8999997057707));
#3016=CARTESIAN_POINT('',(50.6500002235174,0.,7.99999985098839));
#3017=CARTESIAN_POINT('',(50.1500002235174,0.,8.49999985098839));
#3018=CARTESIAN_POINT('Origin',(50.1500002235174,0.,7.99999985098839));
#3019=CARTESIAN_POINT('',(50.6500002235174,0.,-7.00000014901161));
#3020=CARTESIAN_POINT('',(50.6500002235174,0.,-7.00000014901161));
#3021=CARTESIAN_POINT('',(50.1500002235174,0.,-7.50000014901162));
#3022=CARTESIAN_POINT('Origin',(50.1500002235174,0.,-7.00000014901161));
#3023=CARTESIAN_POINT('',(35.1500002235174,0.,-7.50000014901161));
#3024=CARTESIAN_POINT('',(35.1500002235174,0.,-7.50000014901161));
#3025=CARTESIAN_POINT('',(34.6500002235174,0.,-7.00000014901161));
#3026=CARTESIAN_POINT('Origin',(35.1500002235174,0.,-7.00000014901161));
#3027=CARTESIAN_POINT('',(34.6500002235174,0.,7.99999985098839));
#3028=CARTESIAN_POINT('',(34.6500002235174,0.,7.99999985098839));
#3029=CARTESIAN_POINT('',(35.1500002235174,0.,8.49999985098838));
#3030=CARTESIAN_POINT('Origin',(35.1500002235174,0.,7.99999985098839));
#3031=CARTESIAN_POINT('',(50.1500002235174,0.,8.49999985098839));
#3032=CARTESIAN_POINT('',(15.4000002235174,0.,11.9999998509884));
#3033=CARTESIAN_POINT('',(15.9000002235174,0.,11.4999998509884));
#3034=CARTESIAN_POINT('Origin',(15.9000002235174,0.,11.9999998509884));
#3035=CARTESIAN_POINT('',(15.4000002235174,0.,26.9999998509884));
#3036=CARTESIAN_POINT('',(15.4000002235174,0.,26.9999998509884));
#3037=CARTESIAN_POINT('',(15.9000002235174,0.,27.4999998509884));
#3038=CARTESIAN_POINT('Origin',(15.9000002235174,0.,26.9999998509884));
#3039=CARTESIAN_POINT('',(30.9000002235174,0.,27.4999998509884));
#3040=CARTESIAN_POINT('',(30.9000002235174,0.,27.4999998509884));
#3041=CARTESIAN_POINT('',(31.4000002235174,0.,26.9999998509884));
#3042=CARTESIAN_POINT('Origin',(30.9000002235174,0.,26.9999998509884));
#3043=CARTESIAN_POINT('',(31.4000002235174,0.,11.9999998509884));
#3044=CARTESIAN_POINT('',(31.4000002235174,0.,11.9999998509884));
#3045=CARTESIAN_POINT('',(30.9000002235174,0.,11.4999998509884));
#3046=CARTESIAN_POINT('Origin',(30.9000002235174,0.,11.9999998509884));
#3047=CARTESIAN_POINT('',(15.9000002235174,0.,11.4999998509884));
#3048=CARTESIAN_POINT('',(53.9000002235174,0.,-7.00000014901161));
#3049=CARTESIAN_POINT('',(54.4000002235174,0.,-7.50000014901161));
#3050=CARTESIAN_POINT('Origin',(54.4000002235174,0.,-7.00000014901161));
#3051=CARTESIAN_POINT('',(53.9000002235174,0.,7.99999985098839));
#3052=CARTESIAN_POINT('',(53.9000002235174,0.,7.99999985098839));
#3053=CARTESIAN_POINT('',(54.4000002235174,0.,8.49999985098838));
#3054=CARTESIAN_POINT('Origin',(54.4000002235174,0.,7.99999985098839));
#3055=CARTESIAN_POINT('',(69.4000002235174,0.,8.49999985098839));
#3056=CARTESIAN_POINT('',(69.4000002235174,0.,8.49999985098839));
#3057=CARTESIAN_POINT('',(69.9000002235174,0.,7.99999985098839));
#3058=CARTESIAN_POINT('Origin',(69.4000002235174,0.,7.99999985098839));
#3059=CARTESIAN_POINT('',(69.9000002235174,0.,-7.00000014901161));
#3060=CARTESIAN_POINT('',(69.9000002235174,0.,-7.00000014901161));
#3061=CARTESIAN_POINT('',(69.4000002235174,0.,-7.50000014901162));
#3062=CARTESIAN_POINT('Origin',(69.4000002235174,0.,-7.00000014901161));
#3063=CARTESIAN_POINT('',(54.4000002235174,0.,-7.50000014901161));
#3064=CARTESIAN_POINT('',(-28.9616002581088,0.,-30.0000002942293));
#3065=CARTESIAN_POINT('Origin',(-30.4116002581088,0.,-30.0000002942293));
#3066=CARTESIAN_POINT('',(78.9941630933788,0.,-28.5500117481436));
#3067=CARTESIAN_POINT('',(78.9942366485252,0.,-31.4499885460855));
#3068=CARTESIAN_POINT('Origin',(78.9883997418912,0.,-30.0000002942293));
#3069=CARTESIAN_POINT('Origin',(79.,0.,-30.));
#3070=CARTESIAN_POINT('',(54.4000002235174,0.,27.4999998509884));
#3071=CARTESIAN_POINT('',(53.9000002235174,0.,26.9999998509884));
#3072=CARTESIAN_POINT('Origin',(54.4000002235174,0.,26.9999998509884));
#3073=CARTESIAN_POINT('',(69.4000002235174,0.,27.4999998509884));
#3074=CARTESIAN_POINT('',(69.4000002235174,0.,27.4999998509884));
#3075=CARTESIAN_POINT('',(69.9000002235174,0.,26.9999998509884));
#3076=CARTESIAN_POINT('Origin',(69.4000002235174,0.,26.9999998509884));
#3077=CARTESIAN_POINT('',(69.9000002235174,0.,11.9999998509884));
#3078=CARTESIAN_POINT('',(69.9000002235174,0.,11.9999998509884));
#3079=CARTESIAN_POINT('',(69.4000002235174,0.,11.4999998509884));
#3080=CARTESIAN_POINT('Origin',(69.4000002235174,0.,11.9999998509884));
#3081=CARTESIAN_POINT('',(54.4000002235174,0.,11.4999998509884));
#3082=CARTESIAN_POINT('',(54.4000002235174,0.,11.4999998509884));
#3083=CARTESIAN_POINT('',(53.9000002235174,0.,11.9999998509884));
#3084=CARTESIAN_POINT('Origin',(54.4000002235174,0.,11.9999998509884));
#3085=CARTESIAN_POINT('',(53.9000002235174,0.,26.9999998509884));
#3086=CARTESIAN_POINT('',(34.6500002235174,0.,30.9999998509884));
#3087=CARTESIAN_POINT('',(35.1500002235174,0.,30.4999998509884));
#3088=CARTESIAN_POINT('Origin',(35.1500002235174,0.,30.9999998509884));
#3089=CARTESIAN_POINT('',(34.6500002235174,0.,45.9999998509884));
#3090=CARTESIAN_POINT('',(34.6500002235174,0.,45.9999998509884));
#3091=CARTESIAN_POINT('',(35.1500002235174,0.,46.4999998509884));
#3092=CARTESIAN_POINT('Origin',(35.1500002235174,0.,45.9999998509884));
#3093=CARTESIAN_POINT('',(50.1500002235174,0.,46.4999998509884));
#3094=CARTESIAN_POINT('',(50.1500002235174,0.,46.4999998509884));
#3095=CARTESIAN_POINT('',(50.6500002235174,0.,45.9999998509884));
#3096=CARTESIAN_POINT('Origin',(50.1500002235174,0.,45.9999998509884));
#3097=CARTESIAN_POINT('',(50.6500002235174,0.,30.9999998509884));
#3098=CARTESIAN_POINT('',(50.6500002235174,0.,30.9999998509884));
#3099=CARTESIAN_POINT('',(50.1500002235174,0.,30.4999998509884));
#3100=CARTESIAN_POINT('Origin',(50.1500002235174,0.,30.9999998509884));
#3101=CARTESIAN_POINT('',(35.1500002235174,0.,30.4999998509884));
#3102=CARTESIAN_POINT('',(54.4000002235174,0.,46.4999998509884));
#3103=CARTESIAN_POINT('',(53.9000002235174,0.,45.9999998509884));
#3104=CARTESIAN_POINT('Origin',(54.4000002235174,0.,45.9999998509884));
#3105=CARTESIAN_POINT('',(69.4000002235174,0.,46.4999998509884));
#3106=CARTESIAN_POINT('',(69.4000002235174,0.,46.4999998509884));
#3107=CARTESIAN_POINT('',(69.9000002235174,0.,45.9999998509884));
#3108=CARTESIAN_POINT('Origin',(69.4000002235174,0.,45.9999998509884));
#3109=CARTESIAN_POINT('',(69.9000002235174,0.,30.9999998509884));
#3110=CARTESIAN_POINT('',(69.9000002235174,0.,30.9999998509884));
#3111=CARTESIAN_POINT('',(69.4000002235174,0.,30.4999998509884));
#3112=CARTESIAN_POINT('Origin',(69.4000002235174,0.,30.9999998509884));
#3113=CARTESIAN_POINT('',(54.4000002235174,0.,30.4999998509884));
#3114=CARTESIAN_POINT('',(54.4000002235174,0.,30.4999998509884));
#3115=CARTESIAN_POINT('',(53.9000002235174,0.,30.9999998509884));
#3116=CARTESIAN_POINT('Origin',(54.4000002235174,0.,30.9999998509884));
#3117=CARTESIAN_POINT('',(53.9000002235174,0.,45.9999998509884));
#3118=CARTESIAN_POINT('',(50.6500002235174,0.,26.9999998509884));
#3119=CARTESIAN_POINT('',(50.1500002235174,0.,27.4999998509884));
#3120=CARTESIAN_POINT('Origin',(50.1500002235174,0.,26.9999998509884));
#3121=CARTESIAN_POINT('',(50.6500002235174,0.,11.9999998509884));
#3122=CARTESIAN_POINT('',(50.6500002235174,0.,11.9999998509884));
#3123=CARTESIAN_POINT('',(50.1500002235174,0.,11.4999998509884));
#3124=CARTESIAN_POINT('Origin',(50.1500002235174,0.,11.9999998509884));
#3125=CARTESIAN_POINT('',(35.1500002235174,0.,11.4999998509884));
#3126=CARTESIAN_POINT('',(35.1500002235174,0.,11.4999998509884));
#3127=CARTESIAN_POINT('',(34.6500002235174,0.,11.9999998509884));
#3128=CARTESIAN_POINT('Origin',(35.1500002235174,0.,11.9999998509884));
#3129=CARTESIAN_POINT('',(34.6500002235174,0.,26.9999998509884));
#3130=CARTESIAN_POINT('',(34.6500002235174,0.,26.9999998509884));
#3131=CARTESIAN_POINT('',(35.1500002235174,0.,27.4999998509884));
#3132=CARTESIAN_POINT('Origin',(35.1500002235174,0.,26.9999998509884));
#3133=CARTESIAN_POINT('',(50.1500002235174,0.,27.4999998509884));
#3134=CARTESIAN_POINT('',(80.4383997418839,0.,54.8999997057711));
#3135=CARTESIAN_POINT('Origin',(78.9883997418839,0.,54.8999997057711));
#3136=CARTESIAN_POINT('',(15.4000002235174,0.,-7.00000014901161));
#3137=CARTESIAN_POINT('',(15.9000002235174,0.,-7.50000014901161));
#3138=CARTESIAN_POINT('Origin',(15.9000002235174,0.,-7.00000014901161));
#3139=CARTESIAN_POINT('',(15.4000002235174,0.,7.99999985098838));
#3140=CARTESIAN_POINT('',(15.4000002235174,0.,7.99999985098838));
#3141=CARTESIAN_POINT('',(15.9000002235174,0.,8.49999985098838));
#3142=CARTESIAN_POINT('Origin',(15.9000002235174,0.,7.99999985098838));
#3143=CARTESIAN_POINT('',(30.9000002235174,0.,8.49999985098839));
#3144=CARTESIAN_POINT('',(30.9000002235174,0.,8.49999985098839));
#3145=CARTESIAN_POINT('',(31.4000002235174,0.,7.99999985098838));
#3146=CARTESIAN_POINT('Origin',(30.9000002235174,0.,7.99999985098838));
#3147=CARTESIAN_POINT('',(31.4000002235174,0.,-7.00000014901161));
#3148=CARTESIAN_POINT('',(31.4000002235174,0.,-7.00000014901161));
#3149=CARTESIAN_POINT('',(30.9000002235174,0.,-7.50000014901161));
#3150=CARTESIAN_POINT('Origin',(30.9000002235174,0.,-7.00000014901161));
#3151=CARTESIAN_POINT('',(15.9000002235174,0.,-7.50000014901161));
#3152=CARTESIAN_POINT('Origin',(-32.4116002581087,0.,56.8999997057707));
#3153=CARTESIAN_POINT('',(-32.4116002581087,3.00000000000001,59.8999997057707));
#3154=CARTESIAN_POINT('',(-35.4116002581087,3.00000000000001,56.8999997057707));
#3155=CARTESIAN_POINT('Origin',(-32.4116002581087,3.00000000000001,56.8999997057707));
#3156=CARTESIAN_POINT('',(-35.4116002581087,0.,56.8999997057707));
#3157=CARTESIAN_POINT('',(-32.4116002581087,0.,59.8999997057707));
#3158=CARTESIAN_POINT('Origin',(-35.4116002581087,0.,-35.0000002942293));
#3159=CARTESIAN_POINT('',(-35.4116002581087,3.00000000000001,-32.0000002942293));
#3160=CARTESIAN_POINT('',(-35.4116002581087,3.00000000000001,-35.0000002942293));
#3161=CARTESIAN_POINT('',(-35.4116002581087,0.,-32.0000002942293));
#3162=CARTESIAN_POINT('Origin',(-32.4116002581087,0.,-32.0000002942293));
#3163=CARTESIAN_POINT('',(-32.4116002581087,3.00000000000001,-35.0000002942293));
#3164=CARTESIAN_POINT('Origin',(-32.4116002581087,3.00000000000001,-32.0000002942293));
#3165=CARTESIAN_POINT('',(-32.4116002581087,0.,-35.0000002942293));
#3166=CARTESIAN_POINT('Origin',(80.9883997418913,0.,-32.0000002942294));
#3167=CARTESIAN_POINT('',(80.9883997418913,3.00000000000001,-35.0000002942293));
#3168=CARTESIAN_POINT('Origin',(80.9883997418913,3.00000000000001,-32.0000002942294));
#3169=CARTESIAN_POINT('',(80.9883997418913,0.,-35.0000002942293));
#3170=CARTESIAN_POINT('Origin',(8.,3.00000000000001,47.1158731774141));
#3171=CARTESIAN_POINT('',(6.84592016685071,3.00000000000001,48.7493050672455));
#3172=CARTESIAN_POINT('',(6.84592016685071,3.00000000000001,48.7493050672455));
#3173=CARTESIAN_POINT('',(10.,3.00000000000001,47.1158731774141));
#3174=CARTESIAN_POINT('Origin',(8.,3.00000000000001,47.1158731774141));
#3175=CARTESIAN_POINT('',(10.,3.00000000000001,47.1158731774141));
#3176=CARTESIAN_POINT('Origin',(10.,3.00000000000001,50.));
#3177=CARTESIAN_POINT('',(10.,3.00000000000001,-21.0000003427267));
#3178=CARTESIAN_POINT('',(10.,3.00000000000001,31.2249998528853));
#3179=CARTESIAN_POINT('',(10.,3.00000000000001,-21.0000003427267));
#3180=CARTESIAN_POINT('Origin',(-21.0000003427267,3.00000000000001,26.6263040896461));
#3181=CARTESIAN_POINT('',(-23.0000003427267,3.00000000000001,26.6263040896461));
#3182=CARTESIAN_POINT('',(-23.0000003427267,3.00000000000001,26.6263040896461));
#3183=CARTESIAN_POINT('',(-22.154080175876,3.00000000000001,28.2597359794775));
#3184=CARTESIAN_POINT('Origin',(-21.0000003427267,3.00000000000001,26.6263040896461));
#3185=CARTESIAN_POINT('',(-22.154080175876,3.00000000000001,28.2597359794775));
#3186=CARTESIAN_POINT('Origin',(-23.0000003427267,3.00000000000001,-23.0000003427267));
#3187=CARTESIAN_POINT('',(-23.0000003427267,3.00000000000001,-21.0000003427267));
#3188=CARTESIAN_POINT('',(-23.0000003427267,3.00000000000001,-21.0000003427267));
#3189=CARTESIAN_POINT('',(-23.0000003427267,3.00000000000001,-5.27500031847802));
#3190=CARTESIAN_POINT('Origin',(-21.0000003427267,3.00000000000001,-21.0000003427267));
#3191=CARTESIAN_POINT('',(-21.0000003427267,3.00000000000001,-23.0000003427267));
#3192=CARTESIAN_POINT('',(-21.0000003427267,3.00000000000001,-23.0000003427267));
#3193=CARTESIAN_POINT('Origin',(-21.0000003427267,3.00000000000001,-21.0000003427267));
#3194=CARTESIAN_POINT('Origin',(10.,3.00000000000001,-23.0000003427267));
#3195=CARTESIAN_POINT('',(8.,3.00000000000001,-23.0000003427267));
#3196=CARTESIAN_POINT('',(8.,3.00000000000001,-23.0000003427267));
#3197=CARTESIAN_POINT('',(17.1441998709456,3.00000000000001,-23.0000003427267));
#3198=CARTESIAN_POINT('Origin',(8.,3.00000000000001,-21.0000003427267));
#3199=CARTESIAN_POINT('Origin',(8.,3.00000000000001,-21.0000003427267));
#3200=CARTESIAN_POINT('Origin',(-23.0000003427267,3.00000000000001,27.6620622037332));
#3201=CARTESIAN_POINT('',(-10.8132822725752,3.00000000000001,36.2724276830614));
#3202=CARTESIAN_POINT('Origin',(23.0000003278256,3.00000000000001,-10.5642571091125));
#3203=CARTESIAN_POINT('',(22.0000003278256,3.00000000000001,-10.5642571091125));
#3204=CARTESIAN_POINT('',(23.0000003278256,3.00000000000001,-9.56425710911249));
#3205=CARTESIAN_POINT('Origin',(23.0000003278256,3.00000000000001,-10.5642571091125));
#3206=CARTESIAN_POINT('',(23.0000003278256,3.00000000000001,-9.56425710911249));
#3207=CARTESIAN_POINT('',(22.0000003278256,3.00000000000001,-10.5642571091125));
#3208=CARTESIAN_POINT('Origin',(22.0000003278256,3.00000000000001,-9.56425710911249));
#3209=CARTESIAN_POINT('',(60.9957342784749,3.00000000000001,-9.56425710911249));
#3210=CARTESIAN_POINT('',(23.1442000348584,3.00000000000001,-9.56425710911249));
#3211=CARTESIAN_POINT('',(60.9957342784749,3.00000000000001,-9.56425710911249));
#3212=CARTESIAN_POINT('Origin',(60.9957342784749,3.00000000000001,-10.5642571091125));
#3213=CARTESIAN_POINT('',(61.9957342784749,3.00000000000001,-10.5642571091125));
#3214=CARTESIAN_POINT('Origin',(60.9957342784749,3.00000000000001,-10.5642571091125));
#3215=CARTESIAN_POINT('',(61.9957342784749,3.00000000000001,-10.5642571091125));
#3216=CARTESIAN_POINT('Origin',(60.9957342784749,3.00000000000001,-22.0000003427267));
#3217=CARTESIAN_POINT('',(61.9957342784749,3.00000000000001,-22.0000003427267));
#3218=CARTESIAN_POINT('',(60.9957342784749,3.00000000000001,-23.0000003427267));
#3219=CARTESIAN_POINT('Origin',(60.9957342784749,3.00000000000001,-22.0000003427267));
#3220=CARTESIAN_POINT('',(60.9957342784749,3.00000000000001,-23.0000003427267));
#3221=CARTESIAN_POINT('',(61.9957342784749,3.00000000000001,-22.0000003427267));
#3222=CARTESIAN_POINT('Origin',(61.9957342784749,3.00000000000001,-23.0000003427267));
#3223=CARTESIAN_POINT('',(23.0000003278256,3.00000000000001,-23.0000003427267));
#3224=CARTESIAN_POINT('',(43.1420670101831,3.00000000000001,-23.0000003427267));
#3225=CARTESIAN_POINT('',(23.0000003278256,3.00000000000001,-23.0000003427267));
#3226=CARTESIAN_POINT('Origin',(23.0000003278256,3.00000000000001,-22.0000003427267));
#3227=CARTESIAN_POINT('',(22.0000003278256,3.00000000000001,-22.0000003427267));
#3228=CARTESIAN_POINT('Origin',(23.0000003278256,3.00000000000001,-22.0000003427267));
#3229=CARTESIAN_POINT('',(22.0000003278256,3.00000000000001,-22.0000003427267));
#3230=CARTESIAN_POINT('Origin',(22.0000003278256,3.00000000000001,-23.0000003427267));
#3231=CARTESIAN_POINT('',(22.0000003278256,3.00000000000001,-5.27500031847802));
#3232=CARTESIAN_POINT('Origin',(61.9957342784749,3.00000000000001,-9.56425710911249));
#3233=CARTESIAN_POINT('',(61.9957342784749,3.00000000000001,1.44287129832909));
#3234=CARTESIAN_POINT('Origin',(15.4000002235174,0.,7.99999985098838));
#3235=CARTESIAN_POINT('',(15.4000002235174,3.00000000000001,-7.00000014901161));
#3236=CARTESIAN_POINT('',(15.4000002235174,0.,-7.00000014901161));
#3237=CARTESIAN_POINT('',(15.4000002235174,3.00000000000001,7.99999985098838));
#3238=CARTESIAN_POINT('',(15.4000002235174,3.00000000000001,7.99999985098838));
#3239=CARTESIAN_POINT('',(15.4000002235174,0.,7.99999985098838));
#3240=CARTESIAN_POINT('Origin',(15.9000002235174,0.,7.99999985098838));
#3241=CARTESIAN_POINT('',(15.9000002235174,3.00000000000001,8.49999985098838));
#3242=CARTESIAN_POINT('Origin',(15.9000002235174,3.00000000000001,7.99999985098838));
#3243=CARTESIAN_POINT('',(15.9000002235174,0.,8.49999985098838));
#3244=CARTESIAN_POINT('Origin',(30.9000002235174,0.,8.49999985098839));
#3245=CARTESIAN_POINT('',(30.9000002235174,3.00000000000001,8.49999985098838));
#3246=CARTESIAN_POINT('',(30.9000002235174,3.00000000000001,8.49999985098839));
#3247=CARTESIAN_POINT('',(30.9000002235174,0.,8.49999985098839));
#3248=CARTESIAN_POINT('Origin',(30.9000002235174,0.,7.99999985098838));
#3249=CARTESIAN_POINT('',(31.4000002235174,3.00000000000001,7.99999985098839));
#3250=CARTESIAN_POINT('Origin',(30.9000002235174,3.00000000000001,7.99999985098838));
#3251=CARTESIAN_POINT('',(31.4000002235174,0.,7.99999985098838));
#3252=CARTESIAN_POINT('Origin',(31.4000002235174,0.,-7.00000014901161));
#3253=CARTESIAN_POINT('',(31.4000002235174,3.00000000000001,-7.00000014901161));
#3254=CARTESIAN_POINT('',(31.4000002235174,3.00000000000001,-7.00000014901161));
#3255=CARTESIAN_POINT('',(31.4000002235174,0.,-7.00000014901161));
#3256=CARTESIAN_POINT('Origin',(30.9000002235174,0.,-7.00000014901161));
#3257=CARTESIAN_POINT('',(30.9000002235174,3.00000000000001,-7.50000014901161));
#3258=CARTESIAN_POINT('Origin',(30.9000002235174,3.00000000000001,-7.00000014901161));
#3259=CARTESIAN_POINT('',(30.9000002235174,0.,-7.50000014901161));
#3260=CARTESIAN_POINT('Origin',(15.9000002235174,0.,-7.50000014901161));
#3261=CARTESIAN_POINT('',(15.9000002235174,3.00000000000001,-7.50000014901161));
#3262=CARTESIAN_POINT('',(15.9000002235174,3.00000000000001,-7.50000014901161));
#3263=CARTESIAN_POINT('',(15.9000002235174,0.,-7.50000014901161));
#3264=CARTESIAN_POINT('Origin',(15.9000002235174,0.,-7.00000014901161));
#3265=CARTESIAN_POINT('Origin',(15.9000002235174,3.00000000000001,-7.00000014901161));
#3266=CARTESIAN_POINT('Origin',(78.9883997418839,0.,54.8999997057711));
#3267=CARTESIAN_POINT('',(80.4383997418839,3.00000000000001,54.8999997057711));
#3268=CARTESIAN_POINT('Origin',(78.9883997418839,3.00000000000001,54.8999997057711));
#3269=CARTESIAN_POINT('',(80.4383997418839,0.,54.8999997057711));
#3270=CARTESIAN_POINT('Origin',(50.6500002235174,0.,11.9999998509884));
#3271=CARTESIAN_POINT('',(50.6500002235174,3.00000000000001,26.9999998509884));
#3272=CARTESIAN_POINT('',(50.6500002235174,0.,26.9999998509884));
#3273=CARTESIAN_POINT('',(50.6500002235174,3.00000000000001,11.9999998509884));
#3274=CARTESIAN_POINT('',(50.6500002235174,3.00000000000001,11.9999998509884));
#3275=CARTESIAN_POINT('',(50.6500002235174,0.,11.9999998509884));
#3276=CARTESIAN_POINT('Origin',(50.1500002235174,0.,11.9999998509884));
#3277=CARTESIAN_POINT('',(50.1500002235174,3.00000000000001,11.4999998509884));
#3278=CARTESIAN_POINT('Origin',(50.1500002235174,3.00000000000001,11.9999998509884));
#3279=CARTESIAN_POINT('',(50.1500002235174,0.,11.4999998509884));
#3280=CARTESIAN_POINT('Origin',(35.1500002235174,0.,11.4999998509884));
#3281=CARTESIAN_POINT('',(35.1500002235174,3.00000000000001,11.4999998509884));
#3282=CARTESIAN_POINT('',(35.1500002235174,3.00000000000001,11.4999998509884));
#3283=CARTESIAN_POINT('',(35.1500002235174,0.,11.4999998509884));
#3284=CARTESIAN_POINT('Origin',(35.1500002235174,0.,11.9999998509884));
#3285=CARTESIAN_POINT('',(34.6500002235174,3.00000000000001,11.9999998509884));
#3286=CARTESIAN_POINT('Origin',(35.1500002235174,3.00000000000001,11.9999998509884));
#3287=CARTESIAN_POINT('',(34.6500002235174,0.,11.9999998509884));
#3288=CARTESIAN_POINT('Origin',(34.6500002235174,0.,26.9999998509884));
#3289=CARTESIAN_POINT('',(34.6500002235174,3.00000000000001,26.9999998509884));
#3290=CARTESIAN_POINT('',(34.6500002235174,3.00000000000001,26.9999998509884));
#3291=CARTESIAN_POINT('',(34.6500002235174,0.,26.9999998509884));
#3292=CARTESIAN_POINT('Origin',(35.1500002235174,0.,26.9999998509884));
#3293=CARTESIAN_POINT('',(35.1500002235174,3.00000000000001,27.4999998509884));
#3294=CARTESIAN_POINT('Origin',(35.1500002235174,3.00000000000001,26.9999998509884));
#3295=CARTESIAN_POINT('',(35.1500002235174,0.,27.4999998509884));
#3296=CARTESIAN_POINT('Origin',(50.1500002235174,0.,27.4999998509884));
#3297=CARTESIAN_POINT('',(50.1500002235174,3.00000000000001,27.4999998509884));
#3298=CARTESIAN_POINT('',(50.1500002235174,3.00000000000001,27.4999998509884));
#3299=CARTESIAN_POINT('',(50.1500002235174,0.,27.4999998509884));
#3300=CARTESIAN_POINT('Origin',(50.1500002235174,0.,26.9999998509884));
#3301=CARTESIAN_POINT('Origin',(50.1500002235174,3.00000000000001,26.9999998509884));
#3302=CARTESIAN_POINT('Origin',(69.4000002235174,0.,46.4999998509884));
#3303=CARTESIAN_POINT('',(54.4000002235174,3.00000000000001,46.4999998509884));
#3304=CARTESIAN_POINT('',(54.4000002235174,0.,46.4999998509884));
#3305=CARTESIAN_POINT('',(69.4000002235174,3.00000000000001,46.4999998509884));
#3306=CARTESIAN_POINT('',(69.4000002235174,3.00000000000001,46.4999998509884));
#3307=CARTESIAN_POINT('',(69.4000002235174,0.,46.4999998509884));
#3308=CARTESIAN_POINT('Origin',(69.4000002235174,0.,45.9999998509884));
#3309=CARTESIAN_POINT('',(69.9000002235174,3.00000000000001,45.9999998509884));
#3310=CARTESIAN_POINT('Origin',(69.4000002235174,3.00000000000001,45.9999998509884));
#3311=CARTESIAN_POINT('',(69.9000002235174,0.,45.9999998509884));
#3312=CARTESIAN_POINT('Origin',(69.9000002235174,0.,30.9999998509884));
#3313=CARTESIAN_POINT('',(69.9000002235174,3.00000000000001,30.9999998509884));
#3314=CARTESIAN_POINT('',(69.9000002235174,3.00000000000001,30.9999998509884));
#3315=CARTESIAN_POINT('',(69.9000002235174,0.,30.9999998509884));
#3316=CARTESIAN_POINT('Origin',(69.4000002235174,0.,30.9999998509884));
#3317=CARTESIAN_POINT('',(69.4000002235174,3.00000000000001,30.4999998509884));
#3318=CARTESIAN_POINT('Origin',(69.4000002235174,3.00000000000001,30.9999998509884));
#3319=CARTESIAN_POINT('',(69.4000002235174,0.,30.4999998509884));
#3320=CARTESIAN_POINT('Origin',(54.4000002235174,0.,30.4999998509884));
#3321=CARTESIAN_POINT('',(54.4000002235174,3.00000000000001,30.4999998509884));
#3322=CARTESIAN_POINT('',(54.4000002235174,3.00000000000001,30.4999998509884));
#3323=CARTESIAN_POINT('',(54.4000002235174,0.,30.4999998509884));
#3324=CARTESIAN_POINT('Origin',(54.4000002235174,0.,30.9999998509884));
#3325=CARTESIAN_POINT('',(53.9000002235174,3.00000000000001,30.9999998509884));
#3326=CARTESIAN_POINT('Origin',(54.4000002235174,3.00000000000001,30.9999998509884));
#3327=CARTESIAN_POINT('',(53.9000002235174,0.,30.9999998509884));
#3328=CARTESIAN_POINT('Origin',(53.9000002235174,0.,45.9999998509884));
#3329=CARTESIAN_POINT('',(53.9000002235174,3.00000000000001,45.9999998509884));
#3330=CARTESIAN_POINT('',(53.9000002235174,3.00000000000001,45.9999998509884));
#3331=CARTESIAN_POINT('',(53.9000002235174,0.,45.9999998509884));
#3332=CARTESIAN_POINT('Origin',(54.4000002235174,0.,45.9999998509884));
#3333=CARTESIAN_POINT('Origin',(54.4000002235174,3.00000000000001,45.9999998509884));
#3334=CARTESIAN_POINT('Origin',(34.6500002235174,0.,45.9999998509884));
#3335=CARTESIAN_POINT('',(34.6500002235174,3.00000000000001,30.9999998509884));
#3336=CARTESIAN_POINT('',(34.6500002235174,0.,30.9999998509884));
#3337=CARTESIAN_POINT('',(34.6500002235174,3.00000000000001,45.9999998509884));
#3338=CARTESIAN_POINT('',(34.6500002235174,3.00000000000001,45.9999998509884));
#3339=CARTESIAN_POINT('',(34.6500002235174,0.,45.9999998509884));
#3340=CARTESIAN_POINT('Origin',(35.1500002235174,0.,45.9999998509884));
#3341=CARTESIAN_POINT('',(35.1500002235174,3.00000000000001,46.4999998509884));
#3342=CARTESIAN_POINT('Origin',(35.1500002235174,3.00000000000001,45.9999998509884));
#3343=CARTESIAN_POINT('',(35.1500002235174,0.,46.4999998509884));
#3344=CARTESIAN_POINT('Origin',(50.1500002235174,0.,46.4999998509884));
#3345=CARTESIAN_POINT('',(50.1500002235174,3.00000000000001,46.4999998509884));
#3346=CARTESIAN_POINT('',(50.1500002235174,3.00000000000001,46.4999998509884));
#3347=CARTESIAN_POINT('',(50.1500002235174,0.,46.4999998509884));
#3348=CARTESIAN_POINT('Origin',(50.1500002235174,0.,45.9999998509884));
#3349=CARTESIAN_POINT('',(50.6500002235174,3.00000000000001,45.9999998509884));
#3350=CARTESIAN_POINT('Origin',(50.1500002235174,3.00000000000001,45.9999998509884));
#3351=CARTESIAN_POINT('',(50.6500002235174,0.,45.9999998509884));
#3352=CARTESIAN_POINT('Origin',(50.6500002235174,0.,30.9999998509884));
#3353=CARTESIAN_POINT('',(50.6500002235174,3.00000000000001,30.9999998509884));
#3354=CARTESIAN_POINT('',(50.6500002235174,3.00000000000001,30.9999998509884));
#3355=CARTESIAN_POINT('',(50.6500002235174,0.,30.9999998509884));
#3356=CARTESIAN_POINT('Origin',(50.1500002235174,0.,30.9999998509884));
#3357=CARTESIAN_POINT('',(50.1500002235174,3.00000000000001,30.4999998509884));
#3358=CARTESIAN_POINT('Origin',(50.1500002235174,3.00000000000001,30.9999998509884));
#3359=CARTESIAN_POINT('',(50.1500002235174,0.,30.4999998509884));
#3360=CARTESIAN_POINT('Origin',(35.1500002235174,0.,30.4999998509884));
#3361=CARTESIAN_POINT('',(35.1500002235174,3.00000000000001,30.4999998509884));
#3362=CARTESIAN_POINT('',(35.1500002235174,3.00000000000001,30.4999998509884));
#3363=CARTESIAN_POINT('',(35.1500002235174,0.,30.4999998509884));
#3364=CARTESIAN_POINT('Origin',(35.1500002235174,0.,30.9999998509884));
#3365=CARTESIAN_POINT('Origin',(35.1500002235174,3.00000000000001,30.9999998509884));
#3366=CARTESIAN_POINT('Origin',(69.4000002235174,0.,27.4999998509884));
#3367=CARTESIAN_POINT('',(54.4000002235174,3.00000000000001,27.4999998509884));
#3368=CARTESIAN_POINT('',(54.4000002235174,0.,27.4999998509884));
#3369=CARTESIAN_POINT('',(69.4000002235174,3.00000000000001,27.4999998509884));
#3370=CARTESIAN_POINT('',(69.4000002235174,3.00000000000001,27.4999998509884));
#3371=CARTESIAN_POINT('',(69.4000002235174,0.,27.4999998509884));
#3372=CARTESIAN_POINT('Origin',(69.4000002235174,0.,26.9999998509884));
#3373=CARTESIAN_POINT('',(69.9000002235174,3.00000000000001,26.9999998509884));
#3374=CARTESIAN_POINT('Origin',(69.4000002235174,3.00000000000001,26.9999998509884));
#3375=CARTESIAN_POINT('',(69.9000002235174,0.,26.9999998509884));
#3376=CARTESIAN_POINT('Origin',(69.9000002235174,0.,11.9999998509884));
#3377=CARTESIAN_POINT('',(69.9000002235174,3.00000000000001,11.9999998509884));
#3378=CARTESIAN_POINT('',(69.9000002235174,3.00000000000001,11.9999998509884));
#3379=CARTESIAN_POINT('',(69.9000002235174,0.,11.9999998509884));
#3380=CARTESIAN_POINT('Origin',(69.4000002235174,0.,11.9999998509884));
#3381=CARTESIAN_POINT('',(69.4000002235174,3.00000000000001,11.4999998509884));
#3382=CARTESIAN_POINT('Origin',(69.4000002235174,3.00000000000001,11.9999998509884));
#3383=CARTESIAN_POINT('',(69.4000002235174,0.,11.4999998509884));
#3384=CARTESIAN_POINT('Origin',(54.4000002235174,0.,11.4999998509884));
#3385=CARTESIAN_POINT('',(54.4000002235174,3.00000000000001,11.4999998509884));
#3386=CARTESIAN_POINT('',(54.4000002235174,3.00000000000001,11.4999998509884));
#3387=CARTESIAN_POINT('',(54.4000002235174,0.,11.4999998509884));
#3388=CARTESIAN_POINT('Origin',(54.4000002235174,0.,11.9999998509884));
#3389=CARTESIAN_POINT('',(53.9000002235174,3.00000000000001,11.9999998509884));
#3390=CARTESIAN_POINT('Origin',(54.4000002235174,3.00000000000001,11.9999998509884));
#3391=CARTESIAN_POINT('',(53.9000002235174,0.,11.9999998509884));
#3392=CARTESIAN_POINT('Origin',(53.9000002235174,0.,26.9999998509884));
#3393=CARTESIAN_POINT('',(53.9000002235174,3.00000000000001,26.9999998509884));
#3394=CARTESIAN_POINT('',(53.9000002235174,3.00000000000001,26.9999998509884));
#3395=CARTESIAN_POINT('',(53.9000002235174,0.,26.9999998509884));
#3396=CARTESIAN_POINT('Origin',(54.4000002235174,0.,26.9999998509884));
#3397=CARTESIAN_POINT('Origin',(54.4000002235174,3.00000000000001,26.9999998509884));
#3398=CARTESIAN_POINT('Origin',(79.,0.,-30.));
#3399=CARTESIAN_POINT('',(78.9941630933788,3.00000000000001,-28.5500117481436));
#3400=CARTESIAN_POINT('',(78.9941630933788,0.,-28.5500117481436));
#3401=CARTESIAN_POINT('',(78.9942366485252,3.00000000000001,-31.4499885460855));
#3402=CARTESIAN_POINT('Origin',(79.,3.00000000000001,-30.));
#3403=CARTESIAN_POINT('',(78.9942366485252,0.,-31.4499885460855));
#3404=CARTESIAN_POINT('Origin',(78.9883997418912,0.,-30.0000002942293));
#3405=CARTESIAN_POINT('Origin',(78.9883997418912,3.00000000000001,-30.0000002942293));
#3406=CARTESIAN_POINT('Origin',(-30.4116002581088,0.,-30.0000002942293));
#3407=CARTESIAN_POINT('',(-28.9616002581088,3.00000000000001,-30.0000002942293));
#3408=CARTESIAN_POINT('Origin',(-30.4116002581088,3.00000000000001,-30.0000002942293));
#3409=CARTESIAN_POINT('',(-28.9616002581088,0.,-30.0000002942293));
#3410=CARTESIAN_POINT('Origin',(53.9000002235174,0.,7.99999985098839));
#3411=CARTESIAN_POINT('',(53.9000002235174,3.00000000000001,-7.00000014901161));
#3412=CARTESIAN_POINT('',(53.9000002235174,0.,-7.00000014901161));
#3413=CARTESIAN_POINT('',(53.9000002235174,3.00000000000001,7.99999985098839));
#3414=CARTESIAN_POINT('',(53.9000002235174,3.00000000000001,7.99999985098839));
#3415=CARTESIAN_POINT('',(53.9000002235174,0.,7.99999985098839));
#3416=CARTESIAN_POINT('Origin',(54.4000002235174,0.,7.99999985098839));
#3417=CARTESIAN_POINT('',(54.4000002235174,3.00000000000001,8.49999985098838));
#3418=CARTESIAN_POINT('Origin',(54.4000002235174,3.00000000000001,7.99999985098839));
#3419=CARTESIAN_POINT('',(54.4000002235174,0.,8.49999985098838));
#3420=CARTESIAN_POINT('Origin',(69.4000002235174,0.,8.49999985098839));
#3421=CARTESIAN_POINT('',(69.4000002235174,3.00000000000001,8.49999985098839));
#3422=CARTESIAN_POINT('',(69.4000002235174,3.00000000000001,8.49999985098839));
#3423=CARTESIAN_POINT('',(69.4000002235174,0.,8.49999985098839));
#3424=CARTESIAN_POINT('Origin',(69.4000002235174,0.,7.99999985098839));
#3425=CARTESIAN_POINT('',(69.9000002235174,3.00000000000001,7.99999985098839));
#3426=CARTESIAN_POINT('Origin',(69.4000002235174,3.00000000000001,7.99999985098839));
#3427=CARTESIAN_POINT('',(69.9000002235174,0.,7.99999985098839));
#3428=CARTESIAN_POINT('Origin',(69.9000002235174,0.,-7.00000014901161));
#3429=CARTESIAN_POINT('',(69.9000002235174,3.00000000000001,-7.00000014901161));
#3430=CARTESIAN_POINT('',(69.9000002235174,3.00000000000001,-7.00000014901161));
#3431=CARTESIAN_POINT('',(69.9000002235174,0.,-7.00000014901161));
#3432=CARTESIAN_POINT('Origin',(69.4000002235174,0.,-7.00000014901161));
#3433=CARTESIAN_POINT('',(69.4000002235174,3.00000000000001,-7.50000014901162));
#3434=CARTESIAN_POINT('Origin',(69.4000002235174,3.00000000000001,-7.00000014901161));
#3435=CARTESIAN_POINT('',(69.4000002235174,0.,-7.50000014901162));
#3436=CARTESIAN_POINT('Origin',(54.4000002235174,0.,-7.50000014901161));
#3437=CARTESIAN_POINT('',(54.4000002235174,3.00000000000001,-7.50000014901161));
#3438=CARTESIAN_POINT('',(54.4000002235174,3.00000000000001,-7.50000014901161));
#3439=CARTESIAN_POINT('',(54.4000002235174,0.,-7.50000014901161));
#3440=CARTESIAN_POINT('Origin',(54.4000002235174,0.,-7.00000014901161));
#3441=CARTESIAN_POINT('Origin',(54.4000002235174,3.00000000000001,-7.00000014901161));
#3442=CARTESIAN_POINT('Origin',(15.4000002235174,0.,26.9999998509884));
#3443=CARTESIAN_POINT('',(15.4000002235174,3.00000000000001,11.9999998509884));
#3444=CARTESIAN_POINT('',(15.4000002235174,0.,11.9999998509884));
#3445=CARTESIAN_POINT('',(15.4000002235174,3.00000000000001,26.9999998509884));
#3446=CARTESIAN_POINT('',(15.4000002235174,3.00000000000001,26.9999998509884));
#3447=CARTESIAN_POINT('',(15.4000002235174,0.,26.9999998509884));
#3448=CARTESIAN_POINT('Origin',(15.9000002235174,0.,26.9999998509884));
#3449=CARTESIAN_POINT('',(15.9000002235174,3.00000000000001,27.4999998509884));
#3450=CARTESIAN_POINT('Origin',(15.9000002235174,3.00000000000001,26.9999998509884));
#3451=CARTESIAN_POINT('',(15.9000002235174,0.,27.4999998509884));
#3452=CARTESIAN_POINT('Origin',(30.9000002235174,0.,27.4999998509884));
#3453=CARTESIAN_POINT('',(30.9000002235174,3.00000000000001,27.4999998509884));
#3454=CARTESIAN_POINT('',(30.9000002235174,3.00000000000001,27.4999998509884));
#3455=CARTESIAN_POINT('',(30.9000002235174,0.,27.4999998509884));
#3456=CARTESIAN_POINT('Origin',(30.9000002235174,0.,26.9999998509884));
#3457=CARTESIAN_POINT('',(31.4000002235174,3.00000000000001,26.9999998509884));
#3458=CARTESIAN_POINT('Origin',(30.9000002235174,3.00000000000001,26.9999998509884));
#3459=CARTESIAN_POINT('',(31.4000002235174,0.,26.9999998509884));
#3460=CARTESIAN_POINT('Origin',(31.4000002235174,0.,11.9999998509884));
#3461=CARTESIAN_POINT('',(31.4000002235174,3.00000000000001,11.9999998509884));
#3462=CARTESIAN_POINT('',(31.4000002235174,3.00000000000001,11.9999998509884));
#3463=CARTESIAN_POINT('',(31.4000002235174,0.,11.9999998509884));
#3464=CARTESIAN_POINT('Origin',(30.9000002235174,0.,11.9999998509884));
#3465=CARTESIAN_POINT('',(30.9000002235174,3.00000000000001,11.4999998509884));
#3466=CARTESIAN_POINT('Origin',(30.9000002235174,3.00000000000001,11.9999998509884));
#3467=CARTESIAN_POINT('',(30.9000002235174,0.,11.4999998509884));
#3468=CARTESIAN_POINT('Origin',(15.9000002235174,0.,11.4999998509884));
#3469=CARTESIAN_POINT('',(15.9000002235174,3.00000000000001,11.4999998509884));
#3470=CARTESIAN_POINT('',(15.9000002235174,3.00000000000001,11.4999998509884));
#3471=CARTESIAN_POINT('',(15.9000002235174,0.,11.4999998509884));
#3472=CARTESIAN_POINT('Origin',(15.9000002235174,0.,11.9999998509884));
#3473=CARTESIAN_POINT('Origin',(15.9000002235174,3.00000000000001,11.9999998509884));
#3474=CARTESIAN_POINT('Origin',(50.6500002235174,0.,-7.00000014901161));
#3475=CARTESIAN_POINT('',(50.6500002235174,3.00000000000001,7.99999985098839));
#3476=CARTESIAN_POINT('',(50.6500002235174,0.,7.99999985098839));
#3477=CARTESIAN_POINT('',(50.6500002235174,3.00000000000001,-7.00000014901161));
#3478=CARTESIAN_POINT('',(50.6500002235174,3.00000000000001,-7.00000014901161));
#3479=CARTESIAN_POINT('',(50.6500002235174,0.,-7.00000014901161));
#3480=CARTESIAN_POINT('Origin',(50.1500002235174,0.,-7.00000014901161));
#3481=CARTESIAN_POINT('',(50.1500002235174,3.00000000000001,-7.50000014901162));
#3482=CARTESIAN_POINT('Origin',(50.1500002235174,3.00000000000001,-7.00000014901161));
#3483=CARTESIAN_POINT('',(50.1500002235174,0.,-7.50000014901162));
#3484=CARTESIAN_POINT('Origin',(35.1500002235174,0.,-7.50000014901161));
#3485=CARTESIAN_POINT('',(35.1500002235174,3.00000000000001,-7.50000014901161));
#3486=CARTESIAN_POINT('',(35.1500002235174,3.00000000000001,-7.50000014901161));
#3487=CARTESIAN_POINT('',(35.1500002235174,0.,-7.50000014901161));
#3488=CARTESIAN_POINT('Origin',(35.1500002235174,0.,-7.00000014901161));
#3489=CARTESIAN_POINT('',(34.6500002235174,3.00000000000001,-7.00000014901161));
#3490=CARTESIAN_POINT('Origin',(35.1500002235174,3.00000000000001,-7.00000014901161));
#3491=CARTESIAN_POINT('',(34.6500002235174,0.,-7.00000014901161));
#3492=CARTESIAN_POINT('Origin',(34.6500002235174,0.,7.99999985098839));
#3493=CARTESIAN_POINT('',(34.6500002235174,3.00000000000001,7.99999985098839));
#3494=CARTESIAN_POINT('',(34.6500002235174,3.00000000000001,7.99999985098839));
#3495=CARTESIAN_POINT('',(34.6500002235174,0.,7.99999985098839));
#3496=CARTESIAN_POINT('Origin',(35.1500002235174,0.,7.99999985098839));
#3497=CARTESIAN_POINT('',(35.1500002235174,3.00000000000001,8.49999985098838));
#3498=CARTESIAN_POINT('Origin',(35.1500002235174,3.00000000000001,7.99999985098839));
#3499=CARTESIAN_POINT('',(35.1500002235174,0.,8.49999985098838));
#3500=CARTESIAN_POINT('Origin',(50.1500002235174,0.,8.49999985098839));
#3501=CARTESIAN_POINT('',(50.1500002235174,3.00000000000001,8.49999985098838));
#3502=CARTESIAN_POINT('',(50.1500002235174,3.00000000000001,8.49999985098839));
#3503=CARTESIAN_POINT('',(50.1500002235174,0.,8.49999985098839));
#3504=CARTESIAN_POINT('Origin',(50.1500002235174,0.,7.99999985098839));
#3505=CARTESIAN_POINT('Origin',(50.1500002235174,3.00000000000001,7.99999985098839));
#3506=CARTESIAN_POINT('Origin',(-30.4116002581087,0.,54.8999997057707));
#3507=CARTESIAN_POINT('',(-28.9616002581087,3.00000000000001,54.8999997057707));
#3508=CARTESIAN_POINT('Origin',(-30.4116002581087,3.00000000000001,54.8999997057707));
#3509=CARTESIAN_POINT('',(-28.9616002581087,0.,54.8999997057707));
#3510=CARTESIAN_POINT('Origin',(15.9000002235174,0.,30.4999998509884));
#3511=CARTESIAN_POINT('',(30.9000002235174,3.00000000000001,30.4999998509884));
#3512=CARTESIAN_POINT('',(30.9000002235174,0.,30.4999998509884));
#3513=CARTESIAN_POINT('',(15.9000002235174,3.00000000000001,30.4999998509884));
#3514=CARTESIAN_POINT('',(15.9000002235174,3.00000000000001,30.4999998509884));
#3515=CARTESIAN_POINT('',(15.9000002235174,0.,30.4999998509884));
#3516=CARTESIAN_POINT('Origin',(15.9000002235174,0.,30.9999998509884));
#3517=CARTESIAN_POINT('',(15.4000002235174,3.00000000000001,30.9999998509884));
#3518=CARTESIAN_POINT('Origin',(15.9000002235174,3.00000000000001,30.9999998509884));
#3519=CARTESIAN_POINT('',(15.4000002235174,0.,30.9999998509884));
#3520=CARTESIAN_POINT('Origin',(15.4000002235174,0.,45.9999998509884));
#3521=CARTESIAN_POINT('',(15.4000002235174,3.00000000000001,45.9999998509884));
#3522=CARTESIAN_POINT('',(15.4000002235174,3.00000000000001,45.9999998509884));
#3523=CARTESIAN_POINT('',(15.4000002235174,0.,45.9999998509884));
#3524=CARTESIAN_POINT('Origin',(15.9000002235174,0.,45.9999998509884));
#3525=CARTESIAN_POINT('',(15.9000002235174,3.00000000000001,46.4999998509884));
#3526=CARTESIAN_POINT('Origin',(15.9000002235174,3.00000000000001,45.9999998509884));
#3527=CARTESIAN_POINT('',(15.9000002235174,0.,46.4999998509884));
#3528=CARTESIAN_POINT('Origin',(30.9000002235174,0.,46.4999998509884));
#3529=CARTESIAN_POINT('',(30.9000002235174,3.00000000000001,46.4999998509884));
#3530=CARTESIAN_POINT('',(30.9000002235174,3.00000000000001,46.4999998509884));
#3531=CARTESIAN_POINT('',(30.9000002235174,0.,46.4999998509884));
#3532=CARTESIAN_POINT('Origin',(30.9000002235174,0.,45.9999998509884));
#3533=CARTESIAN_POINT('',(31.4000002235174,3.00000000000001,45.9999998509884));
#3534=CARTESIAN_POINT('Origin',(30.9000002235174,3.00000000000001,45.9999998509884));
#3535=CARTESIAN_POINT('',(31.4000002235174,0.,45.9999998509884));
#3536=CARTESIAN_POINT('Origin',(31.4000002235174,0.,30.9999998509884));
#3537=CARTESIAN_POINT('',(31.4000002235174,3.00000000000001,30.9999998509884));
#3538=CARTESIAN_POINT('',(31.4000002235174,3.00000000000001,30.9999998509884));
#3539=CARTESIAN_POINT('',(31.4000002235174,0.,30.9999998509884));
#3540=CARTESIAN_POINT('Origin',(30.9000002235174,0.,30.9999998509884));
#3541=CARTESIAN_POINT('Origin',(30.9000002235174,3.00000000000001,30.9999998509884));
#3542=CARTESIAN_POINT('Origin',(83.9883997418913,0.,-35.0000002942293));
#3543=CARTESIAN_POINT('',(83.9883997418913,3.00000000000001,-35.0000002942293));
#3544=CARTESIAN_POINT('Origin',(-35.4116002581087,0.,59.8999997057707));
#3545=CARTESIAN_POINT('',(-35.4116002581087,3.00000000000001,59.8999997057707));
#3546=CARTESIAN_POINT('Origin',(24.2883997418913,3.00000000000001,12.4499997057707));
#3547=UNCERTAINTY_MEASURE_WITH_UNIT(LENGTH_MEASURE(0.01),#3551,
'DISTANCE_ACCURACY_VALUE',
'Maximum model space distance between geometric entities at asserted c
onnectivities');
#3548=UNCERTAINTY_MEASURE_WITH_UNIT(LENGTH_MEASURE(0.01),#3551,
'DISTANCE_ACCURACY_VALUE',
'Maximum model space distance between geometric entities at asserted c
onnectivities');
#3549=(
GEOMETRIC_REPRESENTATION_CONTEXT(3)
GLOBAL_UNCERTAINTY_ASSIGNED_CONTEXT((#3547))
GLOBAL_UNIT_ASSIGNED_CONTEXT((#3551,#3553,#3554))
REPRESENTATION_CONTEXT('','3D')
);
#3550=(
GEOMETRIC_REPRESENTATION_CONTEXT(3)
GLOBAL_UNCERTAINTY_ASSIGNED_CONTEXT((#3548))
GLOBAL_UNIT_ASSIGNED_CONTEXT((#3551,#3553,#3554))
REPRESENTATION_CONTEXT('','3D')
);
#3551=(
LENGTH_UNIT()
NAMED_UNIT(*)
SI_UNIT(.MILLI.,.METRE.)
);
#3552=(
LENGTH_UNIT()
NAMED_UNIT(*)
SI_UNIT($,.METRE.)
);
#3553=(
NAMED_UNIT(*)
PLANE_ANGLE_UNIT()
SI_UNIT($,.RADIAN.)
);
#3554=(
NAMED_UNIT(*)
SI_UNIT($,.STERADIAN.)
SOLID_ANGLE_UNIT()
);
#3555=SHAPE_DEFINITION_REPRESENTATION(#3556,#3557);
#3556=PRODUCT_DEFINITION_SHAPE('',$,#3559);
#3557=SHAPE_REPRESENTATION('',(#2111),#3549);
#3558=PRODUCT_DEFINITION_CONTEXT('part definition',#3563,'design');
#3559=PRODUCT_DEFINITION('2026-08-16-01-27-19-840',
'3D printing macropad',#3560,#3558);
#3560=PRODUCT_DEFINITION_FORMATION('',$,#3565);
#3561=PRODUCT_RELATED_PRODUCT_CATEGORY('3D printing macropad',
'3D printing macropad',(#3565));
#3562=APPLICATION_PROTOCOL_DEFINITION('international standard',
'automotive_design',2009,#3563);
#3563=APPLICATION_CONTEXT(
'Core Data for Automotive Mechanical Design Process');
#3564=PRODUCT_CONTEXT('part definition',#3563,'mechanical');
#3565=PRODUCT('2026-08-16-01-27-19-840','3D printing macropad',$,(#3564));
#3566=PRESENTATION_STYLE_ASSIGNMENT((#3570));
#3567=PRESENTATION_STYLE_ASSIGNMENT((#3571));
#3568=PRESENTATION_STYLE_ASSIGNMENT((#3572));
#3569=PRESENTATION_STYLE_ASSIGNMENT((#3573));
#3570=SURFACE_STYLE_USAGE(.BOTH.,#3574);
#3571=SURFACE_STYLE_USAGE(.BOTH.,#3575);
#3572=SURFACE_STYLE_USAGE(.BOTH.,#3576);
#3573=SURFACE_STYLE_USAGE(.BOTH.,#3577);
#3574=SURFACE_SIDE_STYLE('',(#3578));
#3575=SURFACE_SIDE_STYLE('',(#3579));
#3576=SURFACE_SIDE_STYLE('',(#3580));
#3577=SURFACE_SIDE_STYLE('',(#3581));
#3578=SURFACE_STYLE_FILL_AREA(#3582);
#3579=SURFACE_STYLE_FILL_AREA(#3583);
#3580=SURFACE_STYLE_FILL_AREA(#3584);
#3581=SURFACE_STYLE_FILL_AREA(#3585);
#3582=FILL_AREA_STYLE('Steel - Satin',(#3586));
#3583=FILL_AREA_STYLE('Aluminum - Anodized Glossy (Red)',(#3587));
#3584=FILL_AREA_STYLE('Opaque(80,124,105)',(#3588));
#3585=FILL_AREA_STYLE('Opaque(219,188,126)',(#3589));
#3586=FILL_AREA_STYLE_COLOUR('Steel - Satin',#3590);
#3587=FILL_AREA_STYLE_COLOUR('Aluminum - Anodized Glossy (Red)',#3591);
#3588=FILL_AREA_STYLE_COLOUR('Opaque(80,124,105)',#3592);
#3589=FILL_AREA_STYLE_COLOUR('Opaque(219,188,126)',#3593);
#3590=COLOUR_RGB('Steel - Satin',0.627450980392157,0.627450980392157,0.627450980392157);
#3591=COLOUR_RGB('Aluminum - Anodized Glossy (Red)',0.854901960784314,0.349019607843137,
0.349019607843137);
#3592=COLOUR_RGB('Opaque(80,124,105)',0.313725490196078,0.486274509803922,
0.411764705882353);
#3593=COLOUR_RGB('Opaque(219,188,126)',0.858823529411765,0.737254901960784,
0.494117647058824);
ENDSEC;
END-ISO-10303-21;
