ISO-10303-21;
HEADER;
/* Generated by software containing ST-Developer
 * from STEP Tools, Inc. (www.steptools.com) 
 */

FILE_DESCRIPTION(
/* description */ (''),
/* implementation_level */ '2;1');

FILE_NAME(
/* name */ 'My Hackpad.step',
/* time_stamp */ '2026-08-16T01:30:34+08:00',
/* author */ (''),
/* organization */ (''),
/* preprocessor_version */ 'ST-DEVELOPER v20.1',
/* originating_system */ 'Autodesk Translation Framework v15.8.0.0',
/* authorisation */ '');

FILE_SCHEMA (('AUTOMOTIVE_DESIGN { 1 0 10303 214 3 1 1 }'));
ENDSEC;

DATA;
#10=MECHANICAL_DESIGN_GEOMETRIC_PRESENTATION_REPRESENTATION('',(#13,#14,
#15),#7163);
#11=SHAPE_REPRESENTATION_RELATIONSHIP('SRR','None',#7170,#12);
#12=ADVANCED_BREP_SHAPE_REPRESENTATION('',(#16,#17,#18),#7162);
#13=STYLED_ITEM('',(#7180),#16);
#14=STYLED_ITEM('',(#7181),#17);
#15=STYLED_ITEM('',(#7182),#18);
#16=MANIFOLD_SOLID_BREP('Body1',#4233);
#17=MANIFOLD_SOLID_BREP('Body1 (1)',#4234);
#18=MANIFOLD_SOLID_BREP('Body167',#4235);
#19=FACE_BOUND('',#791,.T.);
#20=FACE_BOUND('',#792,.T.);
#21=FACE_BOUND('',#793,.T.);
#22=FACE_BOUND('',#794,.T.);
#23=FACE_BOUND('',#795,.T.);
#24=FACE_BOUND('',#797,.T.);
#25=FACE_BOUND('',#808,.T.);
#26=FACE_BOUND('',#819,.T.);
#27=FACE_BOUND('',#820,.T.);
#28=FACE_BOUND('',#821,.T.);
#29=FACE_BOUND('',#822,.T.);
#30=FACE_BOUND('',#827,.T.);
#31=FACE_BOUND('',#828,.T.);
#32=FACE_BOUND('',#829,.T.);
#33=FACE_BOUND('',#830,.T.);
#34=FACE_BOUND('',#831,.T.);
#35=FACE_BOUND('',#832,.T.);
#36=FACE_BOUND('',#833,.T.);
#37=FACE_BOUND('',#834,.T.);
#38=FACE_BOUND('',#835,.T.);
#39=FACE_BOUND('',#836,.T.);
#40=FACE_BOUND('',#837,.T.);
#41=FACE_BOUND('',#838,.T.);
#42=FACE_BOUND('',#839,.T.);
#43=FACE_BOUND('',#840,.T.);
#44=FACE_BOUND('',#841,.T.);
#45=FACE_BOUND('',#842,.T.);
#46=FACE_BOUND('',#843,.T.);
#47=FACE_BOUND('',#844,.T.);
#48=FACE_BOUND('',#845,.T.);
#49=FACE_BOUND('',#846,.T.);
#50=FACE_BOUND('',#847,.T.);
#51=FACE_BOUND('',#848,.T.);
#52=FACE_BOUND('',#849,.T.);
#53=FACE_BOUND('',#850,.T.);
#54=FACE_BOUND('',#851,.T.);
#55=FACE_BOUND('',#852,.T.);
#56=FACE_BOUND('',#853,.T.);
#57=FACE_BOUND('',#854,.T.);
#58=FACE_BOUND('',#855,.T.);
#59=FACE_BOUND('',#856,.T.);
#60=FACE_BOUND('',#857,.T.);
#61=FACE_BOUND('',#858,.T.);
#62=FACE_BOUND('',#859,.T.);
#63=FACE_BOUND('',#860,.T.);
#64=FACE_BOUND('',#861,.T.);
#65=FACE_BOUND('',#862,.T.);
#66=FACE_BOUND('',#863,.T.);
#67=FACE_BOUND('',#864,.T.);
#68=FACE_BOUND('',#865,.T.);
#69=FACE_BOUND('',#866,.T.);
#70=FACE_BOUND('',#867,.T.);
#71=FACE_BOUND('',#868,.T.);
#72=FACE_BOUND('',#869,.T.);
#73=FACE_BOUND('',#870,.T.);
#74=FACE_BOUND('',#871,.T.);
#75=FACE_BOUND('',#872,.T.);
#76=FACE_BOUND('',#873,.T.);
#77=FACE_BOUND('',#874,.T.);
#78=FACE_BOUND('',#875,.T.);
#79=FACE_BOUND('',#876,.T.);
#80=FACE_BOUND('',#877,.T.);
#81=FACE_BOUND('',#878,.T.);
#82=FACE_BOUND('',#879,.T.);
#83=FACE_BOUND('',#880,.T.);
#84=FACE_BOUND('',#881,.T.);
#85=FACE_BOUND('',#882,.T.);
#86=FACE_BOUND('',#883,.T.);
#87=FACE_BOUND('',#884,.T.);
#88=FACE_BOUND('',#885,.T.);
#89=FACE_BOUND('',#886,.T.);
#90=FACE_BOUND('',#887,.T.);
#91=FACE_BOUND('',#888,.T.);
#92=FACE_BOUND('',#889,.T.);
#93=FACE_BOUND('',#891,.T.);
#94=FACE_BOUND('',#892,.T.);
#95=FACE_BOUND('',#893,.T.);
#96=FACE_BOUND('',#894,.T.);
#97=FACE_BOUND('',#895,.T.);
#98=FACE_BOUND('',#896,.T.);
#99=FACE_BOUND('',#897,.T.);
#100=FACE_BOUND('',#898,.T.);
#101=FACE_BOUND('',#899,.T.);
#102=FACE_BOUND('',#900,.T.);
#103=FACE_BOUND('',#901,.T.);
#104=FACE_BOUND('',#902,.T.);
#105=FACE_BOUND('',#903,.T.);
#106=FACE_BOUND('',#904,.T.);
#107=FACE_BOUND('',#905,.T.);
#108=FACE_BOUND('',#906,.T.);
#109=FACE_BOUND('',#907,.T.);
#110=FACE_BOUND('',#908,.T.);
#111=FACE_BOUND('',#909,.T.);
#112=FACE_BOUND('',#910,.T.);
#113=FACE_BOUND('',#911,.T.);
#114=FACE_BOUND('',#912,.T.);
#115=FACE_BOUND('',#913,.T.);
#116=FACE_BOUND('',#914,.T.);
#117=FACE_BOUND('',#915,.T.);
#118=FACE_BOUND('',#916,.T.);
#119=FACE_BOUND('',#917,.T.);
#120=FACE_BOUND('',#918,.T.);
#121=FACE_BOUND('',#919,.T.);
#122=FACE_BOUND('',#920,.T.);
#123=FACE_BOUND('',#921,.T.);
#124=FACE_BOUND('',#922,.T.);
#125=FACE_BOUND('',#923,.T.);
#126=FACE_BOUND('',#924,.T.);
#127=FACE_BOUND('',#925,.T.);
#128=FACE_BOUND('',#926,.T.);
#129=FACE_BOUND('',#927,.T.);
#130=FACE_BOUND('',#928,.T.);
#131=FACE_BOUND('',#929,.T.);
#132=FACE_BOUND('',#930,.T.);
#133=FACE_BOUND('',#931,.T.);
#134=FACE_BOUND('',#932,.T.);
#135=FACE_BOUND('',#933,.T.);
#136=FACE_BOUND('',#934,.T.);
#137=FACE_BOUND('',#935,.T.);
#138=FACE_BOUND('',#936,.T.);
#139=FACE_BOUND('',#937,.T.);
#140=FACE_BOUND('',#938,.T.);
#141=FACE_BOUND('',#939,.T.);
#142=FACE_BOUND('',#940,.T.);
#143=FACE_BOUND('',#941,.T.);
#144=FACE_BOUND('',#942,.T.);
#145=FACE_BOUND('',#943,.T.);
#146=FACE_BOUND('',#944,.T.);
#147=FACE_BOUND('',#945,.T.);
#148=FACE_BOUND('',#946,.T.);
#149=FACE_BOUND('',#947,.T.);
#150=FACE_BOUND('',#948,.T.);
#151=FACE_BOUND('',#949,.T.);
#152=FACE_BOUND('',#950,.T.);
#153=FACE_BOUND('',#951,.T.);
#154=FACE_BOUND('',#952,.T.);
#155=FACE_BOUND('',#953,.T.);
#156=FACE_BOUND('',#1025,.T.);
#157=FACE_BOUND('',#1026,.T.);
#158=FACE_BOUND('',#1027,.T.);
#159=FACE_BOUND('',#1028,.T.);
#160=FACE_BOUND('',#1029,.T.);
#161=FACE_BOUND('',#1030,.T.);
#162=FACE_BOUND('',#1031,.T.);
#163=FACE_BOUND('',#1032,.T.);
#164=FACE_BOUND('',#1033,.T.);
#165=FACE_BOUND('',#1034,.T.);
#166=FACE_BOUND('',#1035,.T.);
#167=FACE_BOUND('',#1036,.T.);
#168=FACE_BOUND('',#1037,.T.);
#169=FACE_BOUND('',#1038,.T.);
#170=FACE_BOUND('',#1039,.T.);
#171=FACE_BOUND('',#1140,.T.);
#172=FACE_BOUND('',#1141,.T.);
#173=FACE_BOUND('',#1142,.T.);
#174=FACE_BOUND('',#1143,.T.);
#175=FACE_BOUND('',#1144,.T.);
#176=FACE_BOUND('',#1145,.T.);
#177=FACE_BOUND('',#1146,.T.);
#178=FACE_BOUND('',#1147,.T.);
#179=FACE_BOUND('',#1148,.T.);
#180=FACE_BOUND('',#1149,.T.);
#181=FACE_BOUND('',#1150,.T.);
#182=FACE_BOUND('',#1151,.T.);
#183=FACE_BOUND('',#1152,.T.);
#184=FACE_BOUND('',#1153,.T.);
#185=FACE_BOUND('',#1154,.T.);
#186=CIRCLE('',#4254,3.);
#187=CIRCLE('',#4255,3.);
#188=CIRCLE('',#4257,3.);
#189=CIRCLE('',#4258,3.);
#190=CIRCLE('',#4259,3.);
#191=CIRCLE('',#4260,1.);
#192=CIRCLE('',#4261,1.);
#193=CIRCLE('',#4262,1.);
#194=CIRCLE('',#4263,1.);
#195=CIRCLE('',#4264,1.45);
#196=CIRCLE('',#4265,1.45);
#197=CIRCLE('',#4266,1.45);
#198=CIRCLE('',#4267,1.45);
#199=CIRCLE('',#4270,3.);
#200=CIRCLE('',#4272,3.);
#201=CIRCLE('',#4275,3.);
#202=CIRCLE('',#4277,1.);
#203=CIRCLE('',#4280,1.);
#204=CIRCLE('',#4283,1.);
#205=CIRCLE('',#4286,1.);
#206=CIRCLE('',#4290,1.45);
#207=CIRCLE('',#4292,1.45);
#208=CIRCLE('',#4294,1.45);
#209=CIRCLE('',#4296,1.45);
#210=CIRCLE('',#4301,1.99999850585);
#211=CIRCLE('',#4302,1.99999850585);
#212=CIRCLE('',#4306,1.99999850585);
#213=CIRCLE('',#4307,1.99999850585);
#214=CIRCLE('',#4308,1.99999850585);
#215=CIRCLE('',#4309,0.85);
#216=CIRCLE('',#4310,2.);
#217=CIRCLE('',#4311,0.75);
#218=CIRCLE('',#4312,0.85);
#219=CIRCLE('',#4313,2.);
#220=CIRCLE('',#4314,0.75);
#221=CIRCLE('',#4315,0.85);
#222=CIRCLE('',#4316,0.75);
#223=CIRCLE('',#4317,0.85);
#224=CIRCLE('',#4318,2.);
#225=CIRCLE('',#4319,0.75);
#226=CIRCLE('',#4320,0.75);
#227=CIRCLE('',#4321,0.85);
#228=CIRCLE('',#4322,0.85);
#229=CIRCLE('',#4323,2.);
#230=CIRCLE('',#4324,0.85);
#231=CIRCLE('',#4325,0.75);
#232=CIRCLE('',#4326,0.75);
#233=CIRCLE('',#4327,0.85);
#234=CIRCLE('',#4328,0.85);
#235=CIRCLE('',#4329,2.);
#236=CIRCLE('',#4330,0.75);
#237=CIRCLE('',#4331,0.75);
#238=CIRCLE('',#4332,0.75);
#239=CIRCLE('',#4333,0.85);
#240=CIRCLE('',#4334,0.85);
#241=CIRCLE('',#4335,2.);
#242=CIRCLE('',#4336,0.85);
#243=CIRCLE('',#4337,0.75);
#244=CIRCLE('',#4338,0.75);
#245=CIRCLE('',#4339,0.5);
#246=CIRCLE('',#4340,0.5);
#247=CIRCLE('',#4341,0.5);
#248=CIRCLE('',#4342,0.5);
#249=CIRCLE('',#4343,0.85);
#250=CIRCLE('',#4344,2.);
#251=CIRCLE('',#4345,0.75);
#252=CIRCLE('',#4346,0.5);
#253=CIRCLE('',#4347,0.5);
#254=CIRCLE('',#4348,0.5);
#255=CIRCLE('',#4349,0.5);
#256=CIRCLE('',#4350,0.5);
#257=CIRCLE('',#4351,0.5);
#258=CIRCLE('',#4352,0.5);
#259=CIRCLE('',#4353,0.5);
#260=CIRCLE('',#4354,0.5);
#261=CIRCLE('',#4355,0.5);
#262=CIRCLE('',#4356,0.85);
#263=CIRCLE('',#4357,0.75);
#264=CIRCLE('',#4358,0.85);
#265=CIRCLE('',#4359,2.);
#266=CIRCLE('',#4360,0.75);
#267=CIRCLE('',#4361,0.75);
#268=CIRCLE('',#4362,0.85);
#269=CIRCLE('',#4363,0.85);
#270=CIRCLE('',#4364,2.);
#271=CIRCLE('',#4365,0.85);
#272=CIRCLE('',#4366,0.75);
#273=CIRCLE('',#4367,0.75);
#274=CIRCLE('',#4368,0.5);
#275=CIRCLE('',#4369,0.5);
#276=CIRCLE('',#4370,0.5);
#277=CIRCLE('',#4371,0.5);
#278=CIRCLE('',#4373,1.99999850585);
#279=CIRCLE('',#4374,1.99999850585);
#280=CIRCLE('',#4375,1.99999850585);
#281=CIRCLE('',#4376,0.85);
#282=CIRCLE('',#4377,2.);
#283=CIRCLE('',#4378,0.75);
#284=CIRCLE('',#4379,0.85);
#285=CIRCLE('',#4380,2.);
#286=CIRCLE('',#4381,0.75);
#287=CIRCLE('',#4382,0.85);
#288=CIRCLE('',#4383,0.75);
#289=CIRCLE('',#4384,0.85);
#290=CIRCLE('',#4385,2.);
#291=CIRCLE('',#4386,0.75);
#292=CIRCLE('',#4387,0.75);
#293=CIRCLE('',#4388,0.85);
#294=CIRCLE('',#4389,0.85);
#295=CIRCLE('',#4390,2.);
#296=CIRCLE('',#4391,0.85);
#297=CIRCLE('',#4392,0.75);
#298=CIRCLE('',#4393,0.75);
#299=CIRCLE('',#4394,0.85);
#300=CIRCLE('',#4395,0.85);
#301=CIRCLE('',#4396,2.);
#302=CIRCLE('',#4397,0.75);
#303=CIRCLE('',#4398,0.75);
#304=CIRCLE('',#4399,0.75);
#305=CIRCLE('',#4400,0.85);
#306=CIRCLE('',#4401,0.85);
#307=CIRCLE('',#4402,2.);
#308=CIRCLE('',#4403,0.85);
#309=CIRCLE('',#4404,0.75);
#310=CIRCLE('',#4405,0.75);
#311=CIRCLE('',#4406,0.5);
#312=CIRCLE('',#4407,0.5);
#313=CIRCLE('',#4408,0.5);
#314=CIRCLE('',#4409,0.5);
#315=CIRCLE('',#4410,0.85);
#316=CIRCLE('',#4411,2.);
#317=CIRCLE('',#4412,0.75);
#318=CIRCLE('',#4413,0.5);
#319=CIRCLE('',#4414,0.5);
#320=CIRCLE('',#4415,0.5);
#321=CIRCLE('',#4416,0.5);
#322=CIRCLE('',#4417,0.5);
#323=CIRCLE('',#4418,0.5);
#324=CIRCLE('',#4419,0.5);
#325=CIRCLE('',#4420,0.5);
#326=CIRCLE('',#4421,0.5);
#327=CIRCLE('',#4422,0.5);
#328=CIRCLE('',#4423,0.85);
#329=CIRCLE('',#4424,0.75);
#330=CIRCLE('',#4425,0.85);
#331=CIRCLE('',#4426,2.);
#332=CIRCLE('',#4427,0.75);
#333=CIRCLE('',#4428,0.75);
#334=CIRCLE('',#4429,0.85);
#335=CIRCLE('',#4430,0.85);
#336=CIRCLE('',#4431,2.);
#337=CIRCLE('',#4432,0.85);
#338=CIRCLE('',#4433,0.75);
#339=CIRCLE('',#4434,0.75);
#340=CIRCLE('',#4435,0.5);
#341=CIRCLE('',#4436,0.5);
#342=CIRCLE('',#4437,0.5);
#343=CIRCLE('',#4438,0.5);
#344=CIRCLE('',#4508,3.);
#345=CIRCLE('',#4509,3.);
#346=CIRCLE('',#4512,3.);
#347=CIRCLE('',#4513,3.);
#348=CIRCLE('',#4514,3.);
#349=CIRCLE('',#4515,2.);
#350=CIRCLE('',#4516,2.);
#351=CIRCLE('',#4517,2.);
#352=CIRCLE('',#4518,2.);
#353=CIRCLE('',#4519,1.);
#354=CIRCLE('',#4520,1.);
#355=CIRCLE('',#4521,1.);
#356=CIRCLE('',#4522,1.);
#357=CIRCLE('',#4523,0.499999999999998);
#358=CIRCLE('',#4524,0.500000000000003);
#359=CIRCLE('',#4525,0.5);
#360=CIRCLE('',#4526,0.500000000000007);
#361=CIRCLE('',#4527,1.45);
#362=CIRCLE('',#4528,0.5);
#363=CIRCLE('',#4529,0.500000000000007);
#364=CIRCLE('',#4530,0.5);
#365=CIRCLE('',#4531,0.499999999999998);
#366=CIRCLE('',#4532,0.500000000000005);
#367=CIRCLE('',#4533,0.5);
#368=CIRCLE('',#4534,0.500000000000003);
#369=CIRCLE('',#4535,0.499999999999998);
#370=CIRCLE('',#4536,0.500000000000002);
#371=CIRCLE('',#4537,0.499999999999989);
#372=CIRCLE('',#4538,0.5);
#373=CIRCLE('',#4539,0.500000000000007);
#374=CIRCLE('',#4540,1.45);
#375=CIRCLE('',#4541,1.45);
#376=CIRCLE('',#4542,1.45);
#377=CIRCLE('',#4543,0.499999999999989);
#378=CIRCLE('',#4544,0.499999999999998);
#379=CIRCLE('',#4545,0.500000000000007);
#380=CIRCLE('',#4546,0.5);
#381=CIRCLE('',#4547,0.500000000000003);
#382=CIRCLE('',#4548,0.499999999999998);
#383=CIRCLE('',#4549,0.499999999999998);
#384=CIRCLE('',#4550,0.500000000000007);
#385=CIRCLE('',#4551,0.499999999999989);
#386=CIRCLE('',#4552,0.499999999999998);
#387=CIRCLE('',#4553,0.500000000000007);
#388=CIRCLE('',#4554,0.499999999999998);
#389=CIRCLE('',#4555,0.499999999999998);
#390=CIRCLE('',#4556,0.500000000000007);
#391=CIRCLE('',#4557,0.500000000000003);
#392=CIRCLE('',#4558,0.499999999999998);
#393=CIRCLE('',#4559,1.45);
#394=CIRCLE('',#4560,0.500000000000004);
#395=CIRCLE('',#4561,0.5);
#396=CIRCLE('',#4562,0.500000000000003);
#397=CIRCLE('',#4563,0.499999999999998);
#398=CIRCLE('',#4565,3.);
#399=CIRCLE('',#4568,3.);
#400=CIRCLE('',#4570,3.);
#401=CIRCLE('',#4572,2.);
#402=CIRCLE('',#4575,2.);
#403=CIRCLE('',#4578,2.);
#404=CIRCLE('',#4581,2.);
#405=CIRCLE('',#4584,1.);
#406=CIRCLE('',#4587,1.);
#407=CIRCLE('',#4589,1.);
#408=CIRCLE('',#4592,1.);
#409=CIRCLE('',#4597,0.5);
#410=CIRCLE('',#4600,0.500000000000003);
#411=CIRCLE('',#4603,0.499999999999998);
#412=CIRCLE('',#4606,0.500000000000004);
#413=CIRCLE('',#4608,1.45);
#414=CIRCLE('',#4611,0.500000000000007);
#415=CIRCLE('',#4614,0.500000000000003);
#416=CIRCLE('',#4617,0.499999999999998);
#417=CIRCLE('',#4620,0.499999999999998);
#418=CIRCLE('',#4623,0.499999999999998);
#419=CIRCLE('',#4626,0.500000000000007);
#420=CIRCLE('',#4629,0.499999999999998);
#421=CIRCLE('',#4632,0.499999999999989);
#422=CIRCLE('',#4635,0.499999999999998);
#423=CIRCLE('',#4638,0.499999999999998);
#424=CIRCLE('',#4641,0.500000000000007);
#425=CIRCLE('',#4644,0.500000000000003);
#426=CIRCLE('',#4647,0.499999999999998);
#427=CIRCLE('',#4650,0.500000000000007);
#428=CIRCLE('',#4653,0.5);
#429=CIRCLE('',#4656,0.499999999999989);
#430=CIRCLE('',#4658,1.45);
#431=CIRCLE('',#4660,1.45);
#432=CIRCLE('',#4662,1.45);
#433=CIRCLE('',#4665,0.499999999999989);
#434=CIRCLE('',#4668,0.5);
#435=CIRCLE('',#4671,0.500000000000007);
#436=CIRCLE('',#4674,0.500000000000002);
#437=CIRCLE('',#4677,0.5);
#438=CIRCLE('',#4680,0.500000000000003);
#439=CIRCLE('',#4683,0.499999999999998);
#440=CIRCLE('',#4686,0.500000000000005);
#441=CIRCLE('',#4689,0.500000000000007);
#442=CIRCLE('',#4692,0.5);
#443=CIRCLE('',#4695,0.499999999999998);
#444=CIRCLE('',#4698,0.5);
#445=CIRCLE('',#4700,1.45);
#446=CIRCLE('',#4703,0.500000000000003);
#447=CIRCLE('',#4706,0.5);
#448=CIRCLE('',#4709,0.500000000000007);
#449=CIRCLE('',#4712,0.499999999999998);
#450=CYLINDRICAL_SURFACE('',#4253,3.);
#451=CYLINDRICAL_SURFACE('',#4269,3.);
#452=CYLINDRICAL_SURFACE('',#4271,3.);
#453=CYLINDRICAL_SURFACE('',#4274,3.);
#454=CYLINDRICAL_SURFACE('',#4276,1.);
#455=CYLINDRICAL_SURFACE('',#4279,1.);
#456=CYLINDRICAL_SURFACE('',#4282,1.);
#457=CYLINDRICAL_SURFACE('',#4285,1.);
#458=CYLINDRICAL_SURFACE('',#4289,1.45);
#459=CYLINDRICAL_SURFACE('',#4291,1.45);
#460=CYLINDRICAL_SURFACE('',#4293,1.45);
#461=CYLINDRICAL_SURFACE('',#4295,1.45);
#462=CYLINDRICAL_SURFACE('',#4300,1.99999850585);
#463=CYLINDRICAL_SURFACE('',#4439,1.99999850585);
#464=CYLINDRICAL_SURFACE('',#4440,1.99999850585);
#465=CYLINDRICAL_SURFACE('',#4443,1.99999850585);
#466=CYLINDRICAL_SURFACE('',#4444,0.85);
#467=CYLINDRICAL_SURFACE('',#4445,2.);
#468=CYLINDRICAL_SURFACE('',#4446,0.75);
#469=CYLINDRICAL_SURFACE('',#4447,0.85);
#470=CYLINDRICAL_SURFACE('',#4448,2.);
#471=CYLINDRICAL_SURFACE('',#4449,0.75);
#472=CYLINDRICAL_SURFACE('',#4450,0.85);
#473=CYLINDRICAL_SURFACE('',#4451,0.75);
#474=CYLINDRICAL_SURFACE('',#4452,0.85);
#475=CYLINDRICAL_SURFACE('',#4453,2.);
#476=CYLINDRICAL_SURFACE('',#4454,0.75);
#477=CYLINDRICAL_SURFACE('',#4455,0.75);
#478=CYLINDRICAL_SURFACE('',#4456,0.85);
#479=CYLINDRICAL_SURFACE('',#4457,0.85);
#480=CYLINDRICAL_SURFACE('',#4458,2.);
#481=CYLINDRICAL_SURFACE('',#4459,0.85);
#482=CYLINDRICAL_SURFACE('',#4460,0.75);
#483=CYLINDRICAL_SURFACE('',#4461,0.75);
#484=CYLINDRICAL_SURFACE('',#4462,0.85);
#485=CYLINDRICAL_SURFACE('',#4463,0.85);
#486=CYLINDRICAL_SURFACE('',#4464,2.);
#487=CYLINDRICAL_SURFACE('',#4465,0.75);
#488=CYLINDRICAL_SURFACE('',#4466,0.75);
#489=CYLINDRICAL_SURFACE('',#4467,0.75);
#490=CYLINDRICAL_SURFACE('',#4468,0.85);
#491=CYLINDRICAL_SURFACE('',#4469,0.85);
#492=CYLINDRICAL_SURFACE('',#4470,2.);
#493=CYLINDRICAL_SURFACE('',#4471,0.85);
#494=CYLINDRICAL_SURFACE('',#4472,0.75);
#495=CYLINDRICAL_SURFACE('',#4473,0.75);
#496=CYLINDRICAL_SURFACE('',#4474,0.5);
#497=CYLINDRICAL_SURFACE('',#4475,0.5);
#498=CYLINDRICAL_SURFACE('',#4476,0.5);
#499=CYLINDRICAL_SURFACE('',#4477,0.5);
#500=CYLINDRICAL_SURFACE('',#4478,0.85);
#501=CYLINDRICAL_SURFACE('',#4479,2.);
#502=CYLINDRICAL_SURFACE('',#4480,0.75);
#503=CYLINDRICAL_SURFACE('',#4481,0.5);
#504=CYLINDRICAL_SURFACE('',#4482,0.5);
#505=CYLINDRICAL_SURFACE('',#4483,0.5);
#506=CYLINDRICAL_SURFACE('',#4484,0.5);
#507=CYLINDRICAL_SURFACE('',#4485,0.5);
#508=CYLINDRICAL_SURFACE('',#4486,0.5);
#509=CYLINDRICAL_SURFACE('',#4487,0.5);
#510=CYLINDRICAL_SURFACE('',#4488,0.5);
#511=CYLINDRICAL_SURFACE('',#4489,0.5);
#512=CYLINDRICAL_SURFACE('',#4490,0.5);
#513=CYLINDRICAL_SURFACE('',#4491,0.85);
#514=CYLINDRICAL_SURFACE('',#4492,0.75);
#515=CYLINDRICAL_SURFACE('',#4493,0.85);
#516=CYLINDRICAL_SURFACE('',#4494,2.);
#517=CYLINDRICAL_SURFACE('',#4495,0.75);
#518=CYLINDRICAL_SURFACE('',#4496,0.75);
#519=CYLINDRICAL_SURFACE('',#4497,0.85);
#520=CYLINDRICAL_SURFACE('',#4498,0.85);
#521=CYLINDRICAL_SURFACE('',#4499,2.);
#522=CYLINDRICAL_SURFACE('',#4500,0.85);
#523=CYLINDRICAL_SURFACE('',#4501,0.75);
#524=CYLINDRICAL_SURFACE('',#4502,0.75);
#525=CYLINDRICAL_SURFACE('',#4503,0.5);
#526=CYLINDRICAL_SURFACE('',#4504,0.5);
#527=CYLINDRICAL_SURFACE('',#4505,0.5);
#528=CYLINDRICAL_SURFACE('',#4506,0.5);
#529=CYLINDRICAL_SURFACE('',#4507,3.);
#530=CYLINDRICAL_SURFACE('',#4564,3.);
#531=CYLINDRICAL_SURFACE('',#4567,3.);
#532=CYLINDRICAL_SURFACE('',#4569,3.);
#533=CYLINDRICAL_SURFACE('',#4571,2.);
#534=CYLINDRICAL_SURFACE('',#4574,2.);
#535=CYLINDRICAL_SURFACE('',#4577,2.);
#536=CYLINDRICAL_SURFACE('',#4580,2.);
#537=CYLINDRICAL_SURFACE('',#4583,1.);
#538=CYLINDRICAL_SURFACE('',#4586,1.);
#539=CYLINDRICAL_SURFACE('',#4588,1.);
#540=CYLINDRICAL_SURFACE('',#4591,1.);
#541=CYLINDRICAL_SURFACE('',#4596,0.5);
#542=CYLINDRICAL_SURFACE('',#4599,0.500000000000003);
#543=CYLINDRICAL_SURFACE('',#4602,0.499999999999998);
#544=CYLINDRICAL_SURFACE('',#4605,0.500000000000004);
#545=CYLINDRICAL_SURFACE('',#4607,1.45);
#546=CYLINDRICAL_SURFACE('',#4610,0.500000000000007);
#547=CYLINDRICAL_SURFACE('',#4613,0.500000000000003);
#548=CYLINDRICAL_SURFACE('',#4616,0.499999999999998);
#549=CYLINDRICAL_SURFACE('',#4619,0.499999999999998);
#550=CYLINDRICAL_SURFACE('',#4622,0.499999999999998);
#551=CYLINDRICAL_SURFACE('',#4625,0.500000000000007);
#552=CYLINDRICAL_SURFACE('',#4628,0.499999999999998);
#553=CYLINDRICAL_SURFACE('',#4631,0.499999999999989);
#554=CYLINDRICAL_SURFACE('',#4634,0.499999999999998);
#555=CYLINDRICAL_SURFACE('',#4637,0.499999999999998);
#556=CYLINDRICAL_SURFACE('',#4640,0.500000000000007);
#557=CYLINDRICAL_SURFACE('',#4643,0.500000000000003);
#558=CYLINDRICAL_SURFACE('',#4646,0.499999999999998);
#559=CYLINDRICAL_SURFACE('',#4649,0.500000000000007);
#560=CYLINDRICAL_SURFACE('',#4652,0.5);
#561=CYLINDRICAL_SURFACE('',#4655,0.499999999999989);
#562=CYLINDRICAL_SURFACE('',#4657,1.45);
#563=CYLINDRICAL_SURFACE('',#4659,1.45);
#564=CYLINDRICAL_SURFACE('',#4661,1.45);
#565=CYLINDRICAL_SURFACE('',#4664,0.499999999999989);
#566=CYLINDRICAL_SURFACE('',#4667,0.5);
#567=CYLINDRICAL_SURFACE('',#4670,0.500000000000007);
#568=CYLINDRICAL_SURFACE('',#4673,0.500000000000002);
#569=CYLINDRICAL_SURFACE('',#4676,0.5);
#570=CYLINDRICAL_SURFACE('',#4679,0.500000000000003);
#571=CYLINDRICAL_SURFACE('',#4682,0.499999999999998);
#572=CYLINDRICAL_SURFACE('',#4685,0.500000000000005);
#573=CYLINDRICAL_SURFACE('',#4688,0.500000000000007);
#574=CYLINDRICAL_SURFACE('',#4691,0.5);
#575=CYLINDRICAL_SURFACE('',#4694,0.499999999999998);
#576=CYLINDRICAL_SURFACE('',#4697,0.5);
#577=CYLINDRICAL_SURFACE('',#4699,1.45);
#578=CYLINDRICAL_SURFACE('',#4702,0.500000000000003);
#579=CYLINDRICAL_SURFACE('',#4705,0.5);
#580=CYLINDRICAL_SURFACE('',#4708,0.500000000000007);
#581=CYLINDRICAL_SURFACE('',#4711,0.499999999999998);
#582=FACE_OUTER_BOUND('',#785,.T.);
#583=FACE_OUTER_BOUND('',#786,.T.);
#584=FACE_OUTER_BOUND('',#787,.T.);
#585=FACE_OUTER_BOUND('',#788,.T.);
#586=FACE_OUTER_BOUND('',#789,.T.);
#587=FACE_OUTER_BOUND('',#790,.T.);
#588=FACE_OUTER_BOUND('',#796,.T.);
#589=FACE_OUTER_BOUND('',#798,.T.);
#590=FACE_OUTER_BOUND('',#799,.T.);
#591=FACE_OUTER_BOUND('',#800,.T.);
#592=FACE_OUTER_BOUND('',#801,.T.);
#593=FACE_OUTER_BOUND('',#802,.T.);
#594=FACE_OUTER_BOUND('',#803,.T.);
#595=FACE_OUTER_BOUND('',#804,.T.);
#596=FACE_OUTER_BOUND('',#805,.T.);
#597=FACE_OUTER_BOUND('',#806,.T.);
#598=FACE_OUTER_BOUND('',#807,.T.);
#599=FACE_OUTER_BOUND('',#809,.T.);
#600=FACE_OUTER_BOUND('',#810,.T.);
#601=FACE_OUTER_BOUND('',#811,.T.);
#602=FACE_OUTER_BOUND('',#812,.T.);
#603=FACE_OUTER_BOUND('',#813,.T.);
#604=FACE_OUTER_BOUND('',#814,.T.);
#605=FACE_OUTER_BOUND('',#815,.T.);
#606=FACE_OUTER_BOUND('',#816,.T.);
#607=FACE_OUTER_BOUND('',#817,.T.);
#608=FACE_OUTER_BOUND('',#818,.T.);
#609=FACE_OUTER_BOUND('',#823,.T.);
#610=FACE_OUTER_BOUND('',#824,.T.);
#611=FACE_OUTER_BOUND('',#825,.T.);
#612=FACE_OUTER_BOUND('',#826,.T.);
#613=FACE_OUTER_BOUND('',#890,.T.);
#614=FACE_OUTER_BOUND('',#954,.T.);
#615=FACE_OUTER_BOUND('',#955,.T.);
#616=FACE_OUTER_BOUND('',#956,.T.);
#617=FACE_OUTER_BOUND('',#957,.T.);
#618=FACE_OUTER_BOUND('',#958,.T.);
#619=FACE_OUTER_BOUND('',#959,.T.);
#620=FACE_OUTER_BOUND('',#960,.T.);
#621=FACE_OUTER_BOUND('',#961,.T.);
#622=FACE_OUTER_BOUND('',#962,.T.);
#623=FACE_OUTER_BOUND('',#963,.T.);
#624=FACE_OUTER_BOUND('',#964,.T.);
#625=FACE_OUTER_BOUND('',#965,.T.);
#626=FACE_OUTER_BOUND('',#966,.T.);
#627=FACE_OUTER_BOUND('',#967,.T.);
#628=FACE_OUTER_BOUND('',#968,.T.);
#629=FACE_OUTER_BOUND('',#969,.T.);
#630=FACE_OUTER_BOUND('',#970,.T.);
#631=FACE_OUTER_BOUND('',#971,.T.);
#632=FACE_OUTER_BOUND('',#972,.T.);
#633=FACE_OUTER_BOUND('',#973,.T.);
#634=FACE_OUTER_BOUND('',#974,.T.);
#635=FACE_OUTER_BOUND('',#975,.T.);
#636=FACE_OUTER_BOUND('',#976,.T.);
#637=FACE_OUTER_BOUND('',#977,.T.);
#638=FACE_OUTER_BOUND('',#978,.T.);
#639=FACE_OUTER_BOUND('',#979,.T.);
#640=FACE_OUTER_BOUND('',#980,.T.);
#641=FACE_OUTER_BOUND('',#981,.T.);
#642=FACE_OUTER_BOUND('',#982,.T.);
#643=FACE_OUTER_BOUND('',#983,.T.);
#644=FACE_OUTER_BOUND('',#984,.T.);
#645=FACE_OUTER_BOUND('',#985,.T.);
#646=FACE_OUTER_BOUND('',#986,.T.);
#647=FACE_OUTER_BOUND('',#987,.T.);
#648=FACE_OUTER_BOUND('',#988,.T.);
#649=FACE_OUTER_BOUND('',#989,.T.);
#650=FACE_OUTER_BOUND('',#990,.T.);
#651=FACE_OUTER_BOUND('',#991,.T.);
#652=FACE_OUTER_BOUND('',#992,.T.);
#653=FACE_OUTER_BOUND('',#993,.T.);
#654=FACE_OUTER_BOUND('',#994,.T.);
#655=FACE_OUTER_BOUND('',#995,.T.);
#656=FACE_OUTER_BOUND('',#996,.T.);
#657=FACE_OUTER_BOUND('',#997,.T.);
#658=FACE_OUTER_BOUND('',#998,.T.);
#659=FACE_OUTER_BOUND('',#999,.T.);
#660=FACE_OUTER_BOUND('',#1000,.T.);
#661=FACE_OUTER_BOUND('',#1001,.T.);
#662=FACE_OUTER_BOUND('',#1002,.T.);
#663=FACE_OUTER_BOUND('',#1003,.T.);
#664=FACE_OUTER_BOUND('',#1004,.T.);
#665=FACE_OUTER_BOUND('',#1005,.T.);
#666=FACE_OUTER_BOUND('',#1006,.T.);
#667=FACE_OUTER_BOUND('',#1007,.T.);
#668=FACE_OUTER_BOUND('',#1008,.T.);
#669=FACE_OUTER_BOUND('',#1009,.T.);
#670=FACE_OUTER_BOUND('',#1010,.T.);
#671=FACE_OUTER_BOUND('',#1011,.T.);
#672=FACE_OUTER_BOUND('',#1012,.T.);
#673=FACE_OUTER_BOUND('',#1013,.T.);
#674=FACE_OUTER_BOUND('',#1014,.T.);
#675=FACE_OUTER_BOUND('',#1015,.T.);
#676=FACE_OUTER_BOUND('',#1016,.T.);
#677=FACE_OUTER_BOUND('',#1017,.T.);
#678=FACE_OUTER_BOUND('',#1018,.T.);
#679=FACE_OUTER_BOUND('',#1019,.T.);
#680=FACE_OUTER_BOUND('',#1020,.T.);
#681=FACE_OUTER_BOUND('',#1021,.T.);
#682=FACE_OUTER_BOUND('',#1022,.T.);
#683=FACE_OUTER_BOUND('',#1023,.T.);
#684=FACE_OUTER_BOUND('',#1024,.T.);
#685=FACE_OUTER_BOUND('',#1040,.T.);
#686=FACE_OUTER_BOUND('',#1041,.T.);
#687=FACE_OUTER_BOUND('',#1042,.T.);
#688=FACE_OUTER_BOUND('',#1043,.T.);
#689=FACE_OUTER_BOUND('',#1044,.T.);
#690=FACE_OUTER_BOUND('',#1045,.T.);
#691=FACE_OUTER_BOUND('',#1046,.T.);
#692=FACE_OUTER_BOUND('',#1047,.T.);
#693=FACE_OUTER_BOUND('',#1048,.T.);
#694=FACE_OUTER_BOUND('',#1049,.T.);
#695=FACE_OUTER_BOUND('',#1050,.T.);
#696=FACE_OUTER_BOUND('',#1051,.T.);
#697=FACE_OUTER_BOUND('',#1052,.T.);
#698=FACE_OUTER_BOUND('',#1053,.T.);
#699=FACE_OUTER_BOUND('',#1054,.T.);
#700=FACE_OUTER_BOUND('',#1055,.T.);
#701=FACE_OUTER_BOUND('',#1056,.T.);
#702=FACE_OUTER_BOUND('',#1057,.T.);
#703=FACE_OUTER_BOUND('',#1058,.T.);
#704=FACE_OUTER_BOUND('',#1059,.T.);
#705=FACE_OUTER_BOUND('',#1060,.T.);
#706=FACE_OUTER_BOUND('',#1061,.T.);
#707=FACE_OUTER_BOUND('',#1062,.T.);
#708=FACE_OUTER_BOUND('',#1063,.T.);
#709=FACE_OUTER_BOUND('',#1064,.T.);
#710=FACE_OUTER_BOUND('',#1065,.T.);
#711=FACE_OUTER_BOUND('',#1066,.T.);
#712=FACE_OUTER_BOUND('',#1067,.T.);
#713=FACE_OUTER_BOUND('',#1068,.T.);
#714=FACE_OUTER_BOUND('',#1069,.T.);
#715=FACE_OUTER_BOUND('',#1070,.T.);
#716=FACE_OUTER_BOUND('',#1071,.T.);
#717=FACE_OUTER_BOUND('',#1072,.T.);
#718=FACE_OUTER_BOUND('',#1073,.T.);
#719=FACE_OUTER_BOUND('',#1074,.T.);
#720=FACE_OUTER_BOUND('',#1075,.T.);
#721=FACE_OUTER_BOUND('',#1076,.T.);
#722=FACE_OUTER_BOUND('',#1077,.T.);
#723=FACE_OUTER_BOUND('',#1078,.T.);
#724=FACE_OUTER_BOUND('',#1079,.T.);
#725=FACE_OUTER_BOUND('',#1080,.T.);
#726=FACE_OUTER_BOUND('',#1081,.T.);
#727=FACE_OUTER_BOUND('',#1082,.T.);
#728=FACE_OUTER_BOUND('',#1083,.T.);
#729=FACE_OUTER_BOUND('',#1084,.T.);
#730=FACE_OUTER_BOUND('',#1085,.T.);
#731=FACE_OUTER_BOUND('',#1086,.T.);
#732=FACE_OUTER_BOUND('',#1087,.T.);
#733=FACE_OUTER_BOUND('',#1088,.T.);
#734=FACE_OUTER_BOUND('',#1089,.T.);
#735=FACE_OUTER_BOUND('',#1090,.T.);
#736=FACE_OUTER_BOUND('',#1091,.T.);
#737=FACE_OUTER_BOUND('',#1092,.T.);
#738=FACE_OUTER_BOUND('',#1093,.T.);
#739=FACE_OUTER_BOUND('',#1094,.T.);
#740=FACE_OUTER_BOUND('',#1095,.T.);
#741=FACE_OUTER_BOUND('',#1096,.T.);
#742=FACE_OUTER_BOUND('',#1097,.T.);
#743=FACE_OUTER_BOUND('',#1098,.T.);
#744=FACE_OUTER_BOUND('',#1099,.T.);
#745=FACE_OUTER_BOUND('',#1100,.T.);
#746=FACE_OUTER_BOUND('',#1101,.T.);
#747=FACE_OUTER_BOUND('',#1102,.T.);
#748=FACE_OUTER_BOUND('',#1103,.T.);
#749=FACE_OUTER_BOUND('',#1104,.T.);
#750=FACE_OUTER_BOUND('',#1105,.T.);
#751=FACE_OUTER_BOUND('',#1106,.T.);
#752=FACE_OUTER_BOUND('',#1107,.T.);
#753=FACE_OUTER_BOUND('',#1108,.T.);
#754=FACE_OUTER_BOUND('',#1109,.T.);
#755=FACE_OUTER_BOUND('',#1110,.T.);
#756=FACE_OUTER_BOUND('',#1111,.T.);
#757=FACE_OUTER_BOUND('',#1112,.T.);
#758=FACE_OUTER_BOUND('',#1113,.T.);
#759=FACE_OUTER_BOUND('',#1114,.T.);
#760=FACE_OUTER_BOUND('',#1115,.T.);
#761=FACE_OUTER_BOUND('',#1116,.T.);
#762=FACE_OUTER_BOUND('',#1117,.T.);
#763=FACE_OUTER_BOUND('',#1118,.T.);
#764=FACE_OUTER_BOUND('',#1119,.T.);
#765=FACE_OUTER_BOUND('',#1120,.T.);
#766=FACE_OUTER_BOUND('',#1121,.T.);
#767=FACE_OUTER_BOUND('',#1122,.T.);
#768=FACE_OUTER_BOUND('',#1123,.T.);
#769=FACE_OUTER_BOUND('',#1124,.T.);
#770=FACE_OUTER_BOUND('',#1125,.T.);
#771=FACE_OUTER_BOUND('',#1126,.T.);
#772=FACE_OUTER_BOUND('',#1127,.T.);
#773=FACE_OUTER_BOUND('',#1128,.T.);
#774=FACE_OUTER_BOUND('',#1129,.T.);
#775=FACE_OUTER_BOUND('',#1130,.T.);
#776=FACE_OUTER_BOUND('',#1131,.T.);
#777=FACE_OUTER_BOUND('',#1132,.T.);
#778=FACE_OUTER_BOUND('',#1133,.T.);
#779=FACE_OUTER_BOUND('',#1134,.T.);
#780=FACE_OUTER_BOUND('',#1135,.T.);
#781=FACE_OUTER_BOUND('',#1136,.T.);
#782=FACE_OUTER_BOUND('',#1137,.T.);
#783=FACE_OUTER_BOUND('',#1138,.T.);
#784=FACE_OUTER_BOUND('',#1139,.T.);
#785=EDGE_LOOP('',(#2783,#2784,#2785,#2786));
#786=EDGE_LOOP('',(#2787,#2788,#2789,#2790));
#787=EDGE_LOOP('',(#2791,#2792,#2793,#2794));
#788=EDGE_LOOP('',(#2795,#2796,#2797,#2798));
#789=EDGE_LOOP('',(#2799,#2800,#2801,#2802));
#790=EDGE_LOOP('',(#2803,#2804,#2805,#2806,#2807,#2808,#2809,#2810));
#791=EDGE_LOOP('',(#2811,#2812,#2813,#2814,#2815,#2816,#2817,#2818));
#792=EDGE_LOOP('',(#2819));
#793=EDGE_LOOP('',(#2820));
#794=EDGE_LOOP('',(#2821));
#795=EDGE_LOOP('',(#2822));
#796=EDGE_LOOP('',(#2823,#2824,#2825,#2826));
#797=EDGE_LOOP('',(#2827,#2828,#2829,#2830));
#798=EDGE_LOOP('',(#2831,#2832,#2833,#2834));
#799=EDGE_LOOP('',(#2835,#2836,#2837,#2838));
#800=EDGE_LOOP('',(#2839,#2840,#2841,#2842));
#801=EDGE_LOOP('',(#2843,#2844,#2845,#2846));
#802=EDGE_LOOP('',(#2847,#2848,#2849,#2850));
#803=EDGE_LOOP('',(#2851,#2852,#2853,#2854));
#804=EDGE_LOOP('',(#2855,#2856,#2857,#2858));
#805=EDGE_LOOP('',(#2859,#2860,#2861,#2862));
#806=EDGE_LOOP('',(#2863,#2864,#2865,#2866));
#807=EDGE_LOOP('',(#2867,#2868,#2869,#2870));
#808=EDGE_LOOP('',(#2871,#2872,#2873,#2874));
#809=EDGE_LOOP('',(#2875,#2876,#2877,#2878));
#810=EDGE_LOOP('',(#2879,#2880,#2881,#2882,#2883,#2884,#2885,#2886));
#811=EDGE_LOOP('',(#2887,#2888,#2889,#2890));
#812=EDGE_LOOP('',(#2891,#2892,#2893,#2894));
#813=EDGE_LOOP('',(#2895,#2896,#2897,#2898));
#814=EDGE_LOOP('',(#2899,#2900,#2901,#2902));
#815=EDGE_LOOP('',(#2903,#2904,#2905,#2906));
#816=EDGE_LOOP('',(#2907,#2908,#2909,#2910));
#817=EDGE_LOOP('',(#2911,#2912,#2913,#2914));
#818=EDGE_LOOP('',(#2915,#2916,#2917,#2918,#2919,#2920,#2921,#2922));
#819=EDGE_LOOP('',(#2923));
#820=EDGE_LOOP('',(#2924));
#821=EDGE_LOOP('',(#2925));
#822=EDGE_LOOP('',(#2926));
#823=EDGE_LOOP('',(#2927,#2928,#2929,#2930));
#824=EDGE_LOOP('',(#2931,#2932,#2933,#2934));
#825=EDGE_LOOP('',(#2935,#2936,#2937,#2938));
#826=EDGE_LOOP('',(#2939,#2940,#2941,#2942,#2943,#2944,#2945,#2946));
#827=EDGE_LOOP('',(#2947));
#828=EDGE_LOOP('',(#2948));
#829=EDGE_LOOP('',(#2949));
#830=EDGE_LOOP('',(#2950));
#831=EDGE_LOOP('',(#2951));
#832=EDGE_LOOP('',(#2952));
#833=EDGE_LOOP('',(#2953));
#834=EDGE_LOOP('',(#2954));
#835=EDGE_LOOP('',(#2955));
#836=EDGE_LOOP('',(#2956));
#837=EDGE_LOOP('',(#2957));
#838=EDGE_LOOP('',(#2958));
#839=EDGE_LOOP('',(#2959));
#840=EDGE_LOOP('',(#2960));
#841=EDGE_LOOP('',(#2961));
#842=EDGE_LOOP('',(#2962));
#843=EDGE_LOOP('',(#2963));
#844=EDGE_LOOP('',(#2964));
#845=EDGE_LOOP('',(#2965));
#846=EDGE_LOOP('',(#2966));
#847=EDGE_LOOP('',(#2967));
#848=EDGE_LOOP('',(#2968));
#849=EDGE_LOOP('',(#2969));
#850=EDGE_LOOP('',(#2970));
#851=EDGE_LOOP('',(#2971));
#852=EDGE_LOOP('',(#2972));
#853=EDGE_LOOP('',(#2973));
#854=EDGE_LOOP('',(#2974));
#855=EDGE_LOOP('',(#2975));
#856=EDGE_LOOP('',(#2976));
#857=EDGE_LOOP('',(#2977));
#858=EDGE_LOOP('',(#2978));
#859=EDGE_LOOP('',(#2979));
#860=EDGE_LOOP('',(#2980));
#861=EDGE_LOOP('',(#2981));
#862=EDGE_LOOP('',(#2982));
#863=EDGE_LOOP('',(#2983));
#864=EDGE_LOOP('',(#2984));
#865=EDGE_LOOP('',(#2985));
#866=EDGE_LOOP('',(#2986));
#867=EDGE_LOOP('',(#2987));
#868=EDGE_LOOP('',(#2988));
#869=EDGE_LOOP('',(#2989));
#870=EDGE_LOOP('',(#2990));
#871=EDGE_LOOP('',(#2991));
#872=EDGE_LOOP('',(#2992));
#873=EDGE_LOOP('',(#2993));
#874=EDGE_LOOP('',(#2994));
#875=EDGE_LOOP('',(#2995));
#876=EDGE_LOOP('',(#2996));
#877=EDGE_LOOP('',(#2997));
#878=EDGE_LOOP('',(#2998));
#879=EDGE_LOOP('',(#2999));
#880=EDGE_LOOP('',(#3000));
#881=EDGE_LOOP('',(#3001));
#882=EDGE_LOOP('',(#3002));
#883=EDGE_LOOP('',(#3003));
#884=EDGE_LOOP('',(#3004));
#885=EDGE_LOOP('',(#3005));
#886=EDGE_LOOP('',(#3006));
#887=EDGE_LOOP('',(#3007));
#888=EDGE_LOOP('',(#3008));
#889=EDGE_LOOP('',(#3009));
#890=EDGE_LOOP('',(#3010,#3011,#3012,#3013,#3014,#3015,#3016,#3017));
#891=EDGE_LOOP('',(#3018));
#892=EDGE_LOOP('',(#3019));
#893=EDGE_LOOP('',(#3020));
#894=EDGE_LOOP('',(#3021));
#895=EDGE_LOOP('',(#3022));
#896=EDGE_LOOP('',(#3023));
#897=EDGE_LOOP('',(#3024));
#898=EDGE_LOOP('',(#3025));
#899=EDGE_LOOP('',(#3026));
#900=EDGE_LOOP('',(#3027));
#901=EDGE_LOOP('',(#3028));
#902=EDGE_LOOP('',(#3029));
#903=EDGE_LOOP('',(#3030));
#904=EDGE_LOOP('',(#3031));
#905=EDGE_LOOP('',(#3032));
#906=EDGE_LOOP('',(#3033));
#907=EDGE_LOOP('',(#3034));
#908=EDGE_LOOP('',(#3035));
#909=EDGE_LOOP('',(#3036));
#910=EDGE_LOOP('',(#3037));
#911=EDGE_LOOP('',(#3038));
#912=EDGE_LOOP('',(#3039));
#913=EDGE_LOOP('',(#3040));
#914=EDGE_LOOP('',(#3041));
#915=EDGE_LOOP('',(#3042));
#916=EDGE_LOOP('',(#3043));
#917=EDGE_LOOP('',(#3044));
#918=EDGE_LOOP('',(#3045));
#919=EDGE_LOOP('',(#3046));
#920=EDGE_LOOP('',(#3047));
#921=EDGE_LOOP('',(#3048));
#922=EDGE_LOOP('',(#3049));
#923=EDGE_LOOP('',(#3050));
#924=EDGE_LOOP('',(#3051));
#925=EDGE_LOOP('',(#3052));
#926=EDGE_LOOP('',(#3053));
#927=EDGE_LOOP('',(#3054));
#928=EDGE_LOOP('',(#3055));
#929=EDGE_LOOP('',(#3056));
#930=EDGE_LOOP('',(#3057));
#931=EDGE_LOOP('',(#3058));
#932=EDGE_LOOP('',(#3059));
#933=EDGE_LOOP('',(#3060));
#934=EDGE_LOOP('',(#3061));
#935=EDGE_LOOP('',(#3062));
#936=EDGE_LOOP('',(#3063));
#937=EDGE_LOOP('',(#3064));
#938=EDGE_LOOP('',(#3065));
#939=EDGE_LOOP('',(#3066));
#940=EDGE_LOOP('',(#3067));
#941=EDGE_LOOP('',(#3068));
#942=EDGE_LOOP('',(#3069));
#943=EDGE_LOOP('',(#3070));
#944=EDGE_LOOP('',(#3071));
#945=EDGE_LOOP('',(#3072));
#946=EDGE_LOOP('',(#3073));
#947=EDGE_LOOP('',(#3074));
#948=EDGE_LOOP('',(#3075));
#949=EDGE_LOOP('',(#3076));
#950=EDGE_LOOP('',(#3077));
#951=EDGE_LOOP('',(#3078));
#952=EDGE_LOOP('',(#3079));
#953=EDGE_LOOP('',(#3080));
#954=EDGE_LOOP('',(#3081,#3082,#3083,#3084));
#955=EDGE_LOOP('',(#3085,#3086,#3087,#3088));
#956=EDGE_LOOP('',(#3089,#3090,#3091,#3092));
#957=EDGE_LOOP('',(#3093,#3094,#3095,#3096));
#958=EDGE_LOOP('',(#3097,#3098,#3099,#3100));
#959=EDGE_LOOP('',(#3101,#3102,#3103,#3104));
#960=EDGE_LOOP('',(#3105,#3106,#3107,#3108));
#961=EDGE_LOOP('',(#3109,#3110,#3111,#3112));
#962=EDGE_LOOP('',(#3113,#3114,#3115,#3116));
#963=EDGE_LOOP('',(#3117,#3118,#3119,#3120));
#964=EDGE_LOOP('',(#3121,#3122,#3123,#3124));
#965=EDGE_LOOP('',(#3125,#3126,#3127,#3128));
#966=EDGE_LOOP('',(#3129,#3130,#3131,#3132));
#967=EDGE_LOOP('',(#3133,#3134,#3135,#3136));
#968=EDGE_LOOP('',(#3137,#3138,#3139,#3140));
#969=EDGE_LOOP('',(#3141,#3142,#3143,#3144));
#970=EDGE_LOOP('',(#3145,#3146,#3147,#3148));
#971=EDGE_LOOP('',(#3149,#3150,#3151,#3152));
#972=EDGE_LOOP('',(#3153,#3154,#3155,#3156));
#973=EDGE_LOOP('',(#3157,#3158,#3159,#3160));
#974=EDGE_LOOP('',(#3161,#3162,#3163,#3164));
#975=EDGE_LOOP('',(#3165,#3166,#3167,#3168));
#976=EDGE_LOOP('',(#3169,#3170,#3171,#3172));
#977=EDGE_LOOP('',(#3173,#3174,#3175,#3176));
#978=EDGE_LOOP('',(#3177,#3178,#3179,#3180));
#979=EDGE_LOOP('',(#3181,#3182,#3183,#3184));
#980=EDGE_LOOP('',(#3185,#3186,#3187,#3188));
#981=EDGE_LOOP('',(#3189,#3190,#3191,#3192));
#982=EDGE_LOOP('',(#3193,#3194,#3195,#3196));
#983=EDGE_LOOP('',(#3197,#3198,#3199,#3200));
#984=EDGE_LOOP('',(#3201,#3202,#3203,#3204));
#985=EDGE_LOOP('',(#3205,#3206,#3207,#3208));
#986=EDGE_LOOP('',(#3209,#3210,#3211,#3212));
#987=EDGE_LOOP('',(#3213,#3214,#3215,#3216));
#988=EDGE_LOOP('',(#3217,#3218,#3219,#3220));
#989=EDGE_LOOP('',(#3221,#3222,#3223,#3224));
#990=EDGE_LOOP('',(#3225,#3226,#3227,#3228));
#991=EDGE_LOOP('',(#3229,#3230,#3231,#3232));
#992=EDGE_LOOP('',(#3233,#3234,#3235,#3236));
#993=EDGE_LOOP('',(#3237,#3238,#3239,#3240));
#994=EDGE_LOOP('',(#3241,#3242,#3243,#3244));
#995=EDGE_LOOP('',(#3245,#3246,#3247,#3248));
#996=EDGE_LOOP('',(#3249,#3250,#3251,#3252));
#997=EDGE_LOOP('',(#3253,#3254,#3255,#3256));
#998=EDGE_LOOP('',(#3257,#3258,#3259,#3260));
#999=EDGE_LOOP('',(#3261,#3262,#3263,#3264));
#1000=EDGE_LOOP('',(#3265,#3266,#3267,#3268));
#1001=EDGE_LOOP('',(#3269,#3270,#3271,#3272));
#1002=EDGE_LOOP('',(#3273,#3274,#3275,#3276));
#1003=EDGE_LOOP('',(#3277,#3278,#3279,#3280));
#1004=EDGE_LOOP('',(#3281,#3282,#3283,#3284));
#1005=EDGE_LOOP('',(#3285,#3286,#3287,#3288));
#1006=EDGE_LOOP('',(#3289,#3290,#3291,#3292));
#1007=EDGE_LOOP('',(#3293,#3294,#3295,#3296));
#1008=EDGE_LOOP('',(#3297,#3298,#3299,#3300));
#1009=EDGE_LOOP('',(#3301,#3302,#3303,#3304));
#1010=EDGE_LOOP('',(#3305,#3306,#3307,#3308));
#1011=EDGE_LOOP('',(#3309,#3310,#3311,#3312));
#1012=EDGE_LOOP('',(#3313,#3314,#3315,#3316));
#1013=EDGE_LOOP('',(#3317,#3318,#3319,#3320));
#1014=EDGE_LOOP('',(#3321,#3322,#3323,#3324));
#1015=EDGE_LOOP('',(#3325,#3326,#3327,#3328));
#1016=EDGE_LOOP('',(#3329,#3330,#3331,#3332));
#1017=EDGE_LOOP('',(#3333,#3334,#3335,#3336));
#1018=EDGE_LOOP('',(#3337,#3338,#3339,#3340));
#1019=EDGE_LOOP('',(#3341,#3342,#3343,#3344));
#1020=EDGE_LOOP('',(#3345,#3346,#3347,#3348));
#1021=EDGE_LOOP('',(#3349,#3350,#3351,#3352));
#1022=EDGE_LOOP('',(#3353,#3354,#3355,#3356));
#1023=EDGE_LOOP('',(#3357,#3358,#3359,#3360));
#1024=EDGE_LOOP('',(#3361,#3362,#3363,#3364,#3365,#3366,#3367,#3368));
#1025=EDGE_LOOP('',(#3369,#3370,#3371,#3372,#3373,#3374,#3375,#3376));
#1026=EDGE_LOOP('',(#3377,#3378,#3379,#3380,#3381,#3382,#3383,#3384));
#1027=EDGE_LOOP('',(#3385,#3386,#3387,#3388,#3389,#3390,#3391,#3392));
#1028=EDGE_LOOP('',(#3393));
#1029=EDGE_LOOP('',(#3394,#3395,#3396,#3397,#3398,#3399,#3400,#3401));
#1030=EDGE_LOOP('',(#3402,#3403,#3404,#3405,#3406,#3407,#3408,#3409));
#1031=EDGE_LOOP('',(#3410,#3411,#3412,#3413,#3414,#3415,#3416,#3417));
#1032=EDGE_LOOP('',(#3418));
#1033=EDGE_LOOP('',(#3419,#3420));
#1034=EDGE_LOOP('',(#3421,#3422,#3423,#3424,#3425,#3426,#3427,#3428));
#1035=EDGE_LOOP('',(#3429,#3430,#3431,#3432,#3433,#3434,#3435,#3436));
#1036=EDGE_LOOP('',(#3437,#3438,#3439,#3440,#3441,#3442,#3443,#3444));
#1037=EDGE_LOOP('',(#3445,#3446,#3447,#3448,#3449,#3450,#3451,#3452));
#1038=EDGE_LOOP('',(#3453));
#1039=EDGE_LOOP('',(#3454,#3455,#3456,#3457,#3458,#3459,#3460,#3461));
#1040=EDGE_LOOP('',(#3462,#3463,#3464,#3465));
#1041=EDGE_LOOP('',(#3466,#3467,#3468,#3469));
#1042=EDGE_LOOP('',(#3470,#3471,#3472,#3473));
#1043=EDGE_LOOP('',(#3474,#3475,#3476,#3477));
#1044=EDGE_LOOP('',(#3478,#3479,#3480,#3481));
#1045=EDGE_LOOP('',(#3482,#3483,#3484,#3485));
#1046=EDGE_LOOP('',(#3486,#3487,#3488,#3489));
#1047=EDGE_LOOP('',(#3490,#3491,#3492,#3493));
#1048=EDGE_LOOP('',(#3494,#3495,#3496,#3497));
#1049=EDGE_LOOP('',(#3498,#3499,#3500,#3501));
#1050=EDGE_LOOP('',(#3502,#3503,#3504,#3505));
#1051=EDGE_LOOP('',(#3506,#3507,#3508,#3509));
#1052=EDGE_LOOP('',(#3510,#3511,#3512,#3513));
#1053=EDGE_LOOP('',(#3514,#3515,#3516,#3517));
#1054=EDGE_LOOP('',(#3518,#3519,#3520,#3521));
#1055=EDGE_LOOP('',(#3522,#3523,#3524,#3525));
#1056=EDGE_LOOP('',(#3526,#3527,#3528,#3529));
#1057=EDGE_LOOP('',(#3530,#3531,#3532,#3533));
#1058=EDGE_LOOP('',(#3534,#3535,#3536,#3537));
#1059=EDGE_LOOP('',(#3538,#3539,#3540,#3541));
#1060=EDGE_LOOP('',(#3542,#3543,#3544,#3545));
#1061=EDGE_LOOP('',(#3546,#3547,#3548,#3549));
#1062=EDGE_LOOP('',(#3550,#3551,#3552,#3553));
#1063=EDGE_LOOP('',(#3554,#3555,#3556,#3557));
#1064=EDGE_LOOP('',(#3558,#3559,#3560,#3561));
#1065=EDGE_LOOP('',(#3562,#3563,#3564,#3565));
#1066=EDGE_LOOP('',(#3566,#3567,#3568,#3569));
#1067=EDGE_LOOP('',(#3570,#3571,#3572,#3573));
#1068=EDGE_LOOP('',(#3574,#3575,#3576,#3577));
#1069=EDGE_LOOP('',(#3578,#3579,#3580,#3581));
#1070=EDGE_LOOP('',(#3582,#3583,#3584,#3585));
#1071=EDGE_LOOP('',(#3586,#3587,#3588,#3589));
#1072=EDGE_LOOP('',(#3590,#3591,#3592,#3593));
#1073=EDGE_LOOP('',(#3594,#3595,#3596,#3597));
#1074=EDGE_LOOP('',(#3598,#3599,#3600,#3601));
#1075=EDGE_LOOP('',(#3602,#3603,#3604,#3605));
#1076=EDGE_LOOP('',(#3606,#3607,#3608,#3609));
#1077=EDGE_LOOP('',(#3610,#3611,#3612,#3613));
#1078=EDGE_LOOP('',(#3614,#3615,#3616,#3617));
#1079=EDGE_LOOP('',(#3618,#3619,#3620,#3621));
#1080=EDGE_LOOP('',(#3622,#3623,#3624,#3625));
#1081=EDGE_LOOP('',(#3626,#3627,#3628,#3629));
#1082=EDGE_LOOP('',(#3630,#3631,#3632,#3633));
#1083=EDGE_LOOP('',(#3634,#3635,#3636,#3637));
#1084=EDGE_LOOP('',(#3638,#3639,#3640,#3641));
#1085=EDGE_LOOP('',(#3642,#3643,#3644,#3645));
#1086=EDGE_LOOP('',(#3646,#3647,#3648,#3649));
#1087=EDGE_LOOP('',(#3650,#3651,#3652,#3653));
#1088=EDGE_LOOP('',(#3654,#3655,#3656,#3657));
#1089=EDGE_LOOP('',(#3658,#3659,#3660,#3661));
#1090=EDGE_LOOP('',(#3662,#3663,#3664,#3665));
#1091=EDGE_LOOP('',(#3666,#3667,#3668,#3669));
#1092=EDGE_LOOP('',(#3670,#3671,#3672,#3673));
#1093=EDGE_LOOP('',(#3674,#3675,#3676,#3677));
#1094=EDGE_LOOP('',(#3678,#3679,#3680,#3681));
#1095=EDGE_LOOP('',(#3682,#3683,#3684,#3685));
#1096=EDGE_LOOP('',(#3686,#3687,#3688,#3689));
#1097=EDGE_LOOP('',(#3690,#3691,#3692,#3693));
#1098=EDGE_LOOP('',(#3694,#3695,#3696,#3697));
#1099=EDGE_LOOP('',(#3698,#3699,#3700,#3701));
#1100=EDGE_LOOP('',(#3702,#3703,#3704,#3705));
#1101=EDGE_LOOP('',(#3706,#3707,#3708,#3709));
#1102=EDGE_LOOP('',(#3710,#3711,#3712,#3713));
#1103=EDGE_LOOP('',(#3714,#3715,#3716,#3717));
#1104=EDGE_LOOP('',(#3718,#3719,#3720,#3721));
#1105=EDGE_LOOP('',(#3722,#3723,#3724,#3725));
#1106=EDGE_LOOP('',(#3726,#3727,#3728,#3729));
#1107=EDGE_LOOP('',(#3730,#3731,#3732,#3733));
#1108=EDGE_LOOP('',(#3734,#3735,#3736,#3737));
#1109=EDGE_LOOP('',(#3738,#3739,#3740,#3741));
#1110=EDGE_LOOP('',(#3742,#3743,#3744,#3745));
#1111=EDGE_LOOP('',(#3746,#3747,#3748,#3749));
#1112=EDGE_LOOP('',(#3750,#3751,#3752,#3753));
#1113=EDGE_LOOP('',(#3754,#3755,#3756,#3757));
#1114=EDGE_LOOP('',(#3758,#3759,#3760,#3761));
#1115=EDGE_LOOP('',(#3762,#3763,#3764,#3765));
#1116=EDGE_LOOP('',(#3766,#3767,#3768,#3769));
#1117=EDGE_LOOP('',(#3770,#3771,#3772,#3773));
#1118=EDGE_LOOP('',(#3774,#3775,#3776,#3777));
#1119=EDGE_LOOP('',(#3778,#3779,#3780,#3781));
#1120=EDGE_LOOP('',(#3782,#3783,#3784,#3785));
#1121=EDGE_LOOP('',(#3786,#3787,#3788,#3789));
#1122=EDGE_LOOP('',(#3790,#3791,#3792,#3793));
#1123=EDGE_LOOP('',(#3794,#3795,#3796,#3797));
#1124=EDGE_LOOP('',(#3798,#3799,#3800,#3801));
#1125=EDGE_LOOP('',(#3802,#3803,#3804,#3805));
#1126=EDGE_LOOP('',(#3806,#3807,#3808,#3809));
#1127=EDGE_LOOP('',(#3810,#3811,#3812,#3813));
#1128=EDGE_LOOP('',(#3814,#3815,#3816,#3817));
#1129=EDGE_LOOP('',(#3818,#3819,#3820,#3821));
#1130=EDGE_LOOP('',(#3822,#3823,#3824,#3825));
#1131=EDGE_LOOP('',(#3826,#3827,#3828,#3829));
#1132=EDGE_LOOP('',(#3830,#3831,#3832,#3833));
#1133=EDGE_LOOP('',(#3834,#3835,#3836,#3837));
#1134=EDGE_LOOP('',(#3838,#3839,#3840,#3841));
#1135=EDGE_LOOP('',(#3842,#3843,#3844,#3845));
#1136=EDGE_LOOP('',(#3846,#3847,#3848,#3849));
#1137=EDGE_LOOP('',(#3850,#3851,#3852,#3853));
#1138=EDGE_LOOP('',(#3854,#3855,#3856,#3857));
#1139=EDGE_LOOP('',(#3858,#3859,#3860,#3861,#3862,#3863,#3864,#3865));
#1140=EDGE_LOOP('',(#3866,#3867,#3868,#3869,#3870,#3871,#3872,#3873));
#1141=EDGE_LOOP('',(#3874,#3875,#3876,#3877,#3878,#3879,#3880,#3881));
#1142=EDGE_LOOP('',(#3882,#3883,#3884,#3885,#3886,#3887,#3888,#3889));
#1143=EDGE_LOOP('',(#3890));
#1144=EDGE_LOOP('',(#3891,#3892,#3893,#3894,#3895,#3896,#3897,#3898));
#1145=EDGE_LOOP('',(#3899,#3900,#3901,#3902,#3903,#3904,#3905,#3906));
#1146=EDGE_LOOP('',(#3907,#3908,#3909,#3910,#3911,#3912,#3913,#3914));
#1147=EDGE_LOOP('',(#3915));
#1148=EDGE_LOOP('',(#3916,#3917));
#1149=EDGE_LOOP('',(#3918,#3919,#3920,#3921,#3922,#3923,#3924,#3925));
#1150=EDGE_LOOP('',(#3926,#3927,#3928,#3929,#3930,#3931,#3932,#3933));
#1151=EDGE_LOOP('',(#3934,#3935,#3936,#3937,#3938,#3939,#3940,#3941));
#1152=EDGE_LOOP('',(#3942,#3943,#3944,#3945,#3946,#3947,#3948,#3949));
#1153=EDGE_LOOP('',(#3950));
#1154=EDGE_LOOP('',(#3951,#3952,#3953,#3954,#3955,#3956,#3957,#3958));
#1155=LINE('',#5980,#1479);
#1156=LINE('',#5982,#1480);
#1157=LINE('',#5984,#1481);
#1158=LINE('',#5985,#1482);
#1159=LINE('',#5988,#1483);
#1160=LINE('',#5990,#1484);
#1161=LINE('',#5991,#1485);
#1162=LINE('',#5994,#1486);
#1163=LINE('',#5996,#1487);
#1164=LINE('',#5997,#1488);
#1165=LINE('',#5999,#1489);
#1166=LINE('',#6000,#1490);
#1167=LINE('',#6006,#1491);
#1168=LINE('',#6009,#1492);
#1169=LINE('',#6012,#1493);
#1170=LINE('',#6016,#1494);
#1171=LINE('',#6020,#1495);
#1172=LINE('',#6023,#1496);
#1173=LINE('',#6026,#1497);
#1174=LINE('',#6030,#1498);
#1175=LINE('',#6034,#1499);
#1176=LINE('',#6038,#1500);
#1177=LINE('',#6050,#1501);
#1178=LINE('',#6051,#1502);
#1179=LINE('',#6055,#1503);
#1180=LINE('',#6058,#1504);
#1181=LINE('',#6061,#1505);
#1182=LINE('',#6064,#1506);
#1183=LINE('',#6065,#1507);
#1184=LINE('',#6069,#1508);
#1185=LINE('',#6074,#1509);
#1186=LINE('',#6075,#1510);
#1187=LINE('',#6078,#1511);
#1188=LINE('',#6079,#1512);
#1189=LINE('',#6083,#1513);
#1190=LINE('',#6086,#1514);
#1191=LINE('',#6087,#1515);
#1192=LINE('',#6091,#1516);
#1193=LINE('',#6094,#1517);
#1194=LINE('',#6095,#1518);
#1195=LINE('',#6099,#1519);
#1196=LINE('',#6101,#1520);
#1197=LINE('',#6105,#1521);
#1198=LINE('',#6109,#1522);
#1199=LINE('',#6113,#1523);
#1200=LINE('',#6117,#1524);
#1201=LINE('',#6120,#1525);
#1202=LINE('',#6122,#1526);
#1203=LINE('',#6127,#1527);
#1204=LINE('',#6131,#1528);
#1205=LINE('',#6136,#1529);
#1206=LINE('',#6137,#1530);
#1207=LINE('',#6138,#1531);
#1208=LINE('',#6141,#1532);
#1209=LINE('',#6143,#1533);
#1210=LINE('',#6144,#1534);
#1211=LINE('',#6149,#1535);
#1212=LINE('',#6153,#1536);
#1213=LINE('',#6285,#1537);
#1214=LINE('',#6289,#1538);
#1215=LINE('',#6418,#1539);
#1216=LINE('',#6420,#1540);
#1217=LINE('',#6422,#1541);
#1218=LINE('',#6424,#1542);
#1219=LINE('',#6427,#1543);
#1220=LINE('',#6429,#1544);
#1221=LINE('',#6431,#1545);
#1222=LINE('',#6433,#1546);
#1223=LINE('',#6435,#1547);
#1224=LINE('',#6437,#1548);
#1225=LINE('',#6439,#1549);
#1226=LINE('',#6441,#1550);
#1227=LINE('',#6443,#1551);
#1228=LINE('',#6445,#1552);
#1229=LINE('',#6447,#1553);
#1230=LINE('',#6449,#1554);
#1231=LINE('',#6451,#1555);
#1232=LINE('',#6453,#1556);
#1233=LINE('',#6455,#1557);
#1234=LINE('',#6457,#1558);
#1235=LINE('',#6459,#1559);
#1236=LINE('',#6461,#1560);
#1237=LINE('',#6463,#1561);
#1238=LINE('',#6465,#1562);
#1239=LINE('',#6467,#1563);
#1240=LINE('',#6469,#1564);
#1241=LINE('',#6471,#1565);
#1242=LINE('',#6473,#1566);
#1243=LINE('',#6475,#1567);
#1244=LINE('',#6477,#1568);
#1245=LINE('',#6479,#1569);
#1246=LINE('',#6481,#1570);
#1247=LINE('',#6483,#1571);
#1248=LINE('',#6485,#1572);
#1249=LINE('',#6487,#1573);
#1250=LINE('',#6489,#1574);
#1251=LINE('',#6491,#1575);
#1252=LINE('',#6493,#1576);
#1253=LINE('',#6495,#1577);
#1254=LINE('',#6497,#1578);
#1255=LINE('',#6499,#1579);
#1256=LINE('',#6501,#1580);
#1257=LINE('',#6503,#1581);
#1258=LINE('',#6505,#1582);
#1259=LINE('',#6507,#1583);
#1260=LINE('',#6509,#1584);
#1261=LINE('',#6511,#1585);
#1262=LINE('',#6513,#1586);
#1263=LINE('',#6515,#1587);
#1264=LINE('',#6517,#1588);
#1265=LINE('',#6519,#1589);
#1266=LINE('',#6521,#1590);
#1267=LINE('',#6523,#1591);
#1268=LINE('',#6525,#1592);
#1269=LINE('',#6527,#1593);
#1270=LINE('',#6529,#1594);
#1271=LINE('',#6531,#1595);
#1272=LINE('',#6533,#1596);
#1273=LINE('',#6535,#1597);
#1274=LINE('',#6537,#1598);
#1275=LINE('',#6539,#1599);
#1276=LINE('',#6541,#1600);
#1277=LINE('',#6543,#1601);
#1278=LINE('',#6545,#1602);
#1279=LINE('',#6547,#1603);
#1280=LINE('',#6549,#1604);
#1281=LINE('',#6551,#1605);
#1282=LINE('',#6557,#1606);
#1283=LINE('',#6560,#1607);
#1284=LINE('',#6563,#1608);
#1285=LINE('',#6565,#1609);
#1286=LINE('',#6566,#1610);
#1287=LINE('',#6569,#1611);
#1288=LINE('',#6573,#1612);
#1289=LINE('',#6577,#1613);
#1290=LINE('',#6581,#1614);
#1291=LINE('',#6585,#1615);
#1292=LINE('',#6589,#1616);
#1293=LINE('',#6593,#1617);
#1294=LINE('',#6597,#1618);
#1295=LINE('',#6601,#1619);
#1296=LINE('',#6605,#1620);
#1297=LINE('',#6609,#1621);
#1298=LINE('',#6615,#1622);
#1299=LINE('',#6619,#1623);
#1300=LINE('',#6623,#1624);
#1301=LINE('',#6626,#1625);
#1302=LINE('',#6633,#1626);
#1303=LINE('',#6637,#1627);
#1304=LINE('',#6641,#1628);
#1305=LINE('',#6644,#1629);
#1306=LINE('',#6649,#1630);
#1307=LINE('',#6653,#1631);
#1308=LINE('',#6657,#1632);
#1309=LINE('',#6660,#1633);
#1310=LINE('',#6665,#1634);
#1311=LINE('',#6669,#1635);
#1312=LINE('',#6673,#1636);
#1313=LINE('',#6676,#1637);
#1314=LINE('',#6687,#1638);
#1315=LINE('',#6691,#1639);
#1316=LINE('',#6695,#1640);
#1317=LINE('',#6698,#1641);
#1318=LINE('',#6703,#1642);
#1319=LINE('',#6707,#1643);
#1320=LINE('',#6711,#1644);
#1321=LINE('',#6714,#1645);
#1322=LINE('',#6719,#1646);
#1323=LINE('',#6723,#1647);
#1324=LINE('',#6727,#1648);
#1325=LINE('',#6730,#1649);
#1326=LINE('',#6735,#1650);
#1327=LINE('',#6739,#1651);
#1328=LINE('',#6743,#1652);
#1329=LINE('',#6746,#1653);
#1330=LINE('',#6753,#1654);
#1331=LINE('',#6757,#1655);
#1332=LINE('',#6761,#1656);
#1333=LINE('',#6764,#1657);
#1334=LINE('',#6769,#1658);
#1335=LINE('',#6770,#1659);
#1336=LINE('',#6773,#1660);
#1337=LINE('',#6774,#1661);
#1338=LINE('',#6778,#1662);
#1339=LINE('',#6782,#1663);
#1340=LINE('',#6785,#1664);
#1341=LINE('',#6788,#1665);
#1342=LINE('',#6791,#1666);
#1343=LINE('',#6792,#1667);
#1344=LINE('',#6795,#1668);
#1345=LINE('',#6798,#1669);
#1346=LINE('',#6801,#1670);
#1347=LINE('',#6802,#1671);
#1348=LINE('',#6805,#1672);
#1349=LINE('',#6809,#1673);
#1350=LINE('',#6810,#1674);
#1351=LINE('',#6814,#1675);
#1352=LINE('',#6819,#1676);
#1353=LINE('',#6820,#1677);
#1354=LINE('',#6823,#1678);
#1355=LINE('',#6824,#1679);
#1356=LINE('',#6828,#1680);
#1357=LINE('',#6833,#1681);
#1358=LINE('',#6834,#1682);
#1359=LINE('',#6837,#1683);
#1360=LINE('',#6838,#1684);
#1361=LINE('',#6842,#1685);
#1362=LINE('',#6844,#1686);
#1363=LINE('',#6846,#1687);
#1364=LINE('',#6849,#1688);
#1365=LINE('',#6851,#1689);
#1366=LINE('',#6852,#1690);
#1367=LINE('',#6856,#1691);
#1368=LINE('',#6859,#1692);
#1369=LINE('',#6860,#1693);
#1370=LINE('',#6864,#1694);
#1371=LINE('',#6867,#1695);
#1372=LINE('',#6868,#1696);
#1373=LINE('',#6872,#1697);
#1374=LINE('',#6875,#1698);
#1375=LINE('',#6876,#1699);
#1376=LINE('',#6882,#1700);
#1377=LINE('',#6885,#1701);
#1378=LINE('',#6887,#1702);
#1379=LINE('',#6888,#1703);
#1380=LINE('',#6892,#1704);
#1381=LINE('',#6895,#1705);
#1382=LINE('',#6896,#1706);
#1383=LINE('',#6900,#1707);
#1384=LINE('',#6903,#1708);
#1385=LINE('',#6904,#1709);
#1386=LINE('',#6908,#1710);
#1387=LINE('',#6911,#1711);
#1388=LINE('',#6912,#1712);
#1389=LINE('',#6917,#1713);
#1390=LINE('',#6919,#1714);
#1391=LINE('',#6920,#1715);
#1392=LINE('',#6924,#1716);
#1393=LINE('',#6927,#1717);
#1394=LINE('',#6928,#1718);
#1395=LINE('',#6932,#1719);
#1396=LINE('',#6935,#1720);
#1397=LINE('',#6936,#1721);
#1398=LINE('',#6940,#1722);
#1399=LINE('',#6943,#1723);
#1400=LINE('',#6944,#1724);
#1401=LINE('',#6949,#1725);
#1402=LINE('',#6951,#1726);
#1403=LINE('',#6952,#1727);
#1404=LINE('',#6956,#1728);
#1405=LINE('',#6959,#1729);
#1406=LINE('',#6960,#1730);
#1407=LINE('',#6964,#1731);
#1408=LINE('',#6967,#1732);
#1409=LINE('',#6968,#1733);
#1410=LINE('',#6972,#1734);
#1411=LINE('',#6975,#1735);
#1412=LINE('',#6976,#1736);
#1413=LINE('',#6981,#1737);
#1414=LINE('',#6983,#1738);
#1415=LINE('',#6984,#1739);
#1416=LINE('',#6988,#1740);
#1417=LINE('',#6991,#1741);
#1418=LINE('',#6992,#1742);
#1419=LINE('',#6996,#1743);
#1420=LINE('',#6999,#1744);
#1421=LINE('',#7000,#1745);
#1422=LINE('',#7004,#1746);
#1423=LINE('',#7007,#1747);
#1424=LINE('',#7008,#1748);
#1425=LINE('',#7013,#1749);
#1426=LINE('',#7016,#1750);
#1427=LINE('',#7022,#1751);
#1428=LINE('',#7025,#1752);
#1429=LINE('',#7027,#1753);
#1430=LINE('',#7028,#1754);
#1431=LINE('',#7032,#1755);
#1432=LINE('',#7035,#1756);
#1433=LINE('',#7036,#1757);
#1434=LINE('',#7040,#1758);
#1435=LINE('',#7043,#1759);
#1436=LINE('',#7044,#1760);
#1437=LINE('',#7048,#1761);
#1438=LINE('',#7051,#1762);
#1439=LINE('',#7052,#1763);
#1440=LINE('',#7057,#1764);
#1441=LINE('',#7059,#1765);
#1442=LINE('',#7060,#1766);
#1443=LINE('',#7064,#1767);
#1444=LINE('',#7067,#1768);
#1445=LINE('',#7068,#1769);
#1446=LINE('',#7072,#1770);
#1447=LINE('',#7075,#1771);
#1448=LINE('',#7076,#1772);
#1449=LINE('',#7080,#1773);
#1450=LINE('',#7083,#1774);
#1451=LINE('',#7084,#1775);
#1452=LINE('',#7089,#1776);
#1453=LINE('',#7091,#1777);
#1454=LINE('',#7092,#1778);
#1455=LINE('',#7096,#1779);
#1456=LINE('',#7099,#1780);
#1457=LINE('',#7100,#1781);
#1458=LINE('',#7104,#1782);
#1459=LINE('',#7107,#1783);
#1460=LINE('',#7108,#1784);
#1461=LINE('',#7112,#1785);
#1462=LINE('',#7115,#1786);
#1463=LINE('',#7116,#1787);
#1464=LINE('',#7122,#1788);
#1465=LINE('',#7125,#1789);
#1466=LINE('',#7127,#1790);
#1467=LINE('',#7128,#1791);
#1468=LINE('',#7132,#1792);
#1469=LINE('',#7135,#1793);
#1470=LINE('',#7136,#1794);
#1471=LINE('',#7140,#1795);
#1472=LINE('',#7143,#1796);
#1473=LINE('',#7144,#1797);
#1474=LINE('',#7148,#1798);
#1475=LINE('',#7151,#1799);
#1476=LINE('',#7152,#1800);
#1477=LINE('',#7156,#1801);
#1478=LINE('',#7158,#1802);
#1479=VECTOR('',#4720,10.);
#1480=VECTOR('',#4721,10.);
#1481=VECTOR('',#4722,10.);
#1482=VECTOR('',#4723,10.);
#1483=VECTOR('',#4726,10.);
#1484=VECTOR('',#4727,10.);
#1485=VECTOR('',#4728,10.);
#1486=VECTOR('',#4731,10.);
#1487=VECTOR('',#4732,10.);
#1488=VECTOR('',#4733,10.);
#1489=VECTOR('',#4736,10.);
#1490=VECTOR('',#4737,10.);
#1491=VECTOR('',#4742,10.);
#1492=VECTOR('',#4745,10.);
#1493=VECTOR('',#4748,10.);
#1494=VECTOR('',#4751,10.);
#1495=VECTOR('',#4754,10.);
#1496=VECTOR('',#4757,10.);
#1497=VECTOR('',#4758,10.);
#1498=VECTOR('',#4761,10.);
#1499=VECTOR('',#4764,10.);
#1500=VECTOR('',#4767,10.);
#1501=VECTOR('',#4780,10.);
#1502=VECTOR('',#4781,10.);
#1503=VECTOR('',#4786,10.);
#1504=VECTOR('',#4789,10.);
#1505=VECTOR('',#4792,10.);
#1506=VECTOR('',#4795,10.);
#1507=VECTOR('',#4796,10.);
#1508=VECTOR('',#4801,10.);
#1509=VECTOR('',#4806,10.);
#1510=VECTOR('',#4807,10.);
#1511=VECTOR('',#4810,10.);
#1512=VECTOR('',#4811,10.);
#1513=VECTOR('',#4816,10.);
#1514=VECTOR('',#4819,10.);
#1515=VECTOR('',#4820,10.);
#1516=VECTOR('',#4825,10.);
#1517=VECTOR('',#4828,10.);
#1518=VECTOR('',#4829,10.);
#1519=VECTOR('',#4834,10.);
#1520=VECTOR('',#4837,10.);
#1521=VECTOR('',#4842,1.45);
#1522=VECTOR('',#4847,1.45);
#1523=VECTOR('',#4852,1.45);
#1524=VECTOR('',#4857,1.45);
#1525=VECTOR('',#4862,10.);
#1526=VECTOR('',#4865,10.);
#1527=VECTOR('',#4870,1.);
#1528=VECTOR('',#4873,1.);
#1529=VECTOR('',#4878,1.);
#1530=VECTOR('',#4879,1.);
#1531=VECTOR('',#4880,1.);
#1532=VECTOR('',#4883,1.);
#1533=VECTOR('',#4884,1.);
#1534=VECTOR('',#4885,1.);
#1535=VECTOR('',#4890,1.);
#1536=VECTOR('',#4893,1.);
#1537=VECTOR('',#5026,1.);
#1538=VECTOR('',#5029,1.);
#1539=VECTOR('',#5160,1.);
#1540=VECTOR('',#5163,1.);
#1541=VECTOR('',#5166,1.);
#1542=VECTOR('',#5169,1.);
#1543=VECTOR('',#5174,0.85);
#1544=VECTOR('',#5177,2.);
#1545=VECTOR('',#5180,0.75);
#1546=VECTOR('',#5183,0.85);
#1547=VECTOR('',#5186,2.);
#1548=VECTOR('',#5189,0.75);
#1549=VECTOR('',#5192,0.85);
#1550=VECTOR('',#5195,0.75);
#1551=VECTOR('',#5198,0.85);
#1552=VECTOR('',#5201,2.);
#1553=VECTOR('',#5204,0.75);
#1554=VECTOR('',#5207,0.75);
#1555=VECTOR('',#5210,0.85);
#1556=VECTOR('',#5213,0.85);
#1557=VECTOR('',#5216,2.);
#1558=VECTOR('',#5219,0.85);
#1559=VECTOR('',#5222,0.75);
#1560=VECTOR('',#5225,0.75);
#1561=VECTOR('',#5228,0.85);
#1562=VECTOR('',#5231,0.85);
#1563=VECTOR('',#5234,2.);
#1564=VECTOR('',#5237,0.75);
#1565=VECTOR('',#5240,0.75);
#1566=VECTOR('',#5243,0.75);
#1567=VECTOR('',#5246,0.85);
#1568=VECTOR('',#5249,0.85);
#1569=VECTOR('',#5252,2.);
#1570=VECTOR('',#5255,0.85);
#1571=VECTOR('',#5258,0.75);
#1572=VECTOR('',#5261,0.75);
#1573=VECTOR('',#5264,0.5);
#1574=VECTOR('',#5267,0.5);
#1575=VECTOR('',#5270,0.5);
#1576=VECTOR('',#5273,0.5);
#1577=VECTOR('',#5276,0.85);
#1578=VECTOR('',#5279,2.);
#1579=VECTOR('',#5282,0.75);
#1580=VECTOR('',#5285,0.5);
#1581=VECTOR('',#5288,0.5);
#1582=VECTOR('',#5291,0.5);
#1583=VECTOR('',#5294,0.5);
#1584=VECTOR('',#5297,0.5);
#1585=VECTOR('',#5300,0.5);
#1586=VECTOR('',#5303,0.5);
#1587=VECTOR('',#5306,0.5);
#1588=VECTOR('',#5309,0.5);
#1589=VECTOR('',#5312,0.5);
#1590=VECTOR('',#5315,0.85);
#1591=VECTOR('',#5318,0.75);
#1592=VECTOR('',#5321,0.85);
#1593=VECTOR('',#5324,2.);
#1594=VECTOR('',#5327,0.75);
#1595=VECTOR('',#5330,0.75);
#1596=VECTOR('',#5333,0.85);
#1597=VECTOR('',#5336,0.85);
#1598=VECTOR('',#5339,2.);
#1599=VECTOR('',#5342,0.85);
#1600=VECTOR('',#5345,0.75);
#1601=VECTOR('',#5348,0.75);
#1602=VECTOR('',#5351,0.5);
#1603=VECTOR('',#5354,0.5);
#1604=VECTOR('',#5357,0.5);
#1605=VECTOR('',#5360,0.5);
#1606=VECTOR('',#5365,10.);
#1607=VECTOR('',#5368,10.);
#1608=VECTOR('',#5371,10.);
#1609=VECTOR('',#5372,10.);
#1610=VECTOR('',#5373,10.);
#1611=VECTOR('',#5376,10.);
#1612=VECTOR('',#5379,10.);
#1613=VECTOR('',#5382,10.);
#1614=VECTOR('',#5385,10.);
#1615=VECTOR('',#5388,10.);
#1616=VECTOR('',#5391,10.);
#1617=VECTOR('',#5394,10.);
#1618=VECTOR('',#5397,10.);
#1619=VECTOR('',#5400,10.);
#1620=VECTOR('',#5403,10.);
#1621=VECTOR('',#5406,10.);
#1622=VECTOR('',#5411,10.);
#1623=VECTOR('',#5414,10.);
#1624=VECTOR('',#5417,10.);
#1625=VECTOR('',#5420,10.);
#1626=VECTOR('',#5425,10.);
#1627=VECTOR('',#5428,10.);
#1628=VECTOR('',#5431,10.);
#1629=VECTOR('',#5434,10.);
#1630=VECTOR('',#5437,10.);
#1631=VECTOR('',#5440,10.);
#1632=VECTOR('',#5443,10.);
#1633=VECTOR('',#5446,10.);
#1634=VECTOR('',#5449,10.);
#1635=VECTOR('',#5452,10.);
#1636=VECTOR('',#5455,10.);
#1637=VECTOR('',#5458,10.);
#1638=VECTOR('',#5467,10.);
#1639=VECTOR('',#5470,10.);
#1640=VECTOR('',#5473,10.);
#1641=VECTOR('',#5476,10.);
#1642=VECTOR('',#5479,10.);
#1643=VECTOR('',#5482,10.);
#1644=VECTOR('',#5485,10.);
#1645=VECTOR('',#5488,10.);
#1646=VECTOR('',#5491,10.);
#1647=VECTOR('',#5494,10.);
#1648=VECTOR('',#5497,10.);
#1649=VECTOR('',#5500,10.);
#1650=VECTOR('',#5503,10.);
#1651=VECTOR('',#5506,10.);
#1652=VECTOR('',#5509,10.);
#1653=VECTOR('',#5512,10.);
#1654=VECTOR('',#5517,10.);
#1655=VECTOR('',#5520,10.);
#1656=VECTOR('',#5523,10.);
#1657=VECTOR('',#5526,10.);
#1658=VECTOR('',#5531,10.);
#1659=VECTOR('',#5532,10.);
#1660=VECTOR('',#5535,10.);
#1661=VECTOR('',#5536,10.);
#1662=VECTOR('',#5541,10.);
#1663=VECTOR('',#5546,10.);
#1664=VECTOR('',#5549,2.);
#1665=VECTOR('',#5552,2.);
#1666=VECTOR('',#5555,10.);
#1667=VECTOR('',#5556,10.);
#1668=VECTOR('',#5559,10.);
#1669=VECTOR('',#5562,10.);
#1670=VECTOR('',#5565,10.);
#1671=VECTOR('',#5566,10.);
#1672=VECTOR('',#5569,10.);
#1673=VECTOR('',#5574,10.);
#1674=VECTOR('',#5575,10.);
#1675=VECTOR('',#5582,10.);
#1676=VECTOR('',#5587,10.);
#1677=VECTOR('',#5588,10.);
#1678=VECTOR('',#5591,10.);
#1679=VECTOR('',#5592,10.);
#1680=VECTOR('',#5597,10.);
#1681=VECTOR('',#5602,10.);
#1682=VECTOR('',#5603,10.);
#1683=VECTOR('',#5606,10.);
#1684=VECTOR('',#5607,10.);
#1685=VECTOR('',#5612,10.);
#1686=VECTOR('',#5615,10.);
#1687=VECTOR('',#5618,10.);
#1688=VECTOR('',#5621,10.);
#1689=VECTOR('',#5622,10.);
#1690=VECTOR('',#5623,10.);
#1691=VECTOR('',#5628,10.);
#1692=VECTOR('',#5631,10.);
#1693=VECTOR('',#5632,10.);
#1694=VECTOR('',#5637,10.);
#1695=VECTOR('',#5640,10.);
#1696=VECTOR('',#5641,10.);
#1697=VECTOR('',#5646,10.);
#1698=VECTOR('',#5649,10.);
#1699=VECTOR('',#5650,10.);
#1700=VECTOR('',#5659,1.45);
#1701=VECTOR('',#5662,10.);
#1702=VECTOR('',#5663,10.);
#1703=VECTOR('',#5664,10.);
#1704=VECTOR('',#5669,10.);
#1705=VECTOR('',#5672,10.);
#1706=VECTOR('',#5673,10.);
#1707=VECTOR('',#5678,10.);
#1708=VECTOR('',#5681,10.);
#1709=VECTOR('',#5682,10.);
#1710=VECTOR('',#5687,10.);
#1711=VECTOR('',#5690,10.);
#1712=VECTOR('',#5691,10.);
#1713=VECTOR('',#5698,10.);
#1714=VECTOR('',#5699,10.);
#1715=VECTOR('',#5700,10.);
#1716=VECTOR('',#5705,10.);
#1717=VECTOR('',#5708,10.);
#1718=VECTOR('',#5709,10.);
#1719=VECTOR('',#5714,10.);
#1720=VECTOR('',#5717,10.);
#1721=VECTOR('',#5718,10.);
#1722=VECTOR('',#5723,10.);
#1723=VECTOR('',#5726,10.);
#1724=VECTOR('',#5727,10.);
#1725=VECTOR('',#5734,10.);
#1726=VECTOR('',#5735,10.);
#1727=VECTOR('',#5736,10.);
#1728=VECTOR('',#5741,10.);
#1729=VECTOR('',#5744,10.);
#1730=VECTOR('',#5745,10.);
#1731=VECTOR('',#5750,10.);
#1732=VECTOR('',#5753,10.);
#1733=VECTOR('',#5754,10.);
#1734=VECTOR('',#5759,10.);
#1735=VECTOR('',#5762,10.);
#1736=VECTOR('',#5763,10.);
#1737=VECTOR('',#5770,10.);
#1738=VECTOR('',#5771,10.);
#1739=VECTOR('',#5772,10.);
#1740=VECTOR('',#5777,10.);
#1741=VECTOR('',#5780,10.);
#1742=VECTOR('',#5781,10.);
#1743=VECTOR('',#5786,10.);
#1744=VECTOR('',#5789,10.);
#1745=VECTOR('',#5790,10.);
#1746=VECTOR('',#5795,10.);
#1747=VECTOR('',#5798,10.);
#1748=VECTOR('',#5799,10.);
#1749=VECTOR('',#5806,10.);
#1750=VECTOR('',#5809,10.);
#1751=VECTOR('',#5818,1.45);
#1752=VECTOR('',#5821,10.);
#1753=VECTOR('',#5822,10.);
#1754=VECTOR('',#5823,10.);
#1755=VECTOR('',#5828,10.);
#1756=VECTOR('',#5831,10.);
#1757=VECTOR('',#5832,10.);
#1758=VECTOR('',#5837,10.);
#1759=VECTOR('',#5840,10.);
#1760=VECTOR('',#5841,10.);
#1761=VECTOR('',#5846,10.);
#1762=VECTOR('',#5849,10.);
#1763=VECTOR('',#5850,10.);
#1764=VECTOR('',#5857,10.);
#1765=VECTOR('',#5858,10.);
#1766=VECTOR('',#5859,10.);
#1767=VECTOR('',#5864,10.);
#1768=VECTOR('',#5867,10.);
#1769=VECTOR('',#5868,10.);
#1770=VECTOR('',#5873,10.);
#1771=VECTOR('',#5876,10.);
#1772=VECTOR('',#5877,10.);
#1773=VECTOR('',#5882,10.);
#1774=VECTOR('',#5885,10.);
#1775=VECTOR('',#5886,10.);
#1776=VECTOR('',#5893,10.);
#1777=VECTOR('',#5894,10.);
#1778=VECTOR('',#5895,10.);
#1779=VECTOR('',#5900,10.);
#1780=VECTOR('',#5903,10.);
#1781=VECTOR('',#5904,10.);
#1782=VECTOR('',#5909,10.);
#1783=VECTOR('',#5912,10.);
#1784=VECTOR('',#5913,10.);
#1785=VECTOR('',#5918,10.);
#1786=VECTOR('',#5921,10.);
#1787=VECTOR('',#5922,10.);
#1788=VECTOR('',#5931,1.45);
#1789=VECTOR('',#5934,10.);
#1790=VECTOR('',#5935,10.);
#1791=VECTOR('',#5936,10.);
#1792=VECTOR('',#5941,10.);
#1793=VECTOR('',#5944,10.);
#1794=VECTOR('',#5945,10.);
#1795=VECTOR('',#5950,10.);
#1796=VECTOR('',#5953,10.);
#1797=VECTOR('',#5954,10.);
#1798=VECTOR('',#5959,10.);
#1799=VECTOR('',#5962,10.);
#1800=VECTOR('',#5963,10.);
#1801=VECTOR('',#5970,10.);
#1802=VECTOR('',#5973,10.);
#1803=VERTEX_POINT('',#5978);
#1804=VERTEX_POINT('',#5979);
#1805=VERTEX_POINT('',#5981);
#1806=VERTEX_POINT('',#5983);
#1807=VERTEX_POINT('',#5987);
#1808=VERTEX_POINT('',#5989);
#1809=VERTEX_POINT('',#5993);
#1810=VERTEX_POINT('',#5995);
#1811=VERTEX_POINT('',#6002);
#1812=VERTEX_POINT('',#6003);
#1813=VERTEX_POINT('',#6005);
#1814=VERTEX_POINT('',#6007);
#1815=VERTEX_POINT('',#6011);
#1816=VERTEX_POINT('',#6013);
#1817=VERTEX_POINT('',#6015);
#1818=VERTEX_POINT('',#6017);
#1819=VERTEX_POINT('',#6019);
#1820=VERTEX_POINT('',#6021);
#1821=VERTEX_POINT('',#6024);
#1822=VERTEX_POINT('',#6025);
#1823=VERTEX_POINT('',#6027);
#1824=VERTEX_POINT('',#6029);
#1825=VERTEX_POINT('',#6031);
#1826=VERTEX_POINT('',#6033);
#1827=VERTEX_POINT('',#6035);
#1828=VERTEX_POINT('',#6037);
#1829=VERTEX_POINT('',#6040);
#1830=VERTEX_POINT('',#6042);
#1831=VERTEX_POINT('',#6044);
#1832=VERTEX_POINT('',#6046);
#1833=VERTEX_POINT('',#6049);
#1834=VERTEX_POINT('',#6053);
#1835=VERTEX_POINT('',#6057);
#1836=VERTEX_POINT('',#6059);
#1837=VERTEX_POINT('',#6063);
#1838=VERTEX_POINT('',#6067);
#1839=VERTEX_POINT('',#6071);
#1840=VERTEX_POINT('',#6072);
#1841=VERTEX_POINT('',#6077);
#1842=VERTEX_POINT('',#6081);
#1843=VERTEX_POINT('',#6085);
#1844=VERTEX_POINT('',#6089);
#1845=VERTEX_POINT('',#6093);
#1846=VERTEX_POINT('',#6097);
#1847=VERTEX_POINT('',#6104);
#1848=VERTEX_POINT('',#6108);
#1849=VERTEX_POINT('',#6112);
#1850=VERTEX_POINT('',#6116);
#1851=VERTEX_POINT('',#6125);
#1852=VERTEX_POINT('',#6126);
#1853=VERTEX_POINT('',#6128);
#1854=VERTEX_POINT('',#6130);
#1855=VERTEX_POINT('',#6134);
#1856=VERTEX_POINT('',#6135);
#1857=VERTEX_POINT('',#6140);
#1858=VERTEX_POINT('',#6142);
#1859=VERTEX_POINT('',#6146);
#1860=VERTEX_POINT('',#6148);
#1861=VERTEX_POINT('',#6150);
#1862=VERTEX_POINT('',#6152);
#1863=VERTEX_POINT('',#6155);
#1864=VERTEX_POINT('',#6157);
#1865=VERTEX_POINT('',#6159);
#1866=VERTEX_POINT('',#6161);
#1867=VERTEX_POINT('',#6163);
#1868=VERTEX_POINT('',#6165);
#1869=VERTEX_POINT('',#6167);
#1870=VERTEX_POINT('',#6169);
#1871=VERTEX_POINT('',#6171);
#1872=VERTEX_POINT('',#6173);
#1873=VERTEX_POINT('',#6175);
#1874=VERTEX_POINT('',#6177);
#1875=VERTEX_POINT('',#6179);
#1876=VERTEX_POINT('',#6181);
#1877=VERTEX_POINT('',#6183);
#1878=VERTEX_POINT('',#6185);
#1879=VERTEX_POINT('',#6187);
#1880=VERTEX_POINT('',#6189);
#1881=VERTEX_POINT('',#6191);
#1882=VERTEX_POINT('',#6193);
#1883=VERTEX_POINT('',#6195);
#1884=VERTEX_POINT('',#6197);
#1885=VERTEX_POINT('',#6199);
#1886=VERTEX_POINT('',#6201);
#1887=VERTEX_POINT('',#6203);
#1888=VERTEX_POINT('',#6205);
#1889=VERTEX_POINT('',#6207);
#1890=VERTEX_POINT('',#6209);
#1891=VERTEX_POINT('',#6211);
#1892=VERTEX_POINT('',#6213);
#1893=VERTEX_POINT('',#6215);
#1894=VERTEX_POINT('',#6217);
#1895=VERTEX_POINT('',#6219);
#1896=VERTEX_POINT('',#6221);
#1897=VERTEX_POINT('',#6223);
#1898=VERTEX_POINT('',#6225);
#1899=VERTEX_POINT('',#6227);
#1900=VERTEX_POINT('',#6229);
#1901=VERTEX_POINT('',#6231);
#1902=VERTEX_POINT('',#6233);
#1903=VERTEX_POINT('',#6235);
#1904=VERTEX_POINT('',#6237);
#1905=VERTEX_POINT('',#6239);
#1906=VERTEX_POINT('',#6241);
#1907=VERTEX_POINT('',#6243);
#1908=VERTEX_POINT('',#6245);
#1909=VERTEX_POINT('',#6247);
#1910=VERTEX_POINT('',#6249);
#1911=VERTEX_POINT('',#6251);
#1912=VERTEX_POINT('',#6253);
#1913=VERTEX_POINT('',#6255);
#1914=VERTEX_POINT('',#6257);
#1915=VERTEX_POINT('',#6259);
#1916=VERTEX_POINT('',#6261);
#1917=VERTEX_POINT('',#6263);
#1918=VERTEX_POINT('',#6265);
#1919=VERTEX_POINT('',#6267);
#1920=VERTEX_POINT('',#6269);
#1921=VERTEX_POINT('',#6271);
#1922=VERTEX_POINT('',#6273);
#1923=VERTEX_POINT('',#6275);
#1924=VERTEX_POINT('',#6277);
#1925=VERTEX_POINT('',#6279);
#1926=VERTEX_POINT('',#6282);
#1927=VERTEX_POINT('',#6284);
#1928=VERTEX_POINT('',#6286);
#1929=VERTEX_POINT('',#6288);
#1930=VERTEX_POINT('',#6291);
#1931=VERTEX_POINT('',#6293);
#1932=VERTEX_POINT('',#6295);
#1933=VERTEX_POINT('',#6297);
#1934=VERTEX_POINT('',#6299);
#1935=VERTEX_POINT('',#6301);
#1936=VERTEX_POINT('',#6303);
#1937=VERTEX_POINT('',#6305);
#1938=VERTEX_POINT('',#6307);
#1939=VERTEX_POINT('',#6309);
#1940=VERTEX_POINT('',#6311);
#1941=VERTEX_POINT('',#6313);
#1942=VERTEX_POINT('',#6315);
#1943=VERTEX_POINT('',#6317);
#1944=VERTEX_POINT('',#6319);
#1945=VERTEX_POINT('',#6321);
#1946=VERTEX_POINT('',#6323);
#1947=VERTEX_POINT('',#6325);
#1948=VERTEX_POINT('',#6327);
#1949=VERTEX_POINT('',#6329);
#1950=VERTEX_POINT('',#6331);
#1951=VERTEX_POINT('',#6333);
#1952=VERTEX_POINT('',#6335);
#1953=VERTEX_POINT('',#6337);
#1954=VERTEX_POINT('',#6339);
#1955=VERTEX_POINT('',#6341);
#1956=VERTEX_POINT('',#6343);
#1957=VERTEX_POINT('',#6345);
#1958=VERTEX_POINT('',#6347);
#1959=VERTEX_POINT('',#6349);
#1960=VERTEX_POINT('',#6351);
#1961=VERTEX_POINT('',#6353);
#1962=VERTEX_POINT('',#6355);
#1963=VERTEX_POINT('',#6357);
#1964=VERTEX_POINT('',#6359);
#1965=VERTEX_POINT('',#6361);
#1966=VERTEX_POINT('',#6363);
#1967=VERTEX_POINT('',#6365);
#1968=VERTEX_POINT('',#6367);
#1969=VERTEX_POINT('',#6369);
#1970=VERTEX_POINT('',#6371);
#1971=VERTEX_POINT('',#6373);
#1972=VERTEX_POINT('',#6375);
#1973=VERTEX_POINT('',#6377);
#1974=VERTEX_POINT('',#6379);
#1975=VERTEX_POINT('',#6381);
#1976=VERTEX_POINT('',#6383);
#1977=VERTEX_POINT('',#6385);
#1978=VERTEX_POINT('',#6387);
#1979=VERTEX_POINT('',#6389);
#1980=VERTEX_POINT('',#6391);
#1981=VERTEX_POINT('',#6393);
#1982=VERTEX_POINT('',#6395);
#1983=VERTEX_POINT('',#6397);
#1984=VERTEX_POINT('',#6399);
#1985=VERTEX_POINT('',#6401);
#1986=VERTEX_POINT('',#6403);
#1987=VERTEX_POINT('',#6405);
#1988=VERTEX_POINT('',#6407);
#1989=VERTEX_POINT('',#6409);
#1990=VERTEX_POINT('',#6411);
#1991=VERTEX_POINT('',#6413);
#1992=VERTEX_POINT('',#6415);
#1993=VERTEX_POINT('',#6553);
#1994=VERTEX_POINT('',#6554);
#1995=VERTEX_POINT('',#6556);
#1996=VERTEX_POINT('',#6558);
#1997=VERTEX_POINT('',#6562);
#1998=VERTEX_POINT('',#6564);
#1999=VERTEX_POINT('',#6568);
#2000=VERTEX_POINT('',#6570);
#2001=VERTEX_POINT('',#6572);
#2002=VERTEX_POINT('',#6574);
#2003=VERTEX_POINT('',#6576);
#2004=VERTEX_POINT('',#6579);
#2005=VERTEX_POINT('',#6580);
#2006=VERTEX_POINT('',#6582);
#2007=VERTEX_POINT('',#6584);
#2008=VERTEX_POINT('',#6586);
#2009=VERTEX_POINT('',#6588);
#2010=VERTEX_POINT('',#6590);
#2011=VERTEX_POINT('',#6592);
#2012=VERTEX_POINT('',#6595);
#2013=VERTEX_POINT('',#6596);
#2014=VERTEX_POINT('',#6598);
#2015=VERTEX_POINT('',#6600);
#2016=VERTEX_POINT('',#6602);
#2017=VERTEX_POINT('',#6604);
#2018=VERTEX_POINT('',#6606);
#2019=VERTEX_POINT('',#6608);
#2020=VERTEX_POINT('',#6611);
#2021=VERTEX_POINT('',#6612);
#2022=VERTEX_POINT('',#6614);
#2023=VERTEX_POINT('',#6616);
#2024=VERTEX_POINT('',#6618);
#2025=VERTEX_POINT('',#6620);
#2026=VERTEX_POINT('',#6622);
#2027=VERTEX_POINT('',#6624);
#2028=VERTEX_POINT('',#6627);
#2029=VERTEX_POINT('',#6629);
#2030=VERTEX_POINT('',#6630);
#2031=VERTEX_POINT('',#6632);
#2032=VERTEX_POINT('',#6634);
#2033=VERTEX_POINT('',#6636);
#2034=VERTEX_POINT('',#6638);
#2035=VERTEX_POINT('',#6640);
#2036=VERTEX_POINT('',#6642);
#2037=VERTEX_POINT('',#6645);
#2038=VERTEX_POINT('',#6646);
#2039=VERTEX_POINT('',#6648);
#2040=VERTEX_POINT('',#6650);
#2041=VERTEX_POINT('',#6652);
#2042=VERTEX_POINT('',#6654);
#2043=VERTEX_POINT('',#6656);
#2044=VERTEX_POINT('',#6658);
#2045=VERTEX_POINT('',#6661);
#2046=VERTEX_POINT('',#6662);
#2047=VERTEX_POINT('',#6664);
#2048=VERTEX_POINT('',#6666);
#2049=VERTEX_POINT('',#6668);
#2050=VERTEX_POINT('',#6670);
#2051=VERTEX_POINT('',#6672);
#2052=VERTEX_POINT('',#6674);
#2053=VERTEX_POINT('',#6677);
#2054=VERTEX_POINT('',#6679);
#2055=VERTEX_POINT('',#6680);
#2056=VERTEX_POINT('',#6683);
#2057=VERTEX_POINT('',#6684);
#2058=VERTEX_POINT('',#6686);
#2059=VERTEX_POINT('',#6688);
#2060=VERTEX_POINT('',#6690);
#2061=VERTEX_POINT('',#6692);
#2062=VERTEX_POINT('',#6694);
#2063=VERTEX_POINT('',#6696);
#2064=VERTEX_POINT('',#6699);
#2065=VERTEX_POINT('',#6700);
#2066=VERTEX_POINT('',#6702);
#2067=VERTEX_POINT('',#6704);
#2068=VERTEX_POINT('',#6706);
#2069=VERTEX_POINT('',#6708);
#2070=VERTEX_POINT('',#6710);
#2071=VERTEX_POINT('',#6712);
#2072=VERTEX_POINT('',#6715);
#2073=VERTEX_POINT('',#6716);
#2074=VERTEX_POINT('',#6718);
#2075=VERTEX_POINT('',#6720);
#2076=VERTEX_POINT('',#6722);
#2077=VERTEX_POINT('',#6724);
#2078=VERTEX_POINT('',#6726);
#2079=VERTEX_POINT('',#6728);
#2080=VERTEX_POINT('',#6731);
#2081=VERTEX_POINT('',#6732);
#2082=VERTEX_POINT('',#6734);
#2083=VERTEX_POINT('',#6736);
#2084=VERTEX_POINT('',#6738);
#2085=VERTEX_POINT('',#6740);
#2086=VERTEX_POINT('',#6742);
#2087=VERTEX_POINT('',#6744);
#2088=VERTEX_POINT('',#6747);
#2089=VERTEX_POINT('',#6749);
#2090=VERTEX_POINT('',#6750);
#2091=VERTEX_POINT('',#6752);
#2092=VERTEX_POINT('',#6754);
#2093=VERTEX_POINT('',#6756);
#2094=VERTEX_POINT('',#6758);
#2095=VERTEX_POINT('',#6760);
#2096=VERTEX_POINT('',#6762);
#2097=VERTEX_POINT('',#6766);
#2098=VERTEX_POINT('',#6767);
#2099=VERTEX_POINT('',#6772);
#2100=VERTEX_POINT('',#6776);
#2101=VERTEX_POINT('',#6780);
#2102=VERTEX_POINT('',#6784);
#2103=VERTEX_POINT('',#6786);
#2104=VERTEX_POINT('',#6790);
#2105=VERTEX_POINT('',#6794);
#2106=VERTEX_POINT('',#6796);
#2107=VERTEX_POINT('',#6800);
#2108=VERTEX_POINT('',#6804);
#2109=VERTEX_POINT('',#6808);
#2110=VERTEX_POINT('',#6816);
#2111=VERTEX_POINT('',#6817);
#2112=VERTEX_POINT('',#6822);
#2113=VERTEX_POINT('',#6826);
#2114=VERTEX_POINT('',#6830);
#2115=VERTEX_POINT('',#6831);
#2116=VERTEX_POINT('',#6836);
#2117=VERTEX_POINT('',#6840);
#2118=VERTEX_POINT('',#6848);
#2119=VERTEX_POINT('',#6850);
#2120=VERTEX_POINT('',#6854);
#2121=VERTEX_POINT('',#6858);
#2122=VERTEX_POINT('',#6862);
#2123=VERTEX_POINT('',#6866);
#2124=VERTEX_POINT('',#6870);
#2125=VERTEX_POINT('',#6874);
#2126=VERTEX_POINT('',#6880);
#2127=VERTEX_POINT('',#6884);
#2128=VERTEX_POINT('',#6886);
#2129=VERTEX_POINT('',#6890);
#2130=VERTEX_POINT('',#6894);
#2131=VERTEX_POINT('',#6898);
#2132=VERTEX_POINT('',#6902);
#2133=VERTEX_POINT('',#6906);
#2134=VERTEX_POINT('',#6910);
#2135=VERTEX_POINT('',#6916);
#2136=VERTEX_POINT('',#6918);
#2137=VERTEX_POINT('',#6922);
#2138=VERTEX_POINT('',#6926);
#2139=VERTEX_POINT('',#6930);
#2140=VERTEX_POINT('',#6934);
#2141=VERTEX_POINT('',#6938);
#2142=VERTEX_POINT('',#6942);
#2143=VERTEX_POINT('',#6948);
#2144=VERTEX_POINT('',#6950);
#2145=VERTEX_POINT('',#6954);
#2146=VERTEX_POINT('',#6958);
#2147=VERTEX_POINT('',#6962);
#2148=VERTEX_POINT('',#6966);
#2149=VERTEX_POINT('',#6970);
#2150=VERTEX_POINT('',#6974);
#2151=VERTEX_POINT('',#6980);
#2152=VERTEX_POINT('',#6982);
#2153=VERTEX_POINT('',#6986);
#2154=VERTEX_POINT('',#6990);
#2155=VERTEX_POINT('',#6994);
#2156=VERTEX_POINT('',#6998);
#2157=VERTEX_POINT('',#7002);
#2158=VERTEX_POINT('',#7006);
#2159=VERTEX_POINT('',#7012);
#2160=VERTEX_POINT('',#7014);
#2161=VERTEX_POINT('',#7020);
#2162=VERTEX_POINT('',#7024);
#2163=VERTEX_POINT('',#7026);
#2164=VERTEX_POINT('',#7030);
#2165=VERTEX_POINT('',#7034);
#2166=VERTEX_POINT('',#7038);
#2167=VERTEX_POINT('',#7042);
#2168=VERTEX_POINT('',#7046);
#2169=VERTEX_POINT('',#7050);
#2170=VERTEX_POINT('',#7056);
#2171=VERTEX_POINT('',#7058);
#2172=VERTEX_POINT('',#7062);
#2173=VERTEX_POINT('',#7066);
#2174=VERTEX_POINT('',#7070);
#2175=VERTEX_POINT('',#7074);
#2176=VERTEX_POINT('',#7078);
#2177=VERTEX_POINT('',#7082);
#2178=VERTEX_POINT('',#7088);
#2179=VERTEX_POINT('',#7090);
#2180=VERTEX_POINT('',#7094);
#2181=VERTEX_POINT('',#7098);
#2182=VERTEX_POINT('',#7102);
#2183=VERTEX_POINT('',#7106);
#2184=VERTEX_POINT('',#7110);
#2185=VERTEX_POINT('',#7114);
#2186=VERTEX_POINT('',#7120);
#2187=VERTEX_POINT('',#7124);
#2188=VERTEX_POINT('',#7126);
#2189=VERTEX_POINT('',#7130);
#2190=VERTEX_POINT('',#7134);
#2191=VERTEX_POINT('',#7138);
#2192=VERTEX_POINT('',#7142);
#2193=VERTEX_POINT('',#7146);
#2194=VERTEX_POINT('',#7150);
#2195=EDGE_CURVE('',#1803,#1804,#1155,.T.);
#2196=EDGE_CURVE('',#1805,#1804,#1156,.T.);
#2197=EDGE_CURVE('',#1805,#1806,#1157,.T.);
#2198=EDGE_CURVE('',#1803,#1806,#1158,.T.);
#2199=EDGE_CURVE('',#1807,#1806,#1159,.T.);
#2200=EDGE_CURVE('',#1807,#1808,#1160,.T.);
#2201=EDGE_CURVE('',#1803,#1808,#1161,.T.);
#2202=EDGE_CURVE('',#1808,#1809,#1162,.T.);
#2203=EDGE_CURVE('',#1810,#1807,#1163,.T.);
#2204=EDGE_CURVE('',#1810,#1809,#1164,.T.);
#2205=EDGE_CURVE('',#1809,#1804,#1165,.T.);
#2206=EDGE_CURVE('',#1805,#1810,#1166,.T.);
#2207=EDGE_CURVE('',#1811,#1812,#186,.T.);
#2208=EDGE_CURVE('',#1812,#1813,#1167,.T.);
#2209=EDGE_CURVE('',#1813,#1814,#187,.T.);
#2210=EDGE_CURVE('',#1814,#1811,#1168,.T.);
#2211=EDGE_CURVE('',#1811,#1815,#1169,.T.);
#2212=EDGE_CURVE('',#1816,#1815,#188,.T.);
#2213=EDGE_CURVE('',#1816,#1817,#1170,.T.);
#2214=EDGE_CURVE('',#1818,#1817,#189,.T.);
#2215=EDGE_CURVE('',#1818,#1819,#1171,.T.);
#2216=EDGE_CURVE('',#1820,#1819,#190,.T.);
#2217=EDGE_CURVE('',#1820,#1812,#1172,.T.);
#2218=EDGE_CURVE('',#1821,#1822,#1173,.T.);
#2219=EDGE_CURVE('',#1823,#1822,#191,.T.);
#2220=EDGE_CURVE('',#1823,#1824,#1174,.T.);
#2221=EDGE_CURVE('',#1825,#1824,#192,.T.);
#2222=EDGE_CURVE('',#1825,#1826,#1175,.T.);
#2223=EDGE_CURVE('',#1827,#1826,#193,.T.);
#2224=EDGE_CURVE('',#1827,#1828,#1176,.T.);
#2225=EDGE_CURVE('',#1821,#1828,#194,.T.);
#2226=EDGE_CURVE('',#1829,#1829,#195,.T.);
#2227=EDGE_CURVE('',#1830,#1830,#196,.T.);
#2228=EDGE_CURVE('',#1831,#1831,#197,.T.);
#2229=EDGE_CURVE('',#1832,#1832,#198,.T.);
#2230=EDGE_CURVE('',#1833,#1814,#1177,.T.);
#2231=EDGE_CURVE('',#1815,#1833,#1178,.T.);
#2232=EDGE_CURVE('',#1833,#1834,#199,.T.);
#2233=EDGE_CURVE('',#1834,#1816,#1179,.T.);
#2234=EDGE_CURVE('',#1817,#1835,#1180,.T.);
#2235=EDGE_CURVE('',#1835,#1836,#200,.T.);
#2236=EDGE_CURVE('',#1836,#1818,#1181,.T.);
#2237=EDGE_CURVE('',#1837,#1836,#1182,.T.);
#2238=EDGE_CURVE('',#1819,#1837,#1183,.T.);
#2239=EDGE_CURVE('',#1837,#1838,#201,.T.);
#2240=EDGE_CURVE('',#1838,#1820,#1184,.T.);
#2241=EDGE_CURVE('',#1839,#1840,#202,.T.);
#2242=EDGE_CURVE('',#1839,#1821,#1185,.T.);
#2243=EDGE_CURVE('',#1828,#1840,#1186,.T.);
#2244=EDGE_CURVE('',#1841,#1839,#1187,.T.);
#2245=EDGE_CURVE('',#1822,#1841,#1188,.T.);
#2246=EDGE_CURVE('',#1842,#1841,#203,.T.);
#2247=EDGE_CURVE('',#1842,#1823,#1189,.T.);
#2248=EDGE_CURVE('',#1843,#1842,#1190,.T.);
#2249=EDGE_CURVE('',#1824,#1843,#1191,.T.);
#2250=EDGE_CURVE('',#1844,#1843,#204,.T.);
#2251=EDGE_CURVE('',#1844,#1825,#1192,.T.);
#2252=EDGE_CURVE('',#1845,#1844,#1193,.T.);
#2253=EDGE_CURVE('',#1826,#1845,#1194,.T.);
#2254=EDGE_CURVE('',#1846,#1845,#205,.T.);
#2255=EDGE_CURVE('',#1846,#1827,#1195,.T.);
#2256=EDGE_CURVE('',#1840,#1846,#1196,.T.);
#2257=EDGE_CURVE('',#1831,#1847,#1197,.T.);
#2258=EDGE_CURVE('',#1847,#1847,#206,.T.);
#2259=EDGE_CURVE('',#1832,#1848,#1198,.T.);
#2260=EDGE_CURVE('',#1848,#1848,#207,.T.);
#2261=EDGE_CURVE('',#1829,#1849,#1199,.T.);
#2262=EDGE_CURVE('',#1849,#1849,#208,.T.);
#2263=EDGE_CURVE('',#1830,#1850,#1200,.T.);
#2264=EDGE_CURVE('',#1850,#1850,#209,.T.);
#2265=EDGE_CURVE('',#1835,#1834,#1201,.T.);
#2266=EDGE_CURVE('',#1813,#1838,#1202,.T.);
#2267=EDGE_CURVE('',#1851,#1852,#1203,.T.);
#2268=EDGE_CURVE('',#1852,#1853,#210,.T.);
#2269=EDGE_CURVE('',#1854,#1853,#1204,.T.);
#2270=EDGE_CURVE('',#1851,#1854,#211,.T.);
#2271=EDGE_CURVE('',#1855,#1856,#1205,.T.);
#2272=EDGE_CURVE('',#1856,#1852,#1206,.T.);
#2273=EDGE_CURVE('',#1855,#1851,#1207,.T.);
#2274=EDGE_CURVE('',#1853,#1857,#1208,.T.);
#2275=EDGE_CURVE('',#1858,#1857,#1209,.T.);
#2276=EDGE_CURVE('',#1854,#1858,#1210,.T.);
#2277=EDGE_CURVE('',#1858,#1859,#212,.T.);
#2278=EDGE_CURVE('',#1859,#1860,#1211,.T.);
#2279=EDGE_CURVE('',#1860,#1861,#213,.T.);
#2280=EDGE_CURVE('',#1861,#1862,#1212,.T.);
#2281=EDGE_CURVE('',#1862,#1855,#214,.T.);
#2282=EDGE_CURVE('',#1863,#1863,#215,.T.);
#2283=EDGE_CURVE('',#1864,#1864,#216,.T.);
#2284=EDGE_CURVE('',#1865,#1865,#217,.T.);
#2285=EDGE_CURVE('',#1866,#1866,#218,.T.);
#2286=EDGE_CURVE('',#1867,#1867,#219,.T.);
#2287=EDGE_CURVE('',#1868,#1868,#220,.T.);
#2288=EDGE_CURVE('',#1869,#1869,#221,.T.);
#2289=EDGE_CURVE('',#1870,#1870,#222,.T.);
#2290=EDGE_CURVE('',#1871,#1871,#223,.T.);
#2291=EDGE_CURVE('',#1872,#1872,#224,.T.);
#2292=EDGE_CURVE('',#1873,#1873,#225,.T.);
#2293=EDGE_CURVE('',#1874,#1874,#226,.T.);
#2294=EDGE_CURVE('',#1875,#1875,#227,.T.);
#2295=EDGE_CURVE('',#1876,#1876,#228,.T.);
#2296=EDGE_CURVE('',#1877,#1877,#229,.T.);
#2297=EDGE_CURVE('',#1878,#1878,#230,.T.);
#2298=EDGE_CURVE('',#1879,#1879,#231,.T.);
#2299=EDGE_CURVE('',#1880,#1880,#232,.T.);
#2300=EDGE_CURVE('',#1881,#1881,#233,.T.);
#2301=EDGE_CURVE('',#1882,#1882,#234,.T.);
#2302=EDGE_CURVE('',#1883,#1883,#235,.T.);
#2303=EDGE_CURVE('',#1884,#1884,#236,.T.);
#2304=EDGE_CURVE('',#1885,#1885,#237,.T.);
#2305=EDGE_CURVE('',#1886,#1886,#238,.T.);
#2306=EDGE_CURVE('',#1887,#1887,#239,.T.);
#2307=EDGE_CURVE('',#1888,#1888,#240,.T.);
#2308=EDGE_CURVE('',#1889,#1889,#241,.T.);
#2309=EDGE_CURVE('',#1890,#1890,#242,.T.);
#2310=EDGE_CURVE('',#1891,#1891,#243,.T.);
#2311=EDGE_CURVE('',#1892,#1892,#244,.T.);
#2312=EDGE_CURVE('',#1893,#1893,#245,.T.);
#2313=EDGE_CURVE('',#1894,#1894,#246,.T.);
#2314=EDGE_CURVE('',#1895,#1895,#247,.T.);
#2315=EDGE_CURVE('',#1896,#1896,#248,.T.);
#2316=EDGE_CURVE('',#1897,#1897,#249,.T.);
#2317=EDGE_CURVE('',#1898,#1898,#250,.T.);
#2318=EDGE_CURVE('',#1899,#1899,#251,.T.);
#2319=EDGE_CURVE('',#1900,#1900,#252,.T.);
#2320=EDGE_CURVE('',#1901,#1901,#253,.T.);
#2321=EDGE_CURVE('',#1902,#1902,#254,.T.);
#2322=EDGE_CURVE('',#1903,#1903,#255,.T.);
#2323=EDGE_CURVE('',#1904,#1904,#256,.T.);
#2324=EDGE_CURVE('',#1905,#1905,#257,.T.);
#2325=EDGE_CURVE('',#1906,#1906,#258,.T.);
#2326=EDGE_CURVE('',#1907,#1907,#259,.T.);
#2327=EDGE_CURVE('',#1908,#1908,#260,.T.);
#2328=EDGE_CURVE('',#1909,#1909,#261,.T.);
#2329=EDGE_CURVE('',#1910,#1910,#262,.T.);
#2330=EDGE_CURVE('',#1911,#1911,#263,.T.);
#2331=EDGE_CURVE('',#1912,#1912,#264,.T.);
#2332=EDGE_CURVE('',#1913,#1913,#265,.T.);
#2333=EDGE_CURVE('',#1914,#1914,#266,.T.);
#2334=EDGE_CURVE('',#1915,#1915,#267,.T.);
#2335=EDGE_CURVE('',#1916,#1916,#268,.T.);
#2336=EDGE_CURVE('',#1917,#1917,#269,.T.);
#2337=EDGE_CURVE('',#1918,#1918,#270,.T.);
#2338=EDGE_CURVE('',#1919,#1919,#271,.T.);
#2339=EDGE_CURVE('',#1920,#1920,#272,.T.);
#2340=EDGE_CURVE('',#1921,#1921,#273,.T.);
#2341=EDGE_CURVE('',#1922,#1922,#274,.T.);
#2342=EDGE_CURVE('',#1923,#1923,#275,.T.);
#2343=EDGE_CURVE('',#1924,#1924,#276,.T.);
#2344=EDGE_CURVE('',#1925,#1925,#277,.T.);
#2345=EDGE_CURVE('',#1926,#1856,#278,.T.);
#2346=EDGE_CURVE('',#1927,#1926,#1213,.T.);
#2347=EDGE_CURVE('',#1928,#1927,#279,.T.);
#2348=EDGE_CURVE('',#1929,#1928,#1214,.T.);
#2349=EDGE_CURVE('',#1857,#1929,#280,.T.);
#2350=EDGE_CURVE('',#1930,#1930,#281,.T.);
#2351=EDGE_CURVE('',#1931,#1931,#282,.T.);
#2352=EDGE_CURVE('',#1932,#1932,#283,.T.);
#2353=EDGE_CURVE('',#1933,#1933,#284,.T.);
#2354=EDGE_CURVE('',#1934,#1934,#285,.T.);
#2355=EDGE_CURVE('',#1935,#1935,#286,.T.);
#2356=EDGE_CURVE('',#1936,#1936,#287,.T.);
#2357=EDGE_CURVE('',#1937,#1937,#288,.T.);
#2358=EDGE_CURVE('',#1938,#1938,#289,.T.);
#2359=EDGE_CURVE('',#1939,#1939,#290,.T.);
#2360=EDGE_CURVE('',#1940,#1940,#291,.T.);
#2361=EDGE_CURVE('',#1941,#1941,#292,.T.);
#2362=EDGE_CURVE('',#1942,#1942,#293,.T.);
#2363=EDGE_CURVE('',#1943,#1943,#294,.T.);
#2364=EDGE_CURVE('',#1944,#1944,#295,.T.);
#2365=EDGE_CURVE('',#1945,#1945,#296,.T.);
#2366=EDGE_CURVE('',#1946,#1946,#297,.T.);
#2367=EDGE_CURVE('',#1947,#1947,#298,.T.);
#2368=EDGE_CURVE('',#1948,#1948,#299,.T.);
#2369=EDGE_CURVE('',#1949,#1949,#300,.T.);
#2370=EDGE_CURVE('',#1950,#1950,#301,.T.);
#2371=EDGE_CURVE('',#1951,#1951,#302,.T.);
#2372=EDGE_CURVE('',#1952,#1952,#303,.T.);
#2373=EDGE_CURVE('',#1953,#1953,#304,.T.);
#2374=EDGE_CURVE('',#1954,#1954,#305,.T.);
#2375=EDGE_CURVE('',#1955,#1955,#306,.T.);
#2376=EDGE_CURVE('',#1956,#1956,#307,.T.);
#2377=EDGE_CURVE('',#1957,#1957,#308,.T.);
#2378=EDGE_CURVE('',#1958,#1958,#309,.T.);
#2379=EDGE_CURVE('',#1959,#1959,#310,.T.);
#2380=EDGE_CURVE('',#1960,#1960,#311,.T.);
#2381=EDGE_CURVE('',#1961,#1961,#312,.T.);
#2382=EDGE_CURVE('',#1962,#1962,#313,.T.);
#2383=EDGE_CURVE('',#1963,#1963,#314,.T.);
#2384=EDGE_CURVE('',#1964,#1964,#315,.T.);
#2385=EDGE_CURVE('',#1965,#1965,#316,.T.);
#2386=EDGE_CURVE('',#1966,#1966,#317,.T.);
#2387=EDGE_CURVE('',#1967,#1967,#318,.T.);
#2388=EDGE_CURVE('',#1968,#1968,#319,.T.);
#2389=EDGE_CURVE('',#1969,#1969,#320,.T.);
#2390=EDGE_CURVE('',#1970,#1970,#321,.T.);
#2391=EDGE_CURVE('',#1971,#1971,#322,.T.);
#2392=EDGE_CURVE('',#1972,#1972,#323,.T.);
#2393=EDGE_CURVE('',#1973,#1973,#324,.T.);
#2394=EDGE_CURVE('',#1974,#1974,#325,.T.);
#2395=EDGE_CURVE('',#1975,#1975,#326,.T.);
#2396=EDGE_CURVE('',#1976,#1976,#327,.T.);
#2397=EDGE_CURVE('',#1977,#1977,#328,.T.);
#2398=EDGE_CURVE('',#1978,#1978,#329,.T.);
#2399=EDGE_CURVE('',#1979,#1979,#330,.T.);
#2400=EDGE_CURVE('',#1980,#1980,#331,.T.);
#2401=EDGE_CURVE('',#1981,#1981,#332,.T.);
#2402=EDGE_CURVE('',#1982,#1982,#333,.T.);
#2403=EDGE_CURVE('',#1983,#1983,#334,.T.);
#2404=EDGE_CURVE('',#1984,#1984,#335,.T.);
#2405=EDGE_CURVE('',#1985,#1985,#336,.T.);
#2406=EDGE_CURVE('',#1986,#1986,#337,.T.);
#2407=EDGE_CURVE('',#1987,#1987,#338,.T.);
#2408=EDGE_CURVE('',#1988,#1988,#339,.T.);
#2409=EDGE_CURVE('',#1989,#1989,#340,.T.);
#2410=EDGE_CURVE('',#1990,#1990,#341,.T.);
#2411=EDGE_CURVE('',#1991,#1991,#342,.T.);
#2412=EDGE_CURVE('',#1992,#1992,#343,.T.);
#2413=EDGE_CURVE('',#1862,#1926,#1215,.T.);
#2414=EDGE_CURVE('',#1859,#1929,#1216,.T.);
#2415=EDGE_CURVE('',#1861,#1927,#1217,.T.);
#2416=EDGE_CURVE('',#1860,#1928,#1218,.T.);
#2417=EDGE_CURVE('',#1930,#1863,#1219,.T.);
#2418=EDGE_CURVE('',#1931,#1864,#1220,.T.);
#2419=EDGE_CURVE('',#1932,#1865,#1221,.T.);
#2420=EDGE_CURVE('',#1933,#1866,#1222,.T.);
#2421=EDGE_CURVE('',#1934,#1867,#1223,.T.);
#2422=EDGE_CURVE('',#1935,#1868,#1224,.T.);
#2423=EDGE_CURVE('',#1936,#1869,#1225,.T.);
#2424=EDGE_CURVE('',#1937,#1870,#1226,.T.);
#2425=EDGE_CURVE('',#1938,#1871,#1227,.T.);
#2426=EDGE_CURVE('',#1939,#1872,#1228,.T.);
#2427=EDGE_CURVE('',#1940,#1873,#1229,.T.);
#2428=EDGE_CURVE('',#1941,#1874,#1230,.T.);
#2429=EDGE_CURVE('',#1942,#1875,#1231,.T.);
#2430=EDGE_CURVE('',#1943,#1876,#1232,.T.);
#2431=EDGE_CURVE('',#1944,#1877,#1233,.T.);
#2432=EDGE_CURVE('',#1945,#1878,#1234,.T.);
#2433=EDGE_CURVE('',#1946,#1879,#1235,.T.);
#2434=EDGE_CURVE('',#1947,#1880,#1236,.T.);
#2435=EDGE_CURVE('',#1948,#1881,#1237,.T.);
#2436=EDGE_CURVE('',#1949,#1882,#1238,.T.);
#2437=EDGE_CURVE('',#1950,#1883,#1239,.T.);
#2438=EDGE_CURVE('',#1951,#1884,#1240,.T.);
#2439=EDGE_CURVE('',#1952,#1885,#1241,.T.);
#2440=EDGE_CURVE('',#1953,#1886,#1242,.T.);
#2441=EDGE_CURVE('',#1954,#1887,#1243,.T.);
#2442=EDGE_CURVE('',#1955,#1888,#1244,.T.);
#2443=EDGE_CURVE('',#1956,#1889,#1245,.T.);
#2444=EDGE_CURVE('',#1957,#1890,#1246,.T.);
#2445=EDGE_CURVE('',#1958,#1891,#1247,.T.);
#2446=EDGE_CURVE('',#1959,#1892,#1248,.T.);
#2447=EDGE_CURVE('',#1960,#1893,#1249,.T.);
#2448=EDGE_CURVE('',#1961,#1894,#1250,.T.);
#2449=EDGE_CURVE('',#1962,#1895,#1251,.T.);
#2450=EDGE_CURVE('',#1963,#1896,#1252,.T.);
#2451=EDGE_CURVE('',#1964,#1897,#1253,.T.);
#2452=EDGE_CURVE('',#1965,#1898,#1254,.T.);
#2453=EDGE_CURVE('',#1966,#1899,#1255,.T.);
#2454=EDGE_CURVE('',#1967,#1900,#1256,.T.);
#2455=EDGE_CURVE('',#1968,#1901,#1257,.T.);
#2456=EDGE_CURVE('',#1969,#1902,#1258,.T.);
#2457=EDGE_CURVE('',#1970,#1903,#1259,.T.);
#2458=EDGE_CURVE('',#1971,#1904,#1260,.T.);
#2459=EDGE_CURVE('',#1972,#1905,#1261,.T.);
#2460=EDGE_CURVE('',#1973,#1906,#1262,.T.);
#2461=EDGE_CURVE('',#1974,#1907,#1263,.T.);
#2462=EDGE_CURVE('',#1975,#1908,#1264,.T.);
#2463=EDGE_CURVE('',#1976,#1909,#1265,.T.);
#2464=EDGE_CURVE('',#1977,#1910,#1266,.T.);
#2465=EDGE_CURVE('',#1978,#1911,#1267,.T.);
#2466=EDGE_CURVE('',#1979,#1912,#1268,.T.);
#2467=EDGE_CURVE('',#1980,#1913,#1269,.T.);
#2468=EDGE_CURVE('',#1981,#1914,#1270,.T.);
#2469=EDGE_CURVE('',#1982,#1915,#1271,.T.);
#2470=EDGE_CURVE('',#1983,#1916,#1272,.T.);
#2471=EDGE_CURVE('',#1984,#1917,#1273,.T.);
#2472=EDGE_CURVE('',#1985,#1918,#1274,.T.);
#2473=EDGE_CURVE('',#1986,#1919,#1275,.T.);
#2474=EDGE_CURVE('',#1987,#1920,#1276,.T.);
#2475=EDGE_CURVE('',#1988,#1921,#1277,.T.);
#2476=EDGE_CURVE('',#1989,#1922,#1278,.T.);
#2477=EDGE_CURVE('',#1990,#1923,#1279,.T.);
#2478=EDGE_CURVE('',#1991,#1924,#1280,.T.);
#2479=EDGE_CURVE('',#1992,#1925,#1281,.T.);
#2480=EDGE_CURVE('',#1993,#1994,#344,.T.);
#2481=EDGE_CURVE('',#1994,#1995,#1282,.T.);
#2482=EDGE_CURVE('',#1995,#1996,#345,.T.);
#2483=EDGE_CURVE('',#1996,#1993,#1283,.T.);
#2484=EDGE_CURVE('',#1996,#1997,#1284,.T.);
#2485=EDGE_CURVE('',#1998,#1997,#1285,.T.);
#2486=EDGE_CURVE('',#1993,#1998,#1286,.T.);
#2487=EDGE_CURVE('',#1999,#1995,#1287,.T.);
#2488=EDGE_CURVE('',#2000,#1999,#346,.T.);
#2489=EDGE_CURVE('',#2001,#2000,#1288,.T.);
#2490=EDGE_CURVE('',#2002,#2001,#347,.T.);
#2491=EDGE_CURVE('',#2003,#2002,#1289,.T.);
#2492=EDGE_CURVE('',#1997,#2003,#348,.T.);
#2493=EDGE_CURVE('',#2004,#2005,#1290,.T.);
#2494=EDGE_CURVE('',#2006,#2005,#349,.T.);
#2495=EDGE_CURVE('',#2006,#2007,#1291,.T.);
#2496=EDGE_CURVE('',#2008,#2007,#350,.T.);
#2497=EDGE_CURVE('',#2008,#2009,#1292,.T.);
#2498=EDGE_CURVE('',#2010,#2009,#351,.T.);
#2499=EDGE_CURVE('',#2010,#2011,#1293,.T.);
#2500=EDGE_CURVE('',#2011,#2004,#352,.F.);
#2501=EDGE_CURVE('',#2012,#2013,#1294,.T.);
#2502=EDGE_CURVE('',#2014,#2013,#353,.T.);
#2503=EDGE_CURVE('',#2014,#2015,#1295,.T.);
#2504=EDGE_CURVE('',#2016,#2015,#354,.T.);
#2505=EDGE_CURVE('',#2016,#2017,#1296,.T.);
#2506=EDGE_CURVE('',#2018,#2017,#355,.T.);
#2507=EDGE_CURVE('',#2018,#2019,#1297,.T.);
#2508=EDGE_CURVE('',#2012,#2019,#356,.T.);
#2509=EDGE_CURVE('',#2020,#2021,#357,.T.);
#2510=EDGE_CURVE('',#2022,#2020,#1298,.T.);
#2511=EDGE_CURVE('',#2023,#2022,#358,.T.);
#2512=EDGE_CURVE('',#2024,#2023,#1299,.T.);
#2513=EDGE_CURVE('',#2025,#2024,#359,.T.);
#2514=EDGE_CURVE('',#2026,#2025,#1300,.T.);
#2515=EDGE_CURVE('',#2027,#2026,#360,.T.);
#2516=EDGE_CURVE('',#2021,#2027,#1301,.T.);
#2517=EDGE_CURVE('',#2028,#2028,#361,.T.);
#2518=EDGE_CURVE('',#2029,#2030,#362,.T.);
#2519=EDGE_CURVE('',#2031,#2029,#1302,.T.);
#2520=EDGE_CURVE('',#2032,#2031,#363,.T.);
#2521=EDGE_CURVE('',#2033,#2032,#1303,.T.);
#2522=EDGE_CURVE('',#2034,#2033,#364,.T.);
#2523=EDGE_CURVE('',#2035,#2034,#1304,.T.);
#2524=EDGE_CURVE('',#2036,#2035,#365,.T.);
#2525=EDGE_CURVE('',#2030,#2036,#1305,.T.);
#2526=EDGE_CURVE('',#2037,#2038,#366,.T.);
#2527=EDGE_CURVE('',#2039,#2037,#1306,.T.);
#2528=EDGE_CURVE('',#2040,#2039,#367,.T.);
#2529=EDGE_CURVE('',#2041,#2040,#1307,.T.);
#2530=EDGE_CURVE('',#2042,#2041,#368,.T.);
#2531=EDGE_CURVE('',#2043,#2042,#1308,.T.);
#2532=EDGE_CURVE('',#2044,#2043,#369,.T.);
#2533=EDGE_CURVE('',#2038,#2044,#1309,.T.);
#2534=EDGE_CURVE('',#2045,#2046,#370,.T.);
#2535=EDGE_CURVE('',#2047,#2045,#1310,.T.);
#2536=EDGE_CURVE('',#2048,#2047,#371,.T.);
#2537=EDGE_CURVE('',#2049,#2048,#1311,.T.);
#2538=EDGE_CURVE('',#2050,#2049,#372,.T.);
#2539=EDGE_CURVE('',#2051,#2050,#1312,.T.);
#2540=EDGE_CURVE('',#2052,#2051,#373,.T.);
#2541=EDGE_CURVE('',#2046,#2052,#1313,.T.);
#2542=EDGE_CURVE('',#2053,#2053,#374,.T.);
#2543=EDGE_CURVE('',#2054,#2055,#375,.T.);
#2544=EDGE_CURVE('',#2055,#2054,#376,.T.);
#2545=EDGE_CURVE('',#2056,#2057,#377,.T.);
#2546=EDGE_CURVE('',#2058,#2056,#1314,.T.);
#2547=EDGE_CURVE('',#2059,#2058,#378,.T.);
#2548=EDGE_CURVE('',#2060,#2059,#1315,.T.);
#2549=EDGE_CURVE('',#2061,#2060,#379,.T.);
#2550=EDGE_CURVE('',#2062,#2061,#1316,.T.);
#2551=EDGE_CURVE('',#2063,#2062,#380,.T.);
#2552=EDGE_CURVE('',#2057,#2063,#1317,.T.);
#2553=EDGE_CURVE('',#2064,#2065,#381,.T.);
#2554=EDGE_CURVE('',#2066,#2064,#1318,.T.);
#2555=EDGE_CURVE('',#2067,#2066,#382,.T.);
#2556=EDGE_CURVE('',#2068,#2067,#1319,.T.);
#2557=EDGE_CURVE('',#2069,#2068,#383,.T.);
#2558=EDGE_CURVE('',#2070,#2069,#1320,.T.);
#2559=EDGE_CURVE('',#2071,#2070,#384,.T.);
#2560=EDGE_CURVE('',#2065,#2071,#1321,.T.);
#2561=EDGE_CURVE('',#2072,#2073,#385,.T.);
#2562=EDGE_CURVE('',#2074,#2072,#1322,.T.);
#2563=EDGE_CURVE('',#2075,#2074,#386,.T.);
#2564=EDGE_CURVE('',#2076,#2075,#1323,.T.);
#2565=EDGE_CURVE('',#2077,#2076,#387,.T.);
#2566=EDGE_CURVE('',#2078,#2077,#1324,.T.);
#2567=EDGE_CURVE('',#2079,#2078,#388,.T.);
#2568=EDGE_CURVE('',#2073,#2079,#1325,.T.);
#2569=EDGE_CURVE('',#2080,#2081,#389,.T.);
#2570=EDGE_CURVE('',#2082,#2080,#1326,.T.);
#2571=EDGE_CURVE('',#2083,#2082,#390,.T.);
#2572=EDGE_CURVE('',#2084,#2083,#1327,.T.);
#2573=EDGE_CURVE('',#2085,#2084,#391,.T.);
#2574=EDGE_CURVE('',#2086,#2085,#1328,.T.);
#2575=EDGE_CURVE('',#2087,#2086,#392,.T.);
#2576=EDGE_CURVE('',#2081,#2087,#1329,.T.);
#2577=EDGE_CURVE('',#2088,#2088,#393,.T.);
#2578=EDGE_CURVE('',#2089,#2090,#394,.T.);
#2579=EDGE_CURVE('',#2091,#2089,#1330,.T.);
#2580=EDGE_CURVE('',#2092,#2091,#395,.T.);
#2581=EDGE_CURVE('',#2093,#2092,#1331,.T.);
#2582=EDGE_CURVE('',#2094,#2093,#396,.T.);
#2583=EDGE_CURVE('',#2095,#2094,#1332,.T.);
#2584=EDGE_CURVE('',#2096,#2095,#397,.T.);
#2585=EDGE_CURVE('',#2090,#2096,#1333,.T.);
#2586=EDGE_CURVE('',#2097,#2098,#398,.T.);
#2587=EDGE_CURVE('',#2098,#2000,#1334,.T.);
#2588=EDGE_CURVE('',#1999,#2097,#1335,.T.);
#2589=EDGE_CURVE('',#2099,#2098,#1336,.T.);
#2590=EDGE_CURVE('',#2001,#2099,#1337,.T.);
#2591=EDGE_CURVE('',#2099,#2100,#399,.T.);
#2592=EDGE_CURVE('',#2100,#2002,#1338,.T.);
#2593=EDGE_CURVE('',#2101,#1998,#400,.T.);
#2594=EDGE_CURVE('',#2003,#2101,#1339,.T.);
#2595=EDGE_CURVE('',#2011,#2102,#1340,.T.);
#2596=EDGE_CURVE('',#2102,#2103,#401,.T.);
#2597=EDGE_CURVE('',#2103,#2004,#1341,.T.);
#2598=EDGE_CURVE('',#2104,#2103,#1342,.T.);
#2599=EDGE_CURVE('',#2005,#2104,#1343,.T.);
#2600=EDGE_CURVE('',#2009,#2105,#1344,.T.);
#2601=EDGE_CURVE('',#2105,#2106,#402,.T.);
#2602=EDGE_CURVE('',#2106,#2010,#1345,.T.);
#2603=EDGE_CURVE('',#2107,#2008,#1346,.T.);
#2604=EDGE_CURVE('',#2105,#2107,#1347,.T.);
#2605=EDGE_CURVE('',#2007,#2108,#1348,.T.);
#2606=EDGE_CURVE('',#2108,#2107,#403,.T.);
#2607=EDGE_CURVE('',#2109,#2006,#1349,.T.);
#2608=EDGE_CURVE('',#2108,#2109,#1350,.T.);
#2609=EDGE_CURVE('',#2104,#2109,#404,.T.);
#2610=EDGE_CURVE('',#2102,#2106,#1351,.T.);
#2611=EDGE_CURVE('',#2110,#2111,#405,.T.);
#2612=EDGE_CURVE('',#2111,#2012,#1352,.T.);
#2613=EDGE_CURVE('',#2019,#2110,#1353,.T.);
#2614=EDGE_CURVE('',#2112,#2111,#1354,.T.);
#2615=EDGE_CURVE('',#2013,#2112,#1355,.T.);
#2616=EDGE_CURVE('',#2112,#2113,#406,.T.);
#2617=EDGE_CURVE('',#2113,#2014,#1356,.T.);
#2618=EDGE_CURVE('',#2114,#2115,#407,.T.);
#2619=EDGE_CURVE('',#2115,#2016,#1357,.T.);
#2620=EDGE_CURVE('',#2015,#2114,#1358,.T.);
#2621=EDGE_CURVE('',#2116,#2115,#1359,.T.);
#2622=EDGE_CURVE('',#2017,#2116,#1360,.T.);
#2623=EDGE_CURVE('',#2116,#2117,#408,.T.);
#2624=EDGE_CURVE('',#2117,#2018,#1361,.T.);
#2625=EDGE_CURVE('',#2110,#2117,#1362,.T.);
#2626=EDGE_CURVE('',#2114,#2113,#1363,.T.);
#2627=EDGE_CURVE('',#2089,#2118,#1364,.T.);
#2628=EDGE_CURVE('',#2119,#2118,#1365,.T.);
#2629=EDGE_CURVE('',#2091,#2119,#1366,.T.);
#2630=EDGE_CURVE('',#2120,#2119,#409,.T.);
#2631=EDGE_CURVE('',#2092,#2120,#1367,.T.);
#2632=EDGE_CURVE('',#2121,#2120,#1368,.T.);
#2633=EDGE_CURVE('',#2093,#2121,#1369,.T.);
#2634=EDGE_CURVE('',#2122,#2121,#410,.T.);
#2635=EDGE_CURVE('',#2094,#2122,#1370,.T.);
#2636=EDGE_CURVE('',#2123,#2122,#1371,.T.);
#2637=EDGE_CURVE('',#2095,#2123,#1372,.T.);
#2638=EDGE_CURVE('',#2124,#2123,#411,.T.);
#2639=EDGE_CURVE('',#2096,#2124,#1373,.T.);
#2640=EDGE_CURVE('',#2125,#2124,#1374,.T.);
#2641=EDGE_CURVE('',#2090,#2125,#1375,.T.);
#2642=EDGE_CURVE('',#2118,#2125,#412,.T.);
#2643=EDGE_CURVE('',#2126,#2126,#413,.T.);
#2644=EDGE_CURVE('',#2126,#2088,#1376,.T.);
#2645=EDGE_CURVE('',#2080,#2127,#1377,.T.);
#2646=EDGE_CURVE('',#2128,#2127,#1378,.T.);
#2647=EDGE_CURVE('',#2082,#2128,#1379,.T.);
#2648=EDGE_CURVE('',#2129,#2128,#414,.T.);
#2649=EDGE_CURVE('',#2083,#2129,#1380,.T.);
#2650=EDGE_CURVE('',#2130,#2129,#1381,.T.);
#2651=EDGE_CURVE('',#2084,#2130,#1382,.T.);
#2652=EDGE_CURVE('',#2131,#2130,#415,.T.);
#2653=EDGE_CURVE('',#2085,#2131,#1383,.T.);
#2654=EDGE_CURVE('',#2132,#2131,#1384,.T.);
#2655=EDGE_CURVE('',#2086,#2132,#1385,.T.);
#2656=EDGE_CURVE('',#2133,#2132,#416,.T.);
#2657=EDGE_CURVE('',#2087,#2133,#1386,.T.);
#2658=EDGE_CURVE('',#2134,#2133,#1387,.T.);
#2659=EDGE_CURVE('',#2081,#2134,#1388,.T.);
#2660=EDGE_CURVE('',#2127,#2134,#417,.T.);
#2661=EDGE_CURVE('',#2072,#2135,#1389,.T.);
#2662=EDGE_CURVE('',#2136,#2135,#1390,.T.);
#2663=EDGE_CURVE('',#2074,#2136,#1391,.T.);
#2664=EDGE_CURVE('',#2137,#2136,#418,.T.);
#2665=EDGE_CURVE('',#2075,#2137,#1392,.T.);
#2666=EDGE_CURVE('',#2138,#2137,#1393,.T.);
#2667=EDGE_CURVE('',#2076,#2138,#1394,.T.);
#2668=EDGE_CURVE('',#2139,#2138,#419,.T.);
#2669=EDGE_CURVE('',#2077,#2139,#1395,.T.);
#2670=EDGE_CURVE('',#2140,#2139,#1396,.T.);
#2671=EDGE_CURVE('',#2078,#2140,#1397,.T.);
#2672=EDGE_CURVE('',#2141,#2140,#420,.T.);
#2673=EDGE_CURVE('',#2079,#2141,#1398,.T.);
#2674=EDGE_CURVE('',#2142,#2141,#1399,.T.);
#2675=EDGE_CURVE('',#2073,#2142,#1400,.T.);
#2676=EDGE_CURVE('',#2135,#2142,#421,.T.);
#2677=EDGE_CURVE('',#2064,#2143,#1401,.T.);
#2678=EDGE_CURVE('',#2144,#2143,#1402,.T.);
#2679=EDGE_CURVE('',#2066,#2144,#1403,.T.);
#2680=EDGE_CURVE('',#2145,#2144,#422,.T.);
#2681=EDGE_CURVE('',#2067,#2145,#1404,.T.);
#2682=EDGE_CURVE('',#2146,#2145,#1405,.T.);
#2683=EDGE_CURVE('',#2068,#2146,#1406,.T.);
#2684=EDGE_CURVE('',#2147,#2146,#423,.T.);
#2685=EDGE_CURVE('',#2069,#2147,#1407,.T.);
#2686=EDGE_CURVE('',#2148,#2147,#1408,.T.);
#2687=EDGE_CURVE('',#2070,#2148,#1409,.T.);
#2688=EDGE_CURVE('',#2149,#2148,#424,.T.);
#2689=EDGE_CURVE('',#2071,#2149,#1410,.T.);
#2690=EDGE_CURVE('',#2150,#2149,#1411,.T.);
#2691=EDGE_CURVE('',#2065,#2150,#1412,.T.);
#2692=EDGE_CURVE('',#2143,#2150,#425,.T.);
#2693=EDGE_CURVE('',#2056,#2151,#1413,.T.);
#2694=EDGE_CURVE('',#2152,#2151,#1414,.T.);
#2695=EDGE_CURVE('',#2058,#2152,#1415,.T.);
#2696=EDGE_CURVE('',#2153,#2152,#426,.T.);
#2697=EDGE_CURVE('',#2059,#2153,#1416,.T.);
#2698=EDGE_CURVE('',#2154,#2153,#1417,.T.);
#2699=EDGE_CURVE('',#2060,#2154,#1418,.T.);
#2700=EDGE_CURVE('',#2155,#2154,#427,.T.);
#2701=EDGE_CURVE('',#2061,#2155,#1419,.T.);
#2702=EDGE_CURVE('',#2156,#2155,#1420,.T.);
#2703=EDGE_CURVE('',#2062,#2156,#1421,.T.);
#2704=EDGE_CURVE('',#2157,#2156,#428,.T.);
#2705=EDGE_CURVE('',#2063,#2157,#1422,.T.);
#2706=EDGE_CURVE('',#2158,#2157,#1423,.T.);
#2707=EDGE_CURVE('',#2057,#2158,#1424,.T.);
#2708=EDGE_CURVE('',#2151,#2158,#429,.T.);
#2709=EDGE_CURVE('',#2054,#2159,#1425,.T.);
#2710=EDGE_CURVE('',#2160,#2159,#430,.T.);
#2711=EDGE_CURVE('',#2055,#2160,#1426,.T.);
#2712=EDGE_CURVE('',#2159,#2160,#431,.T.);
#2713=EDGE_CURVE('',#2161,#2161,#432,.T.);
#2714=EDGE_CURVE('',#2161,#2053,#1427,.T.);
#2715=EDGE_CURVE('',#2045,#2162,#1428,.T.);
#2716=EDGE_CURVE('',#2163,#2162,#1429,.T.);
#2717=EDGE_CURVE('',#2047,#2163,#1430,.T.);
#2718=EDGE_CURVE('',#2164,#2163,#433,.T.);
#2719=EDGE_CURVE('',#2048,#2164,#1431,.T.);
#2720=EDGE_CURVE('',#2165,#2164,#1432,.T.);
#2721=EDGE_CURVE('',#2049,#2165,#1433,.T.);
#2722=EDGE_CURVE('',#2166,#2165,#434,.T.);
#2723=EDGE_CURVE('',#2050,#2166,#1434,.T.);
#2724=EDGE_CURVE('',#2167,#2166,#1435,.T.);
#2725=EDGE_CURVE('',#2051,#2167,#1436,.T.);
#2726=EDGE_CURVE('',#2168,#2167,#435,.T.);
#2727=EDGE_CURVE('',#2052,#2168,#1437,.T.);
#2728=EDGE_CURVE('',#2169,#2168,#1438,.T.);
#2729=EDGE_CURVE('',#2046,#2169,#1439,.T.);
#2730=EDGE_CURVE('',#2162,#2169,#436,.T.);
#2731=EDGE_CURVE('',#2037,#2170,#1440,.T.);
#2732=EDGE_CURVE('',#2171,#2170,#1441,.T.);
#2733=EDGE_CURVE('',#2039,#2171,#1442,.T.);
#2734=EDGE_CURVE('',#2172,#2171,#437,.T.);
#2735=EDGE_CURVE('',#2040,#2172,#1443,.T.);
#2736=EDGE_CURVE('',#2173,#2172,#1444,.T.);
#2737=EDGE_CURVE('',#2041,#2173,#1445,.T.);
#2738=EDGE_CURVE('',#2174,#2173,#438,.T.);
#2739=EDGE_CURVE('',#2042,#2174,#1446,.T.);
#2740=EDGE_CURVE('',#2175,#2174,#1447,.T.);
#2741=EDGE_CURVE('',#2043,#2175,#1448,.T.);
#2742=EDGE_CURVE('',#2176,#2175,#439,.T.);
#2743=EDGE_CURVE('',#2044,#2176,#1449,.T.);
#2744=EDGE_CURVE('',#2177,#2176,#1450,.T.);
#2745=EDGE_CURVE('',#2038,#2177,#1451,.T.);
#2746=EDGE_CURVE('',#2170,#2177,#440,.T.);
#2747=EDGE_CURVE('',#2029,#2178,#1452,.T.);
#2748=EDGE_CURVE('',#2179,#2178,#1453,.T.);
#2749=EDGE_CURVE('',#2031,#2179,#1454,.T.);
#2750=EDGE_CURVE('',#2180,#2179,#441,.T.);
#2751=EDGE_CURVE('',#2032,#2180,#1455,.T.);
#2752=EDGE_CURVE('',#2181,#2180,#1456,.T.);
#2753=EDGE_CURVE('',#2033,#2181,#1457,.T.);
#2754=EDGE_CURVE('',#2182,#2181,#442,.T.);
#2755=EDGE_CURVE('',#2034,#2182,#1458,.T.);
#2756=EDGE_CURVE('',#2183,#2182,#1459,.T.);
#2757=EDGE_CURVE('',#2035,#2183,#1460,.T.);
#2758=EDGE_CURVE('',#2184,#2183,#443,.T.);
#2759=EDGE_CURVE('',#2036,#2184,#1461,.T.);
#2760=EDGE_CURVE('',#2185,#2184,#1462,.T.);
#2761=EDGE_CURVE('',#2030,#2185,#1463,.T.);
#2762=EDGE_CURVE('',#2178,#2185,#444,.T.);
#2763=EDGE_CURVE('',#2186,#2186,#445,.T.);
#2764=EDGE_CURVE('',#2186,#2028,#1464,.T.);
#2765=EDGE_CURVE('',#2020,#2187,#1465,.T.);
#2766=EDGE_CURVE('',#2188,#2187,#1466,.T.);
#2767=EDGE_CURVE('',#2022,#2188,#1467,.T.);
#2768=EDGE_CURVE('',#2189,#2188,#446,.T.);
#2769=EDGE_CURVE('',#2023,#2189,#1468,.T.);
#2770=EDGE_CURVE('',#2190,#2189,#1469,.T.);
#2771=EDGE_CURVE('',#2024,#2190,#1470,.T.);
#2772=EDGE_CURVE('',#2191,#2190,#447,.T.);
#2773=EDGE_CURVE('',#2025,#2191,#1471,.T.);
#2774=EDGE_CURVE('',#2192,#2191,#1472,.T.);
#2775=EDGE_CURVE('',#2026,#2192,#1473,.T.);
#2776=EDGE_CURVE('',#2193,#2192,#448,.T.);
#2777=EDGE_CURVE('',#2027,#2193,#1474,.T.);
#2778=EDGE_CURVE('',#2194,#2193,#1475,.T.);
#2779=EDGE_CURVE('',#2021,#2194,#1476,.T.);
#2780=EDGE_CURVE('',#2187,#2194,#449,.T.);
#2781=EDGE_CURVE('',#2101,#2100,#1477,.T.);
#2782=EDGE_CURVE('',#2097,#1994,#1478,.T.);
#2783=ORIENTED_EDGE('',*,*,#2195,.T.);
#2784=ORIENTED_EDGE('',*,*,#2196,.F.);
#2785=ORIENTED_EDGE('',*,*,#2197,.T.);
#2786=ORIENTED_EDGE('',*,*,#2198,.F.);
#2787=ORIENTED_EDGE('',*,*,#2198,.T.);
#2788=ORIENTED_EDGE('',*,*,#2199,.F.);
#2789=ORIENTED_EDGE('',*,*,#2200,.T.);
#2790=ORIENTED_EDGE('',*,*,#2201,.F.);
#2791=ORIENTED_EDGE('',*,*,#2202,.F.);
#2792=ORIENTED_EDGE('',*,*,#2200,.F.);
#2793=ORIENTED_EDGE('',*,*,#2203,.F.);
#2794=ORIENTED_EDGE('',*,*,#2204,.T.);
#2795=ORIENTED_EDGE('',*,*,#2196,.T.);
#2796=ORIENTED_EDGE('',*,*,#2205,.F.);
#2797=ORIENTED_EDGE('',*,*,#2204,.F.);
#2798=ORIENTED_EDGE('',*,*,#2206,.F.);
#2799=ORIENTED_EDGE('',*,*,#2207,.T.);
#2800=ORIENTED_EDGE('',*,*,#2208,.T.);
#2801=ORIENTED_EDGE('',*,*,#2209,.T.);
#2802=ORIENTED_EDGE('',*,*,#2210,.T.);
#2803=ORIENTED_EDGE('',*,*,#2207,.F.);
#2804=ORIENTED_EDGE('',*,*,#2211,.T.);
#2805=ORIENTED_EDGE('',*,*,#2212,.F.);
#2806=ORIENTED_EDGE('',*,*,#2213,.T.);
#2807=ORIENTED_EDGE('',*,*,#2214,.F.);
#2808=ORIENTED_EDGE('',*,*,#2215,.T.);
#2809=ORIENTED_EDGE('',*,*,#2216,.F.);
#2810=ORIENTED_EDGE('',*,*,#2217,.T.);
#2811=ORIENTED_EDGE('',*,*,#2218,.T.);
#2812=ORIENTED_EDGE('',*,*,#2219,.F.);
#2813=ORIENTED_EDGE('',*,*,#2220,.T.);
#2814=ORIENTED_EDGE('',*,*,#2221,.F.);
#2815=ORIENTED_EDGE('',*,*,#2222,.T.);
#2816=ORIENTED_EDGE('',*,*,#2223,.F.);
#2817=ORIENTED_EDGE('',*,*,#2224,.T.);
#2818=ORIENTED_EDGE('',*,*,#2225,.F.);
#2819=ORIENTED_EDGE('',*,*,#2226,.T.);
#2820=ORIENTED_EDGE('',*,*,#2227,.T.);
#2821=ORIENTED_EDGE('',*,*,#2228,.T.);
#2822=ORIENTED_EDGE('',*,*,#2229,.T.);
#2823=ORIENTED_EDGE('',*,*,#2210,.F.);
#2824=ORIENTED_EDGE('',*,*,#2230,.F.);
#2825=ORIENTED_EDGE('',*,*,#2231,.F.);
#2826=ORIENTED_EDGE('',*,*,#2211,.F.);
#2827=ORIENTED_EDGE('',*,*,#2206,.T.);
#2828=ORIENTED_EDGE('',*,*,#2203,.T.);
#2829=ORIENTED_EDGE('',*,*,#2199,.T.);
#2830=ORIENTED_EDGE('',*,*,#2197,.F.);
#2831=ORIENTED_EDGE('',*,*,#2212,.T.);
#2832=ORIENTED_EDGE('',*,*,#2231,.T.);
#2833=ORIENTED_EDGE('',*,*,#2232,.T.);
#2834=ORIENTED_EDGE('',*,*,#2233,.T.);
#2835=ORIENTED_EDGE('',*,*,#2214,.T.);
#2836=ORIENTED_EDGE('',*,*,#2234,.T.);
#2837=ORIENTED_EDGE('',*,*,#2235,.T.);
#2838=ORIENTED_EDGE('',*,*,#2236,.T.);
#2839=ORIENTED_EDGE('',*,*,#2236,.F.);
#2840=ORIENTED_EDGE('',*,*,#2237,.F.);
#2841=ORIENTED_EDGE('',*,*,#2238,.F.);
#2842=ORIENTED_EDGE('',*,*,#2215,.F.);
#2843=ORIENTED_EDGE('',*,*,#2216,.T.);
#2844=ORIENTED_EDGE('',*,*,#2238,.T.);
#2845=ORIENTED_EDGE('',*,*,#2239,.T.);
#2846=ORIENTED_EDGE('',*,*,#2240,.T.);
#2847=ORIENTED_EDGE('',*,*,#2241,.F.);
#2848=ORIENTED_EDGE('',*,*,#2242,.T.);
#2849=ORIENTED_EDGE('',*,*,#2225,.T.);
#2850=ORIENTED_EDGE('',*,*,#2243,.T.);
#2851=ORIENTED_EDGE('',*,*,#2242,.F.);
#2852=ORIENTED_EDGE('',*,*,#2244,.F.);
#2853=ORIENTED_EDGE('',*,*,#2245,.F.);
#2854=ORIENTED_EDGE('',*,*,#2218,.F.);
#2855=ORIENTED_EDGE('',*,*,#2246,.F.);
#2856=ORIENTED_EDGE('',*,*,#2247,.T.);
#2857=ORIENTED_EDGE('',*,*,#2219,.T.);
#2858=ORIENTED_EDGE('',*,*,#2245,.T.);
#2859=ORIENTED_EDGE('',*,*,#2247,.F.);
#2860=ORIENTED_EDGE('',*,*,#2248,.F.);
#2861=ORIENTED_EDGE('',*,*,#2249,.F.);
#2862=ORIENTED_EDGE('',*,*,#2220,.F.);
#2863=ORIENTED_EDGE('',*,*,#2250,.F.);
#2864=ORIENTED_EDGE('',*,*,#2251,.T.);
#2865=ORIENTED_EDGE('',*,*,#2221,.T.);
#2866=ORIENTED_EDGE('',*,*,#2249,.T.);
#2867=ORIENTED_EDGE('',*,*,#2251,.F.);
#2868=ORIENTED_EDGE('',*,*,#2252,.F.);
#2869=ORIENTED_EDGE('',*,*,#2253,.F.);
#2870=ORIENTED_EDGE('',*,*,#2222,.F.);
#2871=ORIENTED_EDGE('',*,*,#2205,.T.);
#2872=ORIENTED_EDGE('',*,*,#2195,.F.);
#2873=ORIENTED_EDGE('',*,*,#2201,.T.);
#2874=ORIENTED_EDGE('',*,*,#2202,.T.);
#2875=ORIENTED_EDGE('',*,*,#2254,.F.);
#2876=ORIENTED_EDGE('',*,*,#2255,.T.);
#2877=ORIENTED_EDGE('',*,*,#2223,.T.);
#2878=ORIENTED_EDGE('',*,*,#2253,.T.);
#2879=ORIENTED_EDGE('',*,*,#2241,.T.);
#2880=ORIENTED_EDGE('',*,*,#2256,.T.);
#2881=ORIENTED_EDGE('',*,*,#2254,.T.);
#2882=ORIENTED_EDGE('',*,*,#2252,.T.);
#2883=ORIENTED_EDGE('',*,*,#2250,.T.);
#2884=ORIENTED_EDGE('',*,*,#2248,.T.);
#2885=ORIENTED_EDGE('',*,*,#2246,.T.);
#2886=ORIENTED_EDGE('',*,*,#2244,.T.);
#2887=ORIENTED_EDGE('',*,*,#2243,.F.);
#2888=ORIENTED_EDGE('',*,*,#2224,.F.);
#2889=ORIENTED_EDGE('',*,*,#2255,.F.);
#2890=ORIENTED_EDGE('',*,*,#2256,.F.);
#2891=ORIENTED_EDGE('',*,*,#2228,.F.);
#2892=ORIENTED_EDGE('',*,*,#2257,.T.);
#2893=ORIENTED_EDGE('',*,*,#2258,.T.);
#2894=ORIENTED_EDGE('',*,*,#2257,.F.);
#2895=ORIENTED_EDGE('',*,*,#2229,.F.);
#2896=ORIENTED_EDGE('',*,*,#2259,.T.);
#2897=ORIENTED_EDGE('',*,*,#2260,.T.);
#2898=ORIENTED_EDGE('',*,*,#2259,.F.);
#2899=ORIENTED_EDGE('',*,*,#2226,.F.);
#2900=ORIENTED_EDGE('',*,*,#2261,.T.);
#2901=ORIENTED_EDGE('',*,*,#2262,.T.);
#2902=ORIENTED_EDGE('',*,*,#2261,.F.);
#2903=ORIENTED_EDGE('',*,*,#2227,.F.);
#2904=ORIENTED_EDGE('',*,*,#2263,.T.);
#2905=ORIENTED_EDGE('',*,*,#2264,.T.);
#2906=ORIENTED_EDGE('',*,*,#2263,.F.);
#2907=ORIENTED_EDGE('',*,*,#2233,.F.);
#2908=ORIENTED_EDGE('',*,*,#2265,.F.);
#2909=ORIENTED_EDGE('',*,*,#2234,.F.);
#2910=ORIENTED_EDGE('',*,*,#2213,.F.);
#2911=ORIENTED_EDGE('',*,*,#2208,.F.);
#2912=ORIENTED_EDGE('',*,*,#2217,.F.);
#2913=ORIENTED_EDGE('',*,*,#2240,.F.);
#2914=ORIENTED_EDGE('',*,*,#2266,.F.);
#2915=ORIENTED_EDGE('',*,*,#2209,.F.);
#2916=ORIENTED_EDGE('',*,*,#2266,.T.);
#2917=ORIENTED_EDGE('',*,*,#2239,.F.);
#2918=ORIENTED_EDGE('',*,*,#2237,.T.);
#2919=ORIENTED_EDGE('',*,*,#2235,.F.);
#2920=ORIENTED_EDGE('',*,*,#2265,.T.);
#2921=ORIENTED_EDGE('',*,*,#2232,.F.);
#2922=ORIENTED_EDGE('',*,*,#2230,.T.);
#2923=ORIENTED_EDGE('',*,*,#2264,.F.);
#2924=ORIENTED_EDGE('',*,*,#2262,.F.);
#2925=ORIENTED_EDGE('',*,*,#2260,.F.);
#2926=ORIENTED_EDGE('',*,*,#2258,.F.);
#2927=ORIENTED_EDGE('',*,*,#2267,.T.);
#2928=ORIENTED_EDGE('',*,*,#2268,.T.);
#2929=ORIENTED_EDGE('',*,*,#2269,.F.);
#2930=ORIENTED_EDGE('',*,*,#2270,.F.);
#2931=ORIENTED_EDGE('',*,*,#2271,.T.);
#2932=ORIENTED_EDGE('',*,*,#2272,.T.);
#2933=ORIENTED_EDGE('',*,*,#2267,.F.);
#2934=ORIENTED_EDGE('',*,*,#2273,.F.);
#2935=ORIENTED_EDGE('',*,*,#2269,.T.);
#2936=ORIENTED_EDGE('',*,*,#2274,.T.);
#2937=ORIENTED_EDGE('',*,*,#2275,.F.);
#2938=ORIENTED_EDGE('',*,*,#2276,.F.);
#2939=ORIENTED_EDGE('',*,*,#2270,.T.);
#2940=ORIENTED_EDGE('',*,*,#2276,.T.);
#2941=ORIENTED_EDGE('',*,*,#2277,.T.);
#2942=ORIENTED_EDGE('',*,*,#2278,.T.);
#2943=ORIENTED_EDGE('',*,*,#2279,.T.);
#2944=ORIENTED_EDGE('',*,*,#2280,.T.);
#2945=ORIENTED_EDGE('',*,*,#2281,.T.);
#2946=ORIENTED_EDGE('',*,*,#2273,.T.);
#2947=ORIENTED_EDGE('',*,*,#2282,.F.);
#2948=ORIENTED_EDGE('',*,*,#2283,.F.);
#2949=ORIENTED_EDGE('',*,*,#2284,.F.);
#2950=ORIENTED_EDGE('',*,*,#2285,.F.);
#2951=ORIENTED_EDGE('',*,*,#2286,.F.);
#2952=ORIENTED_EDGE('',*,*,#2287,.F.);
#2953=ORIENTED_EDGE('',*,*,#2288,.F.);
#2954=ORIENTED_EDGE('',*,*,#2289,.F.);
#2955=ORIENTED_EDGE('',*,*,#2290,.F.);
#2956=ORIENTED_EDGE('',*,*,#2291,.F.);
#2957=ORIENTED_EDGE('',*,*,#2292,.F.);
#2958=ORIENTED_EDGE('',*,*,#2293,.F.);
#2959=ORIENTED_EDGE('',*,*,#2294,.F.);
#2960=ORIENTED_EDGE('',*,*,#2295,.F.);
#2961=ORIENTED_EDGE('',*,*,#2296,.F.);
#2962=ORIENTED_EDGE('',*,*,#2297,.F.);
#2963=ORIENTED_EDGE('',*,*,#2298,.F.);
#2964=ORIENTED_EDGE('',*,*,#2299,.F.);
#2965=ORIENTED_EDGE('',*,*,#2300,.F.);
#2966=ORIENTED_EDGE('',*,*,#2301,.F.);
#2967=ORIENTED_EDGE('',*,*,#2302,.F.);
#2968=ORIENTED_EDGE('',*,*,#2303,.F.);
#2969=ORIENTED_EDGE('',*,*,#2304,.F.);
#2970=ORIENTED_EDGE('',*,*,#2305,.F.);
#2971=ORIENTED_EDGE('',*,*,#2306,.F.);
#2972=ORIENTED_EDGE('',*,*,#2307,.F.);
#2973=ORIENTED_EDGE('',*,*,#2308,.F.);
#2974=ORIENTED_EDGE('',*,*,#2309,.F.);
#2975=ORIENTED_EDGE('',*,*,#2310,.F.);
#2976=ORIENTED_EDGE('',*,*,#2311,.F.);
#2977=ORIENTED_EDGE('',*,*,#2312,.F.);
#2978=ORIENTED_EDGE('',*,*,#2313,.F.);
#2979=ORIENTED_EDGE('',*,*,#2314,.F.);
#2980=ORIENTED_EDGE('',*,*,#2315,.F.);
#2981=ORIENTED_EDGE('',*,*,#2316,.F.);
#2982=ORIENTED_EDGE('',*,*,#2317,.F.);
#2983=ORIENTED_EDGE('',*,*,#2318,.F.);
#2984=ORIENTED_EDGE('',*,*,#2319,.F.);
#2985=ORIENTED_EDGE('',*,*,#2320,.F.);
#2986=ORIENTED_EDGE('',*,*,#2321,.F.);
#2987=ORIENTED_EDGE('',*,*,#2322,.F.);
#2988=ORIENTED_EDGE('',*,*,#2323,.F.);
#2989=ORIENTED_EDGE('',*,*,#2324,.F.);
#2990=ORIENTED_EDGE('',*,*,#2325,.F.);
#2991=ORIENTED_EDGE('',*,*,#2326,.F.);
#2992=ORIENTED_EDGE('',*,*,#2327,.F.);
#2993=ORIENTED_EDGE('',*,*,#2328,.F.);
#2994=ORIENTED_EDGE('',*,*,#2329,.F.);
#2995=ORIENTED_EDGE('',*,*,#2330,.F.);
#2996=ORIENTED_EDGE('',*,*,#2331,.F.);
#2997=ORIENTED_EDGE('',*,*,#2332,.F.);
#2998=ORIENTED_EDGE('',*,*,#2333,.F.);
#2999=ORIENTED_EDGE('',*,*,#2334,.F.);
#3000=ORIENTED_EDGE('',*,*,#2335,.F.);
#3001=ORIENTED_EDGE('',*,*,#2336,.F.);
#3002=ORIENTED_EDGE('',*,*,#2337,.F.);
#3003=ORIENTED_EDGE('',*,*,#2338,.F.);
#3004=ORIENTED_EDGE('',*,*,#2339,.F.);
#3005=ORIENTED_EDGE('',*,*,#2340,.F.);
#3006=ORIENTED_EDGE('',*,*,#2341,.F.);
#3007=ORIENTED_EDGE('',*,*,#2342,.F.);
#3008=ORIENTED_EDGE('',*,*,#2343,.F.);
#3009=ORIENTED_EDGE('',*,*,#2344,.F.);
#3010=ORIENTED_EDGE('',*,*,#2268,.F.);
#3011=ORIENTED_EDGE('',*,*,#2272,.F.);
#3012=ORIENTED_EDGE('',*,*,#2345,.F.);
#3013=ORIENTED_EDGE('',*,*,#2346,.F.);
#3014=ORIENTED_EDGE('',*,*,#2347,.F.);
#3015=ORIENTED_EDGE('',*,*,#2348,.F.);
#3016=ORIENTED_EDGE('',*,*,#2349,.F.);
#3017=ORIENTED_EDGE('',*,*,#2274,.F.);
#3018=ORIENTED_EDGE('',*,*,#2350,.T.);
#3019=ORIENTED_EDGE('',*,*,#2351,.T.);
#3020=ORIENTED_EDGE('',*,*,#2352,.T.);
#3021=ORIENTED_EDGE('',*,*,#2353,.T.);
#3022=ORIENTED_EDGE('',*,*,#2354,.T.);
#3023=ORIENTED_EDGE('',*,*,#2355,.T.);
#3024=ORIENTED_EDGE('',*,*,#2356,.T.);
#3025=ORIENTED_EDGE('',*,*,#2357,.T.);
#3026=ORIENTED_EDGE('',*,*,#2358,.T.);
#3027=ORIENTED_EDGE('',*,*,#2359,.T.);
#3028=ORIENTED_EDGE('',*,*,#2360,.T.);
#3029=ORIENTED_EDGE('',*,*,#2361,.T.);
#3030=ORIENTED_EDGE('',*,*,#2362,.T.);
#3031=ORIENTED_EDGE('',*,*,#2363,.T.);
#3032=ORIENTED_EDGE('',*,*,#2364,.T.);
#3033=ORIENTED_EDGE('',*,*,#2365,.T.);
#3034=ORIENTED_EDGE('',*,*,#2366,.T.);
#3035=ORIENTED_EDGE('',*,*,#2367,.T.);
#3036=ORIENTED_EDGE('',*,*,#2368,.T.);
#3037=ORIENTED_EDGE('',*,*,#2369,.T.);
#3038=ORIENTED_EDGE('',*,*,#2370,.T.);
#3039=ORIENTED_EDGE('',*,*,#2371,.T.);
#3040=ORIENTED_EDGE('',*,*,#2372,.T.);
#3041=ORIENTED_EDGE('',*,*,#2373,.T.);
#3042=ORIENTED_EDGE('',*,*,#2374,.T.);
#3043=ORIENTED_EDGE('',*,*,#2375,.T.);
#3044=ORIENTED_EDGE('',*,*,#2376,.T.);
#3045=ORIENTED_EDGE('',*,*,#2377,.T.);
#3046=ORIENTED_EDGE('',*,*,#2378,.T.);
#3047=ORIENTED_EDGE('',*,*,#2379,.T.);
#3048=ORIENTED_EDGE('',*,*,#2380,.T.);
#3049=ORIENTED_EDGE('',*,*,#2381,.T.);
#3050=ORIENTED_EDGE('',*,*,#2382,.T.);
#3051=ORIENTED_EDGE('',*,*,#2383,.T.);
#3052=ORIENTED_EDGE('',*,*,#2384,.T.);
#3053=ORIENTED_EDGE('',*,*,#2385,.T.);
#3054=ORIENTED_EDGE('',*,*,#2386,.T.);
#3055=ORIENTED_EDGE('',*,*,#2387,.T.);
#3056=ORIENTED_EDGE('',*,*,#2388,.T.);
#3057=ORIENTED_EDGE('',*,*,#2389,.T.);
#3058=ORIENTED_EDGE('',*,*,#2390,.T.);
#3059=ORIENTED_EDGE('',*,*,#2391,.T.);
#3060=ORIENTED_EDGE('',*,*,#2392,.T.);
#3061=ORIENTED_EDGE('',*,*,#2393,.T.);
#3062=ORIENTED_EDGE('',*,*,#2394,.T.);
#3063=ORIENTED_EDGE('',*,*,#2395,.T.);
#3064=ORIENTED_EDGE('',*,*,#2396,.T.);
#3065=ORIENTED_EDGE('',*,*,#2397,.T.);
#3066=ORIENTED_EDGE('',*,*,#2398,.T.);
#3067=ORIENTED_EDGE('',*,*,#2399,.T.);
#3068=ORIENTED_EDGE('',*,*,#2400,.T.);
#3069=ORIENTED_EDGE('',*,*,#2401,.T.);
#3070=ORIENTED_EDGE('',*,*,#2402,.T.);
#3071=ORIENTED_EDGE('',*,*,#2403,.T.);
#3072=ORIENTED_EDGE('',*,*,#2404,.T.);
#3073=ORIENTED_EDGE('',*,*,#2405,.T.);
#3074=ORIENTED_EDGE('',*,*,#2406,.T.);
#3075=ORIENTED_EDGE('',*,*,#2407,.T.);
#3076=ORIENTED_EDGE('',*,*,#2408,.T.);
#3077=ORIENTED_EDGE('',*,*,#2409,.T.);
#3078=ORIENTED_EDGE('',*,*,#2410,.T.);
#3079=ORIENTED_EDGE('',*,*,#2411,.T.);
#3080=ORIENTED_EDGE('',*,*,#2412,.T.);
#3081=ORIENTED_EDGE('',*,*,#2413,.T.);
#3082=ORIENTED_EDGE('',*,*,#2345,.T.);
#3083=ORIENTED_EDGE('',*,*,#2271,.F.);
#3084=ORIENTED_EDGE('',*,*,#2281,.F.);
#3085=ORIENTED_EDGE('',*,*,#2275,.T.);
#3086=ORIENTED_EDGE('',*,*,#2349,.T.);
#3087=ORIENTED_EDGE('',*,*,#2414,.F.);
#3088=ORIENTED_EDGE('',*,*,#2277,.F.);
#3089=ORIENTED_EDGE('',*,*,#2415,.T.);
#3090=ORIENTED_EDGE('',*,*,#2346,.T.);
#3091=ORIENTED_EDGE('',*,*,#2413,.F.);
#3092=ORIENTED_EDGE('',*,*,#2280,.F.);
#3093=ORIENTED_EDGE('',*,*,#2414,.T.);
#3094=ORIENTED_EDGE('',*,*,#2348,.T.);
#3095=ORIENTED_EDGE('',*,*,#2416,.F.);
#3096=ORIENTED_EDGE('',*,*,#2278,.F.);
#3097=ORIENTED_EDGE('',*,*,#2416,.T.);
#3098=ORIENTED_EDGE('',*,*,#2347,.T.);
#3099=ORIENTED_EDGE('',*,*,#2415,.F.);
#3100=ORIENTED_EDGE('',*,*,#2279,.F.);
#3101=ORIENTED_EDGE('',*,*,#2350,.F.);
#3102=ORIENTED_EDGE('',*,*,#2417,.T.);
#3103=ORIENTED_EDGE('',*,*,#2282,.T.);
#3104=ORIENTED_EDGE('',*,*,#2417,.F.);
#3105=ORIENTED_EDGE('',*,*,#2351,.F.);
#3106=ORIENTED_EDGE('',*,*,#2418,.T.);
#3107=ORIENTED_EDGE('',*,*,#2283,.T.);
#3108=ORIENTED_EDGE('',*,*,#2418,.F.);
#3109=ORIENTED_EDGE('',*,*,#2352,.F.);
#3110=ORIENTED_EDGE('',*,*,#2419,.T.);
#3111=ORIENTED_EDGE('',*,*,#2284,.T.);
#3112=ORIENTED_EDGE('',*,*,#2419,.F.);
#3113=ORIENTED_EDGE('',*,*,#2353,.F.);
#3114=ORIENTED_EDGE('',*,*,#2420,.T.);
#3115=ORIENTED_EDGE('',*,*,#2285,.T.);
#3116=ORIENTED_EDGE('',*,*,#2420,.F.);
#3117=ORIENTED_EDGE('',*,*,#2354,.F.);
#3118=ORIENTED_EDGE('',*,*,#2421,.T.);
#3119=ORIENTED_EDGE('',*,*,#2286,.T.);
#3120=ORIENTED_EDGE('',*,*,#2421,.F.);
#3121=ORIENTED_EDGE('',*,*,#2355,.F.);
#3122=ORIENTED_EDGE('',*,*,#2422,.T.);
#3123=ORIENTED_EDGE('',*,*,#2287,.T.);
#3124=ORIENTED_EDGE('',*,*,#2422,.F.);
#3125=ORIENTED_EDGE('',*,*,#2356,.F.);
#3126=ORIENTED_EDGE('',*,*,#2423,.T.);
#3127=ORIENTED_EDGE('',*,*,#2288,.T.);
#3128=ORIENTED_EDGE('',*,*,#2423,.F.);
#3129=ORIENTED_EDGE('',*,*,#2357,.F.);
#3130=ORIENTED_EDGE('',*,*,#2424,.T.);
#3131=ORIENTED_EDGE('',*,*,#2289,.T.);
#3132=ORIENTED_EDGE('',*,*,#2424,.F.);
#3133=ORIENTED_EDGE('',*,*,#2358,.F.);
#3134=ORIENTED_EDGE('',*,*,#2425,.T.);
#3135=ORIENTED_EDGE('',*,*,#2290,.T.);
#3136=ORIENTED_EDGE('',*,*,#2425,.F.);
#3137=ORIENTED_EDGE('',*,*,#2359,.F.);
#3138=ORIENTED_EDGE('',*,*,#2426,.T.);
#3139=ORIENTED_EDGE('',*,*,#2291,.T.);
#3140=ORIENTED_EDGE('',*,*,#2426,.F.);
#3141=ORIENTED_EDGE('',*,*,#2360,.F.);
#3142=ORIENTED_EDGE('',*,*,#2427,.T.);
#3143=ORIENTED_EDGE('',*,*,#2292,.T.);
#3144=ORIENTED_EDGE('',*,*,#2427,.F.);
#3145=ORIENTED_EDGE('',*,*,#2361,.F.);
#3146=ORIENTED_EDGE('',*,*,#2428,.T.);
#3147=ORIENTED_EDGE('',*,*,#2293,.T.);
#3148=ORIENTED_EDGE('',*,*,#2428,.F.);
#3149=ORIENTED_EDGE('',*,*,#2362,.F.);
#3150=ORIENTED_EDGE('',*,*,#2429,.T.);
#3151=ORIENTED_EDGE('',*,*,#2294,.T.);
#3152=ORIENTED_EDGE('',*,*,#2429,.F.);
#3153=ORIENTED_EDGE('',*,*,#2363,.F.);
#3154=ORIENTED_EDGE('',*,*,#2430,.T.);
#3155=ORIENTED_EDGE('',*,*,#2295,.T.);
#3156=ORIENTED_EDGE('',*,*,#2430,.F.);
#3157=ORIENTED_EDGE('',*,*,#2364,.F.);
#3158=ORIENTED_EDGE('',*,*,#2431,.T.);
#3159=ORIENTED_EDGE('',*,*,#2296,.T.);
#3160=ORIENTED_EDGE('',*,*,#2431,.F.);
#3161=ORIENTED_EDGE('',*,*,#2365,.F.);
#3162=ORIENTED_EDGE('',*,*,#2432,.T.);
#3163=ORIENTED_EDGE('',*,*,#2297,.T.);
#3164=ORIENTED_EDGE('',*,*,#2432,.F.);
#3165=ORIENTED_EDGE('',*,*,#2366,.F.);
#3166=ORIENTED_EDGE('',*,*,#2433,.T.);
#3167=ORIENTED_EDGE('',*,*,#2298,.T.);
#3168=ORIENTED_EDGE('',*,*,#2433,.F.);
#3169=ORIENTED_EDGE('',*,*,#2367,.F.);
#3170=ORIENTED_EDGE('',*,*,#2434,.T.);
#3171=ORIENTED_EDGE('',*,*,#2299,.T.);
#3172=ORIENTED_EDGE('',*,*,#2434,.F.);
#3173=ORIENTED_EDGE('',*,*,#2368,.F.);
#3174=ORIENTED_EDGE('',*,*,#2435,.T.);
#3175=ORIENTED_EDGE('',*,*,#2300,.T.);
#3176=ORIENTED_EDGE('',*,*,#2435,.F.);
#3177=ORIENTED_EDGE('',*,*,#2369,.F.);
#3178=ORIENTED_EDGE('',*,*,#2436,.T.);
#3179=ORIENTED_EDGE('',*,*,#2301,.T.);
#3180=ORIENTED_EDGE('',*,*,#2436,.F.);
#3181=ORIENTED_EDGE('',*,*,#2370,.F.);
#3182=ORIENTED_EDGE('',*,*,#2437,.T.);
#3183=ORIENTED_EDGE('',*,*,#2302,.T.);
#3184=ORIENTED_EDGE('',*,*,#2437,.F.);
#3185=ORIENTED_EDGE('',*,*,#2371,.F.);
#3186=ORIENTED_EDGE('',*,*,#2438,.T.);
#3187=ORIENTED_EDGE('',*,*,#2303,.T.);
#3188=ORIENTED_EDGE('',*,*,#2438,.F.);
#3189=ORIENTED_EDGE('',*,*,#2372,.F.);
#3190=ORIENTED_EDGE('',*,*,#2439,.T.);
#3191=ORIENTED_EDGE('',*,*,#2304,.T.);
#3192=ORIENTED_EDGE('',*,*,#2439,.F.);
#3193=ORIENTED_EDGE('',*,*,#2373,.F.);
#3194=ORIENTED_EDGE('',*,*,#2440,.T.);
#3195=ORIENTED_EDGE('',*,*,#2305,.T.);
#3196=ORIENTED_EDGE('',*,*,#2440,.F.);
#3197=ORIENTED_EDGE('',*,*,#2374,.F.);
#3198=ORIENTED_EDGE('',*,*,#2441,.T.);
#3199=ORIENTED_EDGE('',*,*,#2306,.T.);
#3200=ORIENTED_EDGE('',*,*,#2441,.F.);
#3201=ORIENTED_EDGE('',*,*,#2375,.F.);
#3202=ORIENTED_EDGE('',*,*,#2442,.T.);
#3203=ORIENTED_EDGE('',*,*,#2307,.T.);
#3204=ORIENTED_EDGE('',*,*,#2442,.F.);
#3205=ORIENTED_EDGE('',*,*,#2376,.F.);
#3206=ORIENTED_EDGE('',*,*,#2443,.T.);
#3207=ORIENTED_EDGE('',*,*,#2308,.T.);
#3208=ORIENTED_EDGE('',*,*,#2443,.F.);
#3209=ORIENTED_EDGE('',*,*,#2377,.F.);
#3210=ORIENTED_EDGE('',*,*,#2444,.T.);
#3211=ORIENTED_EDGE('',*,*,#2309,.T.);
#3212=ORIENTED_EDGE('',*,*,#2444,.F.);
#3213=ORIENTED_EDGE('',*,*,#2378,.F.);
#3214=ORIENTED_EDGE('',*,*,#2445,.T.);
#3215=ORIENTED_EDGE('',*,*,#2310,.T.);
#3216=ORIENTED_EDGE('',*,*,#2445,.F.);
#3217=ORIENTED_EDGE('',*,*,#2379,.F.);
#3218=ORIENTED_EDGE('',*,*,#2446,.T.);
#3219=ORIENTED_EDGE('',*,*,#2311,.T.);
#3220=ORIENTED_EDGE('',*,*,#2446,.F.);
#3221=ORIENTED_EDGE('',*,*,#2380,.F.);
#3222=ORIENTED_EDGE('',*,*,#2447,.T.);
#3223=ORIENTED_EDGE('',*,*,#2312,.T.);
#3224=ORIENTED_EDGE('',*,*,#2447,.F.);
#3225=ORIENTED_EDGE('',*,*,#2381,.F.);
#3226=ORIENTED_EDGE('',*,*,#2448,.T.);
#3227=ORIENTED_EDGE('',*,*,#2313,.T.);
#3228=ORIENTED_EDGE('',*,*,#2448,.F.);
#3229=ORIENTED_EDGE('',*,*,#2382,.F.);
#3230=ORIENTED_EDGE('',*,*,#2449,.T.);
#3231=ORIENTED_EDGE('',*,*,#2314,.T.);
#3232=ORIENTED_EDGE('',*,*,#2449,.F.);
#3233=ORIENTED_EDGE('',*,*,#2383,.F.);
#3234=ORIENTED_EDGE('',*,*,#2450,.T.);
#3235=ORIENTED_EDGE('',*,*,#2315,.T.);
#3236=ORIENTED_EDGE('',*,*,#2450,.F.);
#3237=ORIENTED_EDGE('',*,*,#2384,.F.);
#3238=ORIENTED_EDGE('',*,*,#2451,.T.);
#3239=ORIENTED_EDGE('',*,*,#2316,.T.);
#3240=ORIENTED_EDGE('',*,*,#2451,.F.);
#3241=ORIENTED_EDGE('',*,*,#2385,.F.);
#3242=ORIENTED_EDGE('',*,*,#2452,.T.);
#3243=ORIENTED_EDGE('',*,*,#2317,.T.);
#3244=ORIENTED_EDGE('',*,*,#2452,.F.);
#3245=ORIENTED_EDGE('',*,*,#2386,.F.);
#3246=ORIENTED_EDGE('',*,*,#2453,.T.);
#3247=ORIENTED_EDGE('',*,*,#2318,.T.);
#3248=ORIENTED_EDGE('',*,*,#2453,.F.);
#3249=ORIENTED_EDGE('',*,*,#2387,.F.);
#3250=ORIENTED_EDGE('',*,*,#2454,.T.);
#3251=ORIENTED_EDGE('',*,*,#2319,.T.);
#3252=ORIENTED_EDGE('',*,*,#2454,.F.);
#3253=ORIENTED_EDGE('',*,*,#2388,.F.);
#3254=ORIENTED_EDGE('',*,*,#2455,.T.);
#3255=ORIENTED_EDGE('',*,*,#2320,.T.);
#3256=ORIENTED_EDGE('',*,*,#2455,.F.);
#3257=ORIENTED_EDGE('',*,*,#2389,.F.);
#3258=ORIENTED_EDGE('',*,*,#2456,.T.);
#3259=ORIENTED_EDGE('',*,*,#2321,.T.);
#3260=ORIENTED_EDGE('',*,*,#2456,.F.);
#3261=ORIENTED_EDGE('',*,*,#2390,.F.);
#3262=ORIENTED_EDGE('',*,*,#2457,.T.);
#3263=ORIENTED_EDGE('',*,*,#2322,.T.);
#3264=ORIENTED_EDGE('',*,*,#2457,.F.);
#3265=ORIENTED_EDGE('',*,*,#2391,.F.);
#3266=ORIENTED_EDGE('',*,*,#2458,.T.);
#3267=ORIENTED_EDGE('',*,*,#2323,.T.);
#3268=ORIENTED_EDGE('',*,*,#2458,.F.);
#3269=ORIENTED_EDGE('',*,*,#2392,.F.);
#3270=ORIENTED_EDGE('',*,*,#2459,.T.);
#3271=ORIENTED_EDGE('',*,*,#2324,.T.);
#3272=ORIENTED_EDGE('',*,*,#2459,.F.);
#3273=ORIENTED_EDGE('',*,*,#2393,.F.);
#3274=ORIENTED_EDGE('',*,*,#2460,.T.);
#3275=ORIENTED_EDGE('',*,*,#2325,.T.);
#3276=ORIENTED_EDGE('',*,*,#2460,.F.);
#3277=ORIENTED_EDGE('',*,*,#2394,.F.);
#3278=ORIENTED_EDGE('',*,*,#2461,.T.);
#3279=ORIENTED_EDGE('',*,*,#2326,.T.);
#3280=ORIENTED_EDGE('',*,*,#2461,.F.);
#3281=ORIENTED_EDGE('',*,*,#2395,.F.);
#3282=ORIENTED_EDGE('',*,*,#2462,.T.);
#3283=ORIENTED_EDGE('',*,*,#2327,.T.);
#3284=ORIENTED_EDGE('',*,*,#2462,.F.);
#3285=ORIENTED_EDGE('',*,*,#2396,.F.);
#3286=ORIENTED_EDGE('',*,*,#2463,.T.);
#3287=ORIENTED_EDGE('',*,*,#2328,.T.);
#3288=ORIENTED_EDGE('',*,*,#2463,.F.);
#3289=ORIENTED_EDGE('',*,*,#2397,.F.);
#3290=ORIENTED_EDGE('',*,*,#2464,.T.);
#3291=ORIENTED_EDGE('',*,*,#2329,.T.);
#3292=ORIENTED_EDGE('',*,*,#2464,.F.);
#3293=ORIENTED_EDGE('',*,*,#2398,.F.);
#3294=ORIENTED_EDGE('',*,*,#2465,.T.);
#3295=ORIENTED_EDGE('',*,*,#2330,.T.);
#3296=ORIENTED_EDGE('',*,*,#2465,.F.);
#3297=ORIENTED_EDGE('',*,*,#2399,.F.);
#3298=ORIENTED_EDGE('',*,*,#2466,.T.);
#3299=ORIENTED_EDGE('',*,*,#2331,.T.);
#3300=ORIENTED_EDGE('',*,*,#2466,.F.);
#3301=ORIENTED_EDGE('',*,*,#2400,.F.);
#3302=ORIENTED_EDGE('',*,*,#2467,.T.);
#3303=ORIENTED_EDGE('',*,*,#2332,.T.);
#3304=ORIENTED_EDGE('',*,*,#2467,.F.);
#3305=ORIENTED_EDGE('',*,*,#2401,.F.);
#3306=ORIENTED_EDGE('',*,*,#2468,.T.);
#3307=ORIENTED_EDGE('',*,*,#2333,.T.);
#3308=ORIENTED_EDGE('',*,*,#2468,.F.);
#3309=ORIENTED_EDGE('',*,*,#2402,.F.);
#3310=ORIENTED_EDGE('',*,*,#2469,.T.);
#3311=ORIENTED_EDGE('',*,*,#2334,.T.);
#3312=ORIENTED_EDGE('',*,*,#2469,.F.);
#3313=ORIENTED_EDGE('',*,*,#2403,.F.);
#3314=ORIENTED_EDGE('',*,*,#2470,.T.);
#3315=ORIENTED_EDGE('',*,*,#2335,.T.);
#3316=ORIENTED_EDGE('',*,*,#2470,.F.);
#3317=ORIENTED_EDGE('',*,*,#2404,.F.);
#3318=ORIENTED_EDGE('',*,*,#2471,.T.);
#3319=ORIENTED_EDGE('',*,*,#2336,.T.);
#3320=ORIENTED_EDGE('',*,*,#2471,.F.);
#3321=ORIENTED_EDGE('',*,*,#2405,.F.);
#3322=ORIENTED_EDGE('',*,*,#2472,.T.);
#3323=ORIENTED_EDGE('',*,*,#2337,.T.);
#3324=ORIENTED_EDGE('',*,*,#2472,.F.);
#3325=ORIENTED_EDGE('',*,*,#2406,.F.);
#3326=ORIENTED_EDGE('',*,*,#2473,.T.);
#3327=ORIENTED_EDGE('',*,*,#2338,.T.);
#3328=ORIENTED_EDGE('',*,*,#2473,.F.);
#3329=ORIENTED_EDGE('',*,*,#2407,.F.);
#3330=ORIENTED_EDGE('',*,*,#2474,.T.);
#3331=ORIENTED_EDGE('',*,*,#2339,.T.);
#3332=ORIENTED_EDGE('',*,*,#2474,.F.);
#3333=ORIENTED_EDGE('',*,*,#2408,.F.);
#3334=ORIENTED_EDGE('',*,*,#2475,.T.);
#3335=ORIENTED_EDGE('',*,*,#2340,.T.);
#3336=ORIENTED_EDGE('',*,*,#2475,.F.);
#3337=ORIENTED_EDGE('',*,*,#2409,.F.);
#3338=ORIENTED_EDGE('',*,*,#2476,.T.);
#3339=ORIENTED_EDGE('',*,*,#2341,.T.);
#3340=ORIENTED_EDGE('',*,*,#2476,.F.);
#3341=ORIENTED_EDGE('',*,*,#2410,.F.);
#3342=ORIENTED_EDGE('',*,*,#2477,.T.);
#3343=ORIENTED_EDGE('',*,*,#2342,.T.);
#3344=ORIENTED_EDGE('',*,*,#2477,.F.);
#3345=ORIENTED_EDGE('',*,*,#2411,.F.);
#3346=ORIENTED_EDGE('',*,*,#2478,.T.);
#3347=ORIENTED_EDGE('',*,*,#2343,.T.);
#3348=ORIENTED_EDGE('',*,*,#2478,.F.);
#3349=ORIENTED_EDGE('',*,*,#2412,.F.);
#3350=ORIENTED_EDGE('',*,*,#2479,.T.);
#3351=ORIENTED_EDGE('',*,*,#2344,.T.);
#3352=ORIENTED_EDGE('',*,*,#2479,.F.);
#3353=ORIENTED_EDGE('',*,*,#2480,.T.);
#3354=ORIENTED_EDGE('',*,*,#2481,.T.);
#3355=ORIENTED_EDGE('',*,*,#2482,.T.);
#3356=ORIENTED_EDGE('',*,*,#2483,.T.);
#3357=ORIENTED_EDGE('',*,*,#2483,.F.);
#3358=ORIENTED_EDGE('',*,*,#2484,.T.);
#3359=ORIENTED_EDGE('',*,*,#2485,.F.);
#3360=ORIENTED_EDGE('',*,*,#2486,.F.);
#3361=ORIENTED_EDGE('',*,*,#2482,.F.);
#3362=ORIENTED_EDGE('',*,*,#2487,.F.);
#3363=ORIENTED_EDGE('',*,*,#2488,.F.);
#3364=ORIENTED_EDGE('',*,*,#2489,.F.);
#3365=ORIENTED_EDGE('',*,*,#2490,.F.);
#3366=ORIENTED_EDGE('',*,*,#2491,.F.);
#3367=ORIENTED_EDGE('',*,*,#2492,.F.);
#3368=ORIENTED_EDGE('',*,*,#2484,.F.);
#3369=ORIENTED_EDGE('',*,*,#2493,.T.);
#3370=ORIENTED_EDGE('',*,*,#2494,.F.);
#3371=ORIENTED_EDGE('',*,*,#2495,.T.);
#3372=ORIENTED_EDGE('',*,*,#2496,.F.);
#3373=ORIENTED_EDGE('',*,*,#2497,.T.);
#3374=ORIENTED_EDGE('',*,*,#2498,.F.);
#3375=ORIENTED_EDGE('',*,*,#2499,.T.);
#3376=ORIENTED_EDGE('',*,*,#2500,.T.);
#3377=ORIENTED_EDGE('',*,*,#2501,.T.);
#3378=ORIENTED_EDGE('',*,*,#2502,.F.);
#3379=ORIENTED_EDGE('',*,*,#2503,.T.);
#3380=ORIENTED_EDGE('',*,*,#2504,.F.);
#3381=ORIENTED_EDGE('',*,*,#2505,.T.);
#3382=ORIENTED_EDGE('',*,*,#2506,.F.);
#3383=ORIENTED_EDGE('',*,*,#2507,.T.);
#3384=ORIENTED_EDGE('',*,*,#2508,.F.);
#3385=ORIENTED_EDGE('',*,*,#2509,.F.);
#3386=ORIENTED_EDGE('',*,*,#2510,.F.);
#3387=ORIENTED_EDGE('',*,*,#2511,.F.);
#3388=ORIENTED_EDGE('',*,*,#2512,.F.);
#3389=ORIENTED_EDGE('',*,*,#2513,.F.);
#3390=ORIENTED_EDGE('',*,*,#2514,.F.);
#3391=ORIENTED_EDGE('',*,*,#2515,.F.);
#3392=ORIENTED_EDGE('',*,*,#2516,.F.);
#3393=ORIENTED_EDGE('',*,*,#2517,.F.);
#3394=ORIENTED_EDGE('',*,*,#2518,.F.);
#3395=ORIENTED_EDGE('',*,*,#2519,.F.);
#3396=ORIENTED_EDGE('',*,*,#2520,.F.);
#3397=ORIENTED_EDGE('',*,*,#2521,.F.);
#3398=ORIENTED_EDGE('',*,*,#2522,.F.);
#3399=ORIENTED_EDGE('',*,*,#2523,.F.);
#3400=ORIENTED_EDGE('',*,*,#2524,.F.);
#3401=ORIENTED_EDGE('',*,*,#2525,.F.);
#3402=ORIENTED_EDGE('',*,*,#2526,.F.);
#3403=ORIENTED_EDGE('',*,*,#2527,.F.);
#3404=ORIENTED_EDGE('',*,*,#2528,.F.);
#3405=ORIENTED_EDGE('',*,*,#2529,.F.);
#3406=ORIENTED_EDGE('',*,*,#2530,.F.);
#3407=ORIENTED_EDGE('',*,*,#2531,.F.);
#3408=ORIENTED_EDGE('',*,*,#2532,.F.);
#3409=ORIENTED_EDGE('',*,*,#2533,.F.);
#3410=ORIENTED_EDGE('',*,*,#2534,.F.);
#3411=ORIENTED_EDGE('',*,*,#2535,.F.);
#3412=ORIENTED_EDGE('',*,*,#2536,.F.);
#3413=ORIENTED_EDGE('',*,*,#2537,.F.);
#3414=ORIENTED_EDGE('',*,*,#2538,.F.);
#3415=ORIENTED_EDGE('',*,*,#2539,.F.);
#3416=ORIENTED_EDGE('',*,*,#2540,.F.);
#3417=ORIENTED_EDGE('',*,*,#2541,.F.);
#3418=ORIENTED_EDGE('',*,*,#2542,.F.);
#3419=ORIENTED_EDGE('',*,*,#2543,.F.);
#3420=ORIENTED_EDGE('',*,*,#2544,.F.);
#3421=ORIENTED_EDGE('',*,*,#2545,.F.);
#3422=ORIENTED_EDGE('',*,*,#2546,.F.);
#3423=ORIENTED_EDGE('',*,*,#2547,.F.);
#3424=ORIENTED_EDGE('',*,*,#2548,.F.);
#3425=ORIENTED_EDGE('',*,*,#2549,.F.);
#3426=ORIENTED_EDGE('',*,*,#2550,.F.);
#3427=ORIENTED_EDGE('',*,*,#2551,.F.);
#3428=ORIENTED_EDGE('',*,*,#2552,.F.);
#3429=ORIENTED_EDGE('',*,*,#2553,.F.);
#3430=ORIENTED_EDGE('',*,*,#2554,.F.);
#3431=ORIENTED_EDGE('',*,*,#2555,.F.);
#3432=ORIENTED_EDGE('',*,*,#2556,.F.);
#3433=ORIENTED_EDGE('',*,*,#2557,.F.);
#3434=ORIENTED_EDGE('',*,*,#2558,.F.);
#3435=ORIENTED_EDGE('',*,*,#2559,.F.);
#3436=ORIENTED_EDGE('',*,*,#2560,.F.);
#3437=ORIENTED_EDGE('',*,*,#2561,.F.);
#3438=ORIENTED_EDGE('',*,*,#2562,.F.);
#3439=ORIENTED_EDGE('',*,*,#2563,.F.);
#3440=ORIENTED_EDGE('',*,*,#2564,.F.);
#3441=ORIENTED_EDGE('',*,*,#2565,.F.);
#3442=ORIENTED_EDGE('',*,*,#2566,.F.);
#3443=ORIENTED_EDGE('',*,*,#2567,.F.);
#3444=ORIENTED_EDGE('',*,*,#2568,.F.);
#3445=ORIENTED_EDGE('',*,*,#2569,.F.);
#3446=ORIENTED_EDGE('',*,*,#2570,.F.);
#3447=ORIENTED_EDGE('',*,*,#2571,.F.);
#3448=ORIENTED_EDGE('',*,*,#2572,.F.);
#3449=ORIENTED_EDGE('',*,*,#2573,.F.);
#3450=ORIENTED_EDGE('',*,*,#2574,.F.);
#3451=ORIENTED_EDGE('',*,*,#2575,.F.);
#3452=ORIENTED_EDGE('',*,*,#2576,.F.);
#3453=ORIENTED_EDGE('',*,*,#2577,.F.);
#3454=ORIENTED_EDGE('',*,*,#2578,.F.);
#3455=ORIENTED_EDGE('',*,*,#2579,.F.);
#3456=ORIENTED_EDGE('',*,*,#2580,.F.);
#3457=ORIENTED_EDGE('',*,*,#2581,.F.);
#3458=ORIENTED_EDGE('',*,*,#2582,.F.);
#3459=ORIENTED_EDGE('',*,*,#2583,.F.);
#3460=ORIENTED_EDGE('',*,*,#2584,.F.);
#3461=ORIENTED_EDGE('',*,*,#2585,.F.);
#3462=ORIENTED_EDGE('',*,*,#2586,.T.);
#3463=ORIENTED_EDGE('',*,*,#2587,.T.);
#3464=ORIENTED_EDGE('',*,*,#2488,.T.);
#3465=ORIENTED_EDGE('',*,*,#2588,.T.);
#3466=ORIENTED_EDGE('',*,*,#2587,.F.);
#3467=ORIENTED_EDGE('',*,*,#2589,.F.);
#3468=ORIENTED_EDGE('',*,*,#2590,.F.);
#3469=ORIENTED_EDGE('',*,*,#2489,.T.);
#3470=ORIENTED_EDGE('',*,*,#2591,.T.);
#3471=ORIENTED_EDGE('',*,*,#2592,.T.);
#3472=ORIENTED_EDGE('',*,*,#2490,.T.);
#3473=ORIENTED_EDGE('',*,*,#2590,.T.);
#3474=ORIENTED_EDGE('',*,*,#2593,.T.);
#3475=ORIENTED_EDGE('',*,*,#2485,.T.);
#3476=ORIENTED_EDGE('',*,*,#2492,.T.);
#3477=ORIENTED_EDGE('',*,*,#2594,.T.);
#3478=ORIENTED_EDGE('',*,*,#2500,.F.);
#3479=ORIENTED_EDGE('',*,*,#2595,.T.);
#3480=ORIENTED_EDGE('',*,*,#2596,.T.);
#3481=ORIENTED_EDGE('',*,*,#2597,.T.);
#3482=ORIENTED_EDGE('',*,*,#2597,.F.);
#3483=ORIENTED_EDGE('',*,*,#2598,.F.);
#3484=ORIENTED_EDGE('',*,*,#2599,.F.);
#3485=ORIENTED_EDGE('',*,*,#2493,.F.);
#3486=ORIENTED_EDGE('',*,*,#2498,.T.);
#3487=ORIENTED_EDGE('',*,*,#2600,.T.);
#3488=ORIENTED_EDGE('',*,*,#2601,.T.);
#3489=ORIENTED_EDGE('',*,*,#2602,.T.);
#3490=ORIENTED_EDGE('',*,*,#2600,.F.);
#3491=ORIENTED_EDGE('',*,*,#2497,.F.);
#3492=ORIENTED_EDGE('',*,*,#2603,.F.);
#3493=ORIENTED_EDGE('',*,*,#2604,.F.);
#3494=ORIENTED_EDGE('',*,*,#2496,.T.);
#3495=ORIENTED_EDGE('',*,*,#2605,.T.);
#3496=ORIENTED_EDGE('',*,*,#2606,.T.);
#3497=ORIENTED_EDGE('',*,*,#2603,.T.);
#3498=ORIENTED_EDGE('',*,*,#2605,.F.);
#3499=ORIENTED_EDGE('',*,*,#2495,.F.);
#3500=ORIENTED_EDGE('',*,*,#2607,.F.);
#3501=ORIENTED_EDGE('',*,*,#2608,.F.);
#3502=ORIENTED_EDGE('',*,*,#2494,.T.);
#3503=ORIENTED_EDGE('',*,*,#2599,.T.);
#3504=ORIENTED_EDGE('',*,*,#2609,.T.);
#3505=ORIENTED_EDGE('',*,*,#2607,.T.);
#3506=ORIENTED_EDGE('',*,*,#2595,.F.);
#3507=ORIENTED_EDGE('',*,*,#2499,.F.);
#3508=ORIENTED_EDGE('',*,*,#2602,.F.);
#3509=ORIENTED_EDGE('',*,*,#2610,.F.);
#3510=ORIENTED_EDGE('',*,*,#2611,.T.);
#3511=ORIENTED_EDGE('',*,*,#2612,.T.);
#3512=ORIENTED_EDGE('',*,*,#2508,.T.);
#3513=ORIENTED_EDGE('',*,*,#2613,.T.);
#3514=ORIENTED_EDGE('',*,*,#2612,.F.);
#3515=ORIENTED_EDGE('',*,*,#2614,.F.);
#3516=ORIENTED_EDGE('',*,*,#2615,.F.);
#3517=ORIENTED_EDGE('',*,*,#2501,.F.);
#3518=ORIENTED_EDGE('',*,*,#2502,.T.);
#3519=ORIENTED_EDGE('',*,*,#2615,.T.);
#3520=ORIENTED_EDGE('',*,*,#2616,.T.);
#3521=ORIENTED_EDGE('',*,*,#2617,.T.);
#3522=ORIENTED_EDGE('',*,*,#2618,.T.);
#3523=ORIENTED_EDGE('',*,*,#2619,.T.);
#3524=ORIENTED_EDGE('',*,*,#2504,.T.);
#3525=ORIENTED_EDGE('',*,*,#2620,.T.);
#3526=ORIENTED_EDGE('',*,*,#2619,.F.);
#3527=ORIENTED_EDGE('',*,*,#2621,.F.);
#3528=ORIENTED_EDGE('',*,*,#2622,.F.);
#3529=ORIENTED_EDGE('',*,*,#2505,.F.);
#3530=ORIENTED_EDGE('',*,*,#2623,.T.);
#3531=ORIENTED_EDGE('',*,*,#2624,.T.);
#3532=ORIENTED_EDGE('',*,*,#2506,.T.);
#3533=ORIENTED_EDGE('',*,*,#2622,.T.);
#3534=ORIENTED_EDGE('',*,*,#2613,.F.);
#3535=ORIENTED_EDGE('',*,*,#2507,.F.);
#3536=ORIENTED_EDGE('',*,*,#2624,.F.);
#3537=ORIENTED_EDGE('',*,*,#2625,.F.);
#3538=ORIENTED_EDGE('',*,*,#2617,.F.);
#3539=ORIENTED_EDGE('',*,*,#2626,.F.);
#3540=ORIENTED_EDGE('',*,*,#2620,.F.);
#3541=ORIENTED_EDGE('',*,*,#2503,.F.);
#3542=ORIENTED_EDGE('',*,*,#2579,.T.);
#3543=ORIENTED_EDGE('',*,*,#2627,.T.);
#3544=ORIENTED_EDGE('',*,*,#2628,.F.);
#3545=ORIENTED_EDGE('',*,*,#2629,.F.);
#3546=ORIENTED_EDGE('',*,*,#2580,.T.);
#3547=ORIENTED_EDGE('',*,*,#2629,.T.);
#3548=ORIENTED_EDGE('',*,*,#2630,.F.);
#3549=ORIENTED_EDGE('',*,*,#2631,.F.);
#3550=ORIENTED_EDGE('',*,*,#2581,.T.);
#3551=ORIENTED_EDGE('',*,*,#2631,.T.);
#3552=ORIENTED_EDGE('',*,*,#2632,.F.);
#3553=ORIENTED_EDGE('',*,*,#2633,.F.);
#3554=ORIENTED_EDGE('',*,*,#2582,.T.);
#3555=ORIENTED_EDGE('',*,*,#2633,.T.);
#3556=ORIENTED_EDGE('',*,*,#2634,.F.);
#3557=ORIENTED_EDGE('',*,*,#2635,.F.);
#3558=ORIENTED_EDGE('',*,*,#2583,.T.);
#3559=ORIENTED_EDGE('',*,*,#2635,.T.);
#3560=ORIENTED_EDGE('',*,*,#2636,.F.);
#3561=ORIENTED_EDGE('',*,*,#2637,.F.);
#3562=ORIENTED_EDGE('',*,*,#2584,.T.);
#3563=ORIENTED_EDGE('',*,*,#2637,.T.);
#3564=ORIENTED_EDGE('',*,*,#2638,.F.);
#3565=ORIENTED_EDGE('',*,*,#2639,.F.);
#3566=ORIENTED_EDGE('',*,*,#2585,.T.);
#3567=ORIENTED_EDGE('',*,*,#2639,.T.);
#3568=ORIENTED_EDGE('',*,*,#2640,.F.);
#3569=ORIENTED_EDGE('',*,*,#2641,.F.);
#3570=ORIENTED_EDGE('',*,*,#2578,.T.);
#3571=ORIENTED_EDGE('',*,*,#2641,.T.);
#3572=ORIENTED_EDGE('',*,*,#2642,.F.);
#3573=ORIENTED_EDGE('',*,*,#2627,.F.);
#3574=ORIENTED_EDGE('',*,*,#2643,.F.);
#3575=ORIENTED_EDGE('',*,*,#2644,.T.);
#3576=ORIENTED_EDGE('',*,*,#2577,.T.);
#3577=ORIENTED_EDGE('',*,*,#2644,.F.);
#3578=ORIENTED_EDGE('',*,*,#2570,.T.);
#3579=ORIENTED_EDGE('',*,*,#2645,.T.);
#3580=ORIENTED_EDGE('',*,*,#2646,.F.);
#3581=ORIENTED_EDGE('',*,*,#2647,.F.);
#3582=ORIENTED_EDGE('',*,*,#2571,.T.);
#3583=ORIENTED_EDGE('',*,*,#2647,.T.);
#3584=ORIENTED_EDGE('',*,*,#2648,.F.);
#3585=ORIENTED_EDGE('',*,*,#2649,.F.);
#3586=ORIENTED_EDGE('',*,*,#2572,.T.);
#3587=ORIENTED_EDGE('',*,*,#2649,.T.);
#3588=ORIENTED_EDGE('',*,*,#2650,.F.);
#3589=ORIENTED_EDGE('',*,*,#2651,.F.);
#3590=ORIENTED_EDGE('',*,*,#2573,.T.);
#3591=ORIENTED_EDGE('',*,*,#2651,.T.);
#3592=ORIENTED_EDGE('',*,*,#2652,.F.);
#3593=ORIENTED_EDGE('',*,*,#2653,.F.);
#3594=ORIENTED_EDGE('',*,*,#2574,.T.);
#3595=ORIENTED_EDGE('',*,*,#2653,.T.);
#3596=ORIENTED_EDGE('',*,*,#2654,.F.);
#3597=ORIENTED_EDGE('',*,*,#2655,.F.);
#3598=ORIENTED_EDGE('',*,*,#2575,.T.);
#3599=ORIENTED_EDGE('',*,*,#2655,.T.);
#3600=ORIENTED_EDGE('',*,*,#2656,.F.);
#3601=ORIENTED_EDGE('',*,*,#2657,.F.);
#3602=ORIENTED_EDGE('',*,*,#2576,.T.);
#3603=ORIENTED_EDGE('',*,*,#2657,.T.);
#3604=ORIENTED_EDGE('',*,*,#2658,.F.);
#3605=ORIENTED_EDGE('',*,*,#2659,.F.);
#3606=ORIENTED_EDGE('',*,*,#2569,.T.);
#3607=ORIENTED_EDGE('',*,*,#2659,.T.);
#3608=ORIENTED_EDGE('',*,*,#2660,.F.);
#3609=ORIENTED_EDGE('',*,*,#2645,.F.);
#3610=ORIENTED_EDGE('',*,*,#2562,.T.);
#3611=ORIENTED_EDGE('',*,*,#2661,.T.);
#3612=ORIENTED_EDGE('',*,*,#2662,.F.);
#3613=ORIENTED_EDGE('',*,*,#2663,.F.);
#3614=ORIENTED_EDGE('',*,*,#2563,.T.);
#3615=ORIENTED_EDGE('',*,*,#2663,.T.);
#3616=ORIENTED_EDGE('',*,*,#2664,.F.);
#3617=ORIENTED_EDGE('',*,*,#2665,.F.);
#3618=ORIENTED_EDGE('',*,*,#2564,.T.);
#3619=ORIENTED_EDGE('',*,*,#2665,.T.);
#3620=ORIENTED_EDGE('',*,*,#2666,.F.);
#3621=ORIENTED_EDGE('',*,*,#2667,.F.);
#3622=ORIENTED_EDGE('',*,*,#2565,.T.);
#3623=ORIENTED_EDGE('',*,*,#2667,.T.);
#3624=ORIENTED_EDGE('',*,*,#2668,.F.);
#3625=ORIENTED_EDGE('',*,*,#2669,.F.);
#3626=ORIENTED_EDGE('',*,*,#2566,.T.);
#3627=ORIENTED_EDGE('',*,*,#2669,.T.);
#3628=ORIENTED_EDGE('',*,*,#2670,.F.);
#3629=ORIENTED_EDGE('',*,*,#2671,.F.);
#3630=ORIENTED_EDGE('',*,*,#2567,.T.);
#3631=ORIENTED_EDGE('',*,*,#2671,.T.);
#3632=ORIENTED_EDGE('',*,*,#2672,.F.);
#3633=ORIENTED_EDGE('',*,*,#2673,.F.);
#3634=ORIENTED_EDGE('',*,*,#2568,.T.);
#3635=ORIENTED_EDGE('',*,*,#2673,.T.);
#3636=ORIENTED_EDGE('',*,*,#2674,.F.);
#3637=ORIENTED_EDGE('',*,*,#2675,.F.);
#3638=ORIENTED_EDGE('',*,*,#2561,.T.);
#3639=ORIENTED_EDGE('',*,*,#2675,.T.);
#3640=ORIENTED_EDGE('',*,*,#2676,.F.);
#3641=ORIENTED_EDGE('',*,*,#2661,.F.);
#3642=ORIENTED_EDGE('',*,*,#2554,.T.);
#3643=ORIENTED_EDGE('',*,*,#2677,.T.);
#3644=ORIENTED_EDGE('',*,*,#2678,.F.);
#3645=ORIENTED_EDGE('',*,*,#2679,.F.);
#3646=ORIENTED_EDGE('',*,*,#2555,.T.);
#3647=ORIENTED_EDGE('',*,*,#2679,.T.);
#3648=ORIENTED_EDGE('',*,*,#2680,.F.);
#3649=ORIENTED_EDGE('',*,*,#2681,.F.);
#3650=ORIENTED_EDGE('',*,*,#2556,.T.);
#3651=ORIENTED_EDGE('',*,*,#2681,.T.);
#3652=ORIENTED_EDGE('',*,*,#2682,.F.);
#3653=ORIENTED_EDGE('',*,*,#2683,.F.);
#3654=ORIENTED_EDGE('',*,*,#2557,.T.);
#3655=ORIENTED_EDGE('',*,*,#2683,.T.);
#3656=ORIENTED_EDGE('',*,*,#2684,.F.);
#3657=ORIENTED_EDGE('',*,*,#2685,.F.);
#3658=ORIENTED_EDGE('',*,*,#2558,.T.);
#3659=ORIENTED_EDGE('',*,*,#2685,.T.);
#3660=ORIENTED_EDGE('',*,*,#2686,.F.);
#3661=ORIENTED_EDGE('',*,*,#2687,.F.);
#3662=ORIENTED_EDGE('',*,*,#2559,.T.);
#3663=ORIENTED_EDGE('',*,*,#2687,.T.);
#3664=ORIENTED_EDGE('',*,*,#2688,.F.);
#3665=ORIENTED_EDGE('',*,*,#2689,.F.);
#3666=ORIENTED_EDGE('',*,*,#2560,.T.);
#3667=ORIENTED_EDGE('',*,*,#2689,.T.);
#3668=ORIENTED_EDGE('',*,*,#2690,.F.);
#3669=ORIENTED_EDGE('',*,*,#2691,.F.);
#3670=ORIENTED_EDGE('',*,*,#2553,.T.);
#3671=ORIENTED_EDGE('',*,*,#2691,.T.);
#3672=ORIENTED_EDGE('',*,*,#2692,.F.);
#3673=ORIENTED_EDGE('',*,*,#2677,.F.);
#3674=ORIENTED_EDGE('',*,*,#2546,.T.);
#3675=ORIENTED_EDGE('',*,*,#2693,.T.);
#3676=ORIENTED_EDGE('',*,*,#2694,.F.);
#3677=ORIENTED_EDGE('',*,*,#2695,.F.);
#3678=ORIENTED_EDGE('',*,*,#2547,.T.);
#3679=ORIENTED_EDGE('',*,*,#2695,.T.);
#3680=ORIENTED_EDGE('',*,*,#2696,.F.);
#3681=ORIENTED_EDGE('',*,*,#2697,.F.);
#3682=ORIENTED_EDGE('',*,*,#2548,.T.);
#3683=ORIENTED_EDGE('',*,*,#2697,.T.);
#3684=ORIENTED_EDGE('',*,*,#2698,.F.);
#3685=ORIENTED_EDGE('',*,*,#2699,.F.);
#3686=ORIENTED_EDGE('',*,*,#2549,.T.);
#3687=ORIENTED_EDGE('',*,*,#2699,.T.);
#3688=ORIENTED_EDGE('',*,*,#2700,.F.);
#3689=ORIENTED_EDGE('',*,*,#2701,.F.);
#3690=ORIENTED_EDGE('',*,*,#2550,.T.);
#3691=ORIENTED_EDGE('',*,*,#2701,.T.);
#3692=ORIENTED_EDGE('',*,*,#2702,.F.);
#3693=ORIENTED_EDGE('',*,*,#2703,.F.);
#3694=ORIENTED_EDGE('',*,*,#2551,.T.);
#3695=ORIENTED_EDGE('',*,*,#2703,.T.);
#3696=ORIENTED_EDGE('',*,*,#2704,.F.);
#3697=ORIENTED_EDGE('',*,*,#2705,.F.);
#3698=ORIENTED_EDGE('',*,*,#2552,.T.);
#3699=ORIENTED_EDGE('',*,*,#2705,.T.);
#3700=ORIENTED_EDGE('',*,*,#2706,.F.);
#3701=ORIENTED_EDGE('',*,*,#2707,.F.);
#3702=ORIENTED_EDGE('',*,*,#2545,.T.);
#3703=ORIENTED_EDGE('',*,*,#2707,.T.);
#3704=ORIENTED_EDGE('',*,*,#2708,.F.);
#3705=ORIENTED_EDGE('',*,*,#2693,.F.);
#3706=ORIENTED_EDGE('',*,*,#2544,.T.);
#3707=ORIENTED_EDGE('',*,*,#2709,.T.);
#3708=ORIENTED_EDGE('',*,*,#2710,.F.);
#3709=ORIENTED_EDGE('',*,*,#2711,.F.);
#3710=ORIENTED_EDGE('',*,*,#2543,.T.);
#3711=ORIENTED_EDGE('',*,*,#2711,.T.);
#3712=ORIENTED_EDGE('',*,*,#2712,.F.);
#3713=ORIENTED_EDGE('',*,*,#2709,.F.);
#3714=ORIENTED_EDGE('',*,*,#2713,.F.);
#3715=ORIENTED_EDGE('',*,*,#2714,.T.);
#3716=ORIENTED_EDGE('',*,*,#2542,.T.);
#3717=ORIENTED_EDGE('',*,*,#2714,.F.);
#3718=ORIENTED_EDGE('',*,*,#2535,.T.);
#3719=ORIENTED_EDGE('',*,*,#2715,.T.);
#3720=ORIENTED_EDGE('',*,*,#2716,.F.);
#3721=ORIENTED_EDGE('',*,*,#2717,.F.);
#3722=ORIENTED_EDGE('',*,*,#2536,.T.);
#3723=ORIENTED_EDGE('',*,*,#2717,.T.);
#3724=ORIENTED_EDGE('',*,*,#2718,.F.);
#3725=ORIENTED_EDGE('',*,*,#2719,.F.);
#3726=ORIENTED_EDGE('',*,*,#2537,.T.);
#3727=ORIENTED_EDGE('',*,*,#2719,.T.);
#3728=ORIENTED_EDGE('',*,*,#2720,.F.);
#3729=ORIENTED_EDGE('',*,*,#2721,.F.);
#3730=ORIENTED_EDGE('',*,*,#2538,.T.);
#3731=ORIENTED_EDGE('',*,*,#2721,.T.);
#3732=ORIENTED_EDGE('',*,*,#2722,.F.);
#3733=ORIENTED_EDGE('',*,*,#2723,.F.);
#3734=ORIENTED_EDGE('',*,*,#2539,.T.);
#3735=ORIENTED_EDGE('',*,*,#2723,.T.);
#3736=ORIENTED_EDGE('',*,*,#2724,.F.);
#3737=ORIENTED_EDGE('',*,*,#2725,.F.);
#3738=ORIENTED_EDGE('',*,*,#2540,.T.);
#3739=ORIENTED_EDGE('',*,*,#2725,.T.);
#3740=ORIENTED_EDGE('',*,*,#2726,.F.);
#3741=ORIENTED_EDGE('',*,*,#2727,.F.);
#3742=ORIENTED_EDGE('',*,*,#2541,.T.);
#3743=ORIENTED_EDGE('',*,*,#2727,.T.);
#3744=ORIENTED_EDGE('',*,*,#2728,.F.);
#3745=ORIENTED_EDGE('',*,*,#2729,.F.);
#3746=ORIENTED_EDGE('',*,*,#2534,.T.);
#3747=ORIENTED_EDGE('',*,*,#2729,.T.);
#3748=ORIENTED_EDGE('',*,*,#2730,.F.);
#3749=ORIENTED_EDGE('',*,*,#2715,.F.);
#3750=ORIENTED_EDGE('',*,*,#2527,.T.);
#3751=ORIENTED_EDGE('',*,*,#2731,.T.);
#3752=ORIENTED_EDGE('',*,*,#2732,.F.);
#3753=ORIENTED_EDGE('',*,*,#2733,.F.);
#3754=ORIENTED_EDGE('',*,*,#2528,.T.);
#3755=ORIENTED_EDGE('',*,*,#2733,.T.);
#3756=ORIENTED_EDGE('',*,*,#2734,.F.);
#3757=ORIENTED_EDGE('',*,*,#2735,.F.);
#3758=ORIENTED_EDGE('',*,*,#2529,.T.);
#3759=ORIENTED_EDGE('',*,*,#2735,.T.);
#3760=ORIENTED_EDGE('',*,*,#2736,.F.);
#3761=ORIENTED_EDGE('',*,*,#2737,.F.);
#3762=ORIENTED_EDGE('',*,*,#2530,.T.);
#3763=ORIENTED_EDGE('',*,*,#2737,.T.);
#3764=ORIENTED_EDGE('',*,*,#2738,.F.);
#3765=ORIENTED_EDGE('',*,*,#2739,.F.);
#3766=ORIENTED_EDGE('',*,*,#2531,.T.);
#3767=ORIENTED_EDGE('',*,*,#2739,.T.);
#3768=ORIENTED_EDGE('',*,*,#2740,.F.);
#3769=ORIENTED_EDGE('',*,*,#2741,.F.);
#3770=ORIENTED_EDGE('',*,*,#2532,.T.);
#3771=ORIENTED_EDGE('',*,*,#2741,.T.);
#3772=ORIENTED_EDGE('',*,*,#2742,.F.);
#3773=ORIENTED_EDGE('',*,*,#2743,.F.);
#3774=ORIENTED_EDGE('',*,*,#2533,.T.);
#3775=ORIENTED_EDGE('',*,*,#2743,.T.);
#3776=ORIENTED_EDGE('',*,*,#2744,.F.);
#3777=ORIENTED_EDGE('',*,*,#2745,.F.);
#3778=ORIENTED_EDGE('',*,*,#2526,.T.);
#3779=ORIENTED_EDGE('',*,*,#2745,.T.);
#3780=ORIENTED_EDGE('',*,*,#2746,.F.);
#3781=ORIENTED_EDGE('',*,*,#2731,.F.);
#3782=ORIENTED_EDGE('',*,*,#2519,.T.);
#3783=ORIENTED_EDGE('',*,*,#2747,.T.);
#3784=ORIENTED_EDGE('',*,*,#2748,.F.);
#3785=ORIENTED_EDGE('',*,*,#2749,.F.);
#3786=ORIENTED_EDGE('',*,*,#2520,.T.);
#3787=ORIENTED_EDGE('',*,*,#2749,.T.);
#3788=ORIENTED_EDGE('',*,*,#2750,.F.);
#3789=ORIENTED_EDGE('',*,*,#2751,.F.);
#3790=ORIENTED_EDGE('',*,*,#2521,.T.);
#3791=ORIENTED_EDGE('',*,*,#2751,.T.);
#3792=ORIENTED_EDGE('',*,*,#2752,.F.);
#3793=ORIENTED_EDGE('',*,*,#2753,.F.);
#3794=ORIENTED_EDGE('',*,*,#2522,.T.);
#3795=ORIENTED_EDGE('',*,*,#2753,.T.);
#3796=ORIENTED_EDGE('',*,*,#2754,.F.);
#3797=ORIENTED_EDGE('',*,*,#2755,.F.);
#3798=ORIENTED_EDGE('',*,*,#2523,.T.);
#3799=ORIENTED_EDGE('',*,*,#2755,.T.);
#3800=ORIENTED_EDGE('',*,*,#2756,.F.);
#3801=ORIENTED_EDGE('',*,*,#2757,.F.);
#3802=ORIENTED_EDGE('',*,*,#2524,.T.);
#3803=ORIENTED_EDGE('',*,*,#2757,.T.);
#3804=ORIENTED_EDGE('',*,*,#2758,.F.);
#3805=ORIENTED_EDGE('',*,*,#2759,.F.);
#3806=ORIENTED_EDGE('',*,*,#2525,.T.);
#3807=ORIENTED_EDGE('',*,*,#2759,.T.);
#3808=ORIENTED_EDGE('',*,*,#2760,.F.);
#3809=ORIENTED_EDGE('',*,*,#2761,.F.);
#3810=ORIENTED_EDGE('',*,*,#2518,.T.);
#3811=ORIENTED_EDGE('',*,*,#2761,.T.);
#3812=ORIENTED_EDGE('',*,*,#2762,.F.);
#3813=ORIENTED_EDGE('',*,*,#2747,.F.);
#3814=ORIENTED_EDGE('',*,*,#2763,.F.);
#3815=ORIENTED_EDGE('',*,*,#2764,.T.);
#3816=ORIENTED_EDGE('',*,*,#2517,.T.);
#3817=ORIENTED_EDGE('',*,*,#2764,.F.);
#3818=ORIENTED_EDGE('',*,*,#2510,.T.);
#3819=ORIENTED_EDGE('',*,*,#2765,.T.);
#3820=ORIENTED_EDGE('',*,*,#2766,.F.);
#3821=ORIENTED_EDGE('',*,*,#2767,.F.);
#3822=ORIENTED_EDGE('',*,*,#2511,.T.);
#3823=ORIENTED_EDGE('',*,*,#2767,.T.);
#3824=ORIENTED_EDGE('',*,*,#2768,.F.);
#3825=ORIENTED_EDGE('',*,*,#2769,.F.);
#3826=ORIENTED_EDGE('',*,*,#2512,.T.);
#3827=ORIENTED_EDGE('',*,*,#2769,.T.);
#3828=ORIENTED_EDGE('',*,*,#2770,.F.);
#3829=ORIENTED_EDGE('',*,*,#2771,.F.);
#3830=ORIENTED_EDGE('',*,*,#2513,.T.);
#3831=ORIENTED_EDGE('',*,*,#2771,.T.);
#3832=ORIENTED_EDGE('',*,*,#2772,.F.);
#3833=ORIENTED_EDGE('',*,*,#2773,.F.);
#3834=ORIENTED_EDGE('',*,*,#2514,.T.);
#3835=ORIENTED_EDGE('',*,*,#2773,.T.);
#3836=ORIENTED_EDGE('',*,*,#2774,.F.);
#3837=ORIENTED_EDGE('',*,*,#2775,.F.);
#3838=ORIENTED_EDGE('',*,*,#2515,.T.);
#3839=ORIENTED_EDGE('',*,*,#2775,.T.);
#3840=ORIENTED_EDGE('',*,*,#2776,.F.);
#3841=ORIENTED_EDGE('',*,*,#2777,.F.);
#3842=ORIENTED_EDGE('',*,*,#2516,.T.);
#3843=ORIENTED_EDGE('',*,*,#2777,.T.);
#3844=ORIENTED_EDGE('',*,*,#2778,.F.);
#3845=ORIENTED_EDGE('',*,*,#2779,.F.);
#3846=ORIENTED_EDGE('',*,*,#2509,.T.);
#3847=ORIENTED_EDGE('',*,*,#2779,.T.);
#3848=ORIENTED_EDGE('',*,*,#2780,.F.);
#3849=ORIENTED_EDGE('',*,*,#2765,.F.);
#3850=ORIENTED_EDGE('',*,*,#2592,.F.);
#3851=ORIENTED_EDGE('',*,*,#2781,.F.);
#3852=ORIENTED_EDGE('',*,*,#2594,.F.);
#3853=ORIENTED_EDGE('',*,*,#2491,.T.);
#3854=ORIENTED_EDGE('',*,*,#2481,.F.);
#3855=ORIENTED_EDGE('',*,*,#2782,.F.);
#3856=ORIENTED_EDGE('',*,*,#2588,.F.);
#3857=ORIENTED_EDGE('',*,*,#2487,.T.);
#3858=ORIENTED_EDGE('',*,*,#2480,.F.);
#3859=ORIENTED_EDGE('',*,*,#2486,.T.);
#3860=ORIENTED_EDGE('',*,*,#2593,.F.);
#3861=ORIENTED_EDGE('',*,*,#2781,.T.);
#3862=ORIENTED_EDGE('',*,*,#2591,.F.);
#3863=ORIENTED_EDGE('',*,*,#2589,.T.);
#3864=ORIENTED_EDGE('',*,*,#2586,.F.);
#3865=ORIENTED_EDGE('',*,*,#2782,.T.);
#3866=ORIENTED_EDGE('',*,*,#2604,.T.);
#3867=ORIENTED_EDGE('',*,*,#2606,.F.);
#3868=ORIENTED_EDGE('',*,*,#2608,.T.);
#3869=ORIENTED_EDGE('',*,*,#2609,.F.);
#3870=ORIENTED_EDGE('',*,*,#2598,.T.);
#3871=ORIENTED_EDGE('',*,*,#2596,.F.);
#3872=ORIENTED_EDGE('',*,*,#2610,.T.);
#3873=ORIENTED_EDGE('',*,*,#2601,.F.);
#3874=ORIENTED_EDGE('',*,*,#2614,.T.);
#3875=ORIENTED_EDGE('',*,*,#2611,.F.);
#3876=ORIENTED_EDGE('',*,*,#2625,.T.);
#3877=ORIENTED_EDGE('',*,*,#2623,.F.);
#3878=ORIENTED_EDGE('',*,*,#2621,.T.);
#3879=ORIENTED_EDGE('',*,*,#2618,.F.);
#3880=ORIENTED_EDGE('',*,*,#2626,.T.);
#3881=ORIENTED_EDGE('',*,*,#2616,.F.);
#3882=ORIENTED_EDGE('',*,*,#2780,.T.);
#3883=ORIENTED_EDGE('',*,*,#2778,.T.);
#3884=ORIENTED_EDGE('',*,*,#2776,.T.);
#3885=ORIENTED_EDGE('',*,*,#2774,.T.);
#3886=ORIENTED_EDGE('',*,*,#2772,.T.);
#3887=ORIENTED_EDGE('',*,*,#2770,.T.);
#3888=ORIENTED_EDGE('',*,*,#2768,.T.);
#3889=ORIENTED_EDGE('',*,*,#2766,.T.);
#3890=ORIENTED_EDGE('',*,*,#2763,.T.);
#3891=ORIENTED_EDGE('',*,*,#2762,.T.);
#3892=ORIENTED_EDGE('',*,*,#2760,.T.);
#3893=ORIENTED_EDGE('',*,*,#2758,.T.);
#3894=ORIENTED_EDGE('',*,*,#2756,.T.);
#3895=ORIENTED_EDGE('',*,*,#2754,.T.);
#3896=ORIENTED_EDGE('',*,*,#2752,.T.);
#3897=ORIENTED_EDGE('',*,*,#2750,.T.);
#3898=ORIENTED_EDGE('',*,*,#2748,.T.);
#3899=ORIENTED_EDGE('',*,*,#2746,.T.);
#3900=ORIENTED_EDGE('',*,*,#2744,.T.);
#3901=ORIENTED_EDGE('',*,*,#2742,.T.);
#3902=ORIENTED_EDGE('',*,*,#2740,.T.);
#3903=ORIENTED_EDGE('',*,*,#2738,.T.);
#3904=ORIENTED_EDGE('',*,*,#2736,.T.);
#3905=ORIENTED_EDGE('',*,*,#2734,.T.);
#3906=ORIENTED_EDGE('',*,*,#2732,.T.);
#3907=ORIENTED_EDGE('',*,*,#2730,.T.);
#3908=ORIENTED_EDGE('',*,*,#2728,.T.);
#3909=ORIENTED_EDGE('',*,*,#2726,.T.);
#3910=ORIENTED_EDGE('',*,*,#2724,.T.);
#3911=ORIENTED_EDGE('',*,*,#2722,.T.);
#3912=ORIENTED_EDGE('',*,*,#2720,.T.);
#3913=ORIENTED_EDGE('',*,*,#2718,.T.);
#3914=ORIENTED_EDGE('',*,*,#2716,.T.);
#3915=ORIENTED_EDGE('',*,*,#2713,.T.);
#3916=ORIENTED_EDGE('',*,*,#2712,.T.);
#3917=ORIENTED_EDGE('',*,*,#2710,.T.);
#3918=ORIENTED_EDGE('',*,*,#2708,.T.);
#3919=ORIENTED_EDGE('',*,*,#2706,.T.);
#3920=ORIENTED_EDGE('',*,*,#2704,.T.);
#3921=ORIENTED_EDGE('',*,*,#2702,.T.);
#3922=ORIENTED_EDGE('',*,*,#2700,.T.);
#3923=ORIENTED_EDGE('',*,*,#2698,.T.);
#3924=ORIENTED_EDGE('',*,*,#2696,.T.);
#3925=ORIENTED_EDGE('',*,*,#2694,.T.);
#3926=ORIENTED_EDGE('',*,*,#2692,.T.);
#3927=ORIENTED_EDGE('',*,*,#2690,.T.);
#3928=ORIENTED_EDGE('',*,*,#2688,.T.);
#3929=ORIENTED_EDGE('',*,*,#2686,.T.);
#3930=ORIENTED_EDGE('',*,*,#2684,.T.);
#3931=ORIENTED_EDGE('',*,*,#2682,.T.);
#3932=ORIENTED_EDGE('',*,*,#2680,.T.);
#3933=ORIENTED_EDGE('',*,*,#2678,.T.);
#3934=ORIENTED_EDGE('',*,*,#2676,.T.);
#3935=ORIENTED_EDGE('',*,*,#2674,.T.);
#3936=ORIENTED_EDGE('',*,*,#2672,.T.);
#3937=ORIENTED_EDGE('',*,*,#2670,.T.);
#3938=ORIENTED_EDGE('',*,*,#2668,.T.);
#3939=ORIENTED_EDGE('',*,*,#2666,.T.);
#3940=ORIENTED_EDGE('',*,*,#2664,.T.);
#3941=ORIENTED_EDGE('',*,*,#2662,.T.);
#3942=ORIENTED_EDGE('',*,*,#2660,.T.);
#3943=ORIENTED_EDGE('',*,*,#2658,.T.);
#3944=ORIENTED_EDGE('',*,*,#2656,.T.);
#3945=ORIENTED_EDGE('',*,*,#2654,.T.);
#3946=ORIENTED_EDGE('',*,*,#2652,.T.);
#3947=ORIENTED_EDGE('',*,*,#2650,.T.);
#3948=ORIENTED_EDGE('',*,*,#2648,.T.);
#3949=ORIENTED_EDGE('',*,*,#2646,.T.);
#3950=ORIENTED_EDGE('',*,*,#2643,.T.);
#3951=ORIENTED_EDGE('',*,*,#2642,.T.);
#3952=ORIENTED_EDGE('',*,*,#2640,.T.);
#3953=ORIENTED_EDGE('',*,*,#2638,.T.);
#3954=ORIENTED_EDGE('',*,*,#2636,.T.);
#3955=ORIENTED_EDGE('',*,*,#2634,.T.);
#3956=ORIENTED_EDGE('',*,*,#2632,.T.);
#3957=ORIENTED_EDGE('',*,*,#2630,.T.);
#3958=ORIENTED_EDGE('',*,*,#2628,.T.);
#3959=PLANE('',#4249);
#3960=PLANE('',#4250);
#3961=PLANE('',#4251);
#3962=PLANE('',#4252);
#3963=PLANE('',#4256);
#3964=PLANE('',#4268);
#3965=PLANE('',#4273);
#3966=PLANE('',#4278);
#3967=PLANE('',#4281);
#3968=PLANE('',#4284);
#3969=PLANE('',#4287);
#3970=PLANE('',#4288);
#3971=PLANE('',#4297);
#3972=PLANE('',#4298);
#3973=PLANE('',#4299);
#3974=PLANE('',#4303);
#3975=PLANE('',#4304);
#3976=PLANE('',#4305);
#3977=PLANE('',#4372);
#3978=PLANE('',#4441);
#3979=PLANE('',#4442);
#3980=PLANE('',#4510);
#3981=PLANE('',#4511);
#3982=PLANE('',#4566);
#3983=PLANE('',#4573);
#3984=PLANE('',#4576);
#3985=PLANE('',#4579);
#3986=PLANE('',#4582);
#3987=PLANE('',#4585);
#3988=PLANE('',#4590);
#3989=PLANE('',#4593);
#3990=PLANE('',#4594);
#3991=PLANE('',#4595);
#3992=PLANE('',#4598);
#3993=PLANE('',#4601);
#3994=PLANE('',#4604);
#3995=PLANE('',#4609);
#3996=PLANE('',#4612);
#3997=PLANE('',#4615);
#3998=PLANE('',#4618);
#3999=PLANE('',#4621);
#4000=PLANE('',#4624);
#4001=PLANE('',#4627);
#4002=PLANE('',#4630);
#4003=PLANE('',#4633);
#4004=PLANE('',#4636);
#4005=PLANE('',#4639);
#4006=PLANE('',#4642);
#4007=PLANE('',#4645);
#4008=PLANE('',#4648);
#4009=PLANE('',#4651);
#4010=PLANE('',#4654);
#4011=PLANE('',#4663);
#4012=PLANE('',#4666);
#4013=PLANE('',#4669);
#4014=PLANE('',#4672);
#4015=PLANE('',#4675);
#4016=PLANE('',#4678);
#4017=PLANE('',#4681);
#4018=PLANE('',#4684);
#4019=PLANE('',#4687);
#4020=PLANE('',#4690);
#4021=PLANE('',#4693);
#4022=PLANE('',#4696);
#4023=PLANE('',#4701);
#4024=PLANE('',#4704);
#4025=PLANE('',#4707);
#4026=PLANE('',#4710);
#4027=PLANE('',#4713);
#4028=PLANE('',#4714);
#4029=PLANE('',#4715);
#4030=ADVANCED_FACE('',(#582),#3959,.T.);
#4031=ADVANCED_FACE('',(#583),#3960,.F.);
#4032=ADVANCED_FACE('',(#584),#3961,.F.);
#4033=ADVANCED_FACE('',(#585),#3962,.F.);
#4034=ADVANCED_FACE('',(#586),#450,.T.);
#4035=ADVANCED_FACE('',(#587,#19,#20,#21,#22,#23),#3963,.T.);
#4036=ADVANCED_FACE('',(#588,#24),#3964,.T.);
#4037=ADVANCED_FACE('',(#589),#451,.T.);
#4038=ADVANCED_FACE('',(#590),#452,.T.);
#4039=ADVANCED_FACE('',(#591),#3965,.T.);
#4040=ADVANCED_FACE('',(#592),#453,.T.);
#4041=ADVANCED_FACE('',(#593),#454,.F.);
#4042=ADVANCED_FACE('',(#594),#3966,.T.);
#4043=ADVANCED_FACE('',(#595),#455,.F.);
#4044=ADVANCED_FACE('',(#596),#3967,.T.);
#4045=ADVANCED_FACE('',(#597),#456,.F.);
#4046=ADVANCED_FACE('',(#598,#25),#3968,.T.);
#4047=ADVANCED_FACE('',(#599),#457,.F.);
#4048=ADVANCED_FACE('',(#600),#3969,.T.);
#4049=ADVANCED_FACE('',(#601),#3970,.T.);
#4050=ADVANCED_FACE('',(#602),#458,.F.);
#4051=ADVANCED_FACE('',(#603),#459,.F.);
#4052=ADVANCED_FACE('',(#604),#460,.F.);
#4053=ADVANCED_FACE('',(#605),#461,.F.);
#4054=ADVANCED_FACE('',(#606),#3971,.T.);
#4055=ADVANCED_FACE('',(#607),#3972,.T.);
#4056=ADVANCED_FACE('',(#608,#26,#27,#28,#29),#3973,.F.);
#4057=ADVANCED_FACE('',(#609),#462,.T.);
#4058=ADVANCED_FACE('',(#610),#3974,.T.);
#4059=ADVANCED_FACE('',(#611),#3975,.T.);
#4060=ADVANCED_FACE('',(#612,#30,#31,#32,#33,#34,#35,#36,#37,#38,#39,#40,
#41,#42,#43,#44,#45,#46,#47,#48,#49,#50,#51,#52,#53,#54,#55,#56,#57,#58,
#59,#60,#61,#62,#63,#64,#65,#66,#67,#68,#69,#70,#71,#72,#73,#74,#75,#76,
#77,#78,#79,#80,#81,#82,#83,#84,#85,#86,#87,#88,#89,#90,#91,#92),#3976,
 .F.);
#4061=ADVANCED_FACE('',(#613,#93,#94,#95,#96,#97,#98,#99,#100,#101,#102,
#103,#104,#105,#106,#107,#108,#109,#110,#111,#112,#113,#114,#115,#116,#117,
#118,#119,#120,#121,#122,#123,#124,#125,#126,#127,#128,#129,#130,#131,#132,
#133,#134,#135,#136,#137,#138,#139,#140,#141,#142,#143,#144,#145,#146,#147,
#148,#149,#150,#151,#152,#153,#154,#155),#3977,.T.);
#4062=ADVANCED_FACE('',(#614),#463,.T.);
#4063=ADVANCED_FACE('',(#615),#464,.T.);
#4064=ADVANCED_FACE('',(#616),#3978,.T.);
#4065=ADVANCED_FACE('',(#617),#3979,.T.);
#4066=ADVANCED_FACE('',(#618),#465,.T.);
#4067=ADVANCED_FACE('',(#619),#466,.F.);
#4068=ADVANCED_FACE('',(#620),#467,.F.);
#4069=ADVANCED_FACE('',(#621),#468,.F.);
#4070=ADVANCED_FACE('',(#622),#469,.F.);
#4071=ADVANCED_FACE('',(#623),#470,.F.);
#4072=ADVANCED_FACE('',(#624),#471,.F.);
#4073=ADVANCED_FACE('',(#625),#472,.F.);
#4074=ADVANCED_FACE('',(#626),#473,.F.);
#4075=ADVANCED_FACE('',(#627),#474,.F.);
#4076=ADVANCED_FACE('',(#628),#475,.F.);
#4077=ADVANCED_FACE('',(#629),#476,.F.);
#4078=ADVANCED_FACE('',(#630),#477,.F.);
#4079=ADVANCED_FACE('',(#631),#478,.F.);
#4080=ADVANCED_FACE('',(#632),#479,.F.);
#4081=ADVANCED_FACE('',(#633),#480,.F.);
#4082=ADVANCED_FACE('',(#634),#481,.F.);
#4083=ADVANCED_FACE('',(#635),#482,.F.);
#4084=ADVANCED_FACE('',(#636),#483,.F.);
#4085=ADVANCED_FACE('',(#637),#484,.F.);
#4086=ADVANCED_FACE('',(#638),#485,.F.);
#4087=ADVANCED_FACE('',(#639),#486,.F.);
#4088=ADVANCED_FACE('',(#640),#487,.F.);
#4089=ADVANCED_FACE('',(#641),#488,.F.);
#4090=ADVANCED_FACE('',(#642),#489,.F.);
#4091=ADVANCED_FACE('',(#643),#490,.F.);
#4092=ADVANCED_FACE('',(#644),#491,.F.);
#4093=ADVANCED_FACE('',(#645),#492,.F.);
#4094=ADVANCED_FACE('',(#646),#493,.F.);
#4095=ADVANCED_FACE('',(#647),#494,.F.);
#4096=ADVANCED_FACE('',(#648),#495,.F.);
#4097=ADVANCED_FACE('',(#649),#496,.F.);
#4098=ADVANCED_FACE('',(#650),#497,.F.);
#4099=ADVANCED_FACE('',(#651),#498,.F.);
#4100=ADVANCED_FACE('',(#652),#499,.F.);
#4101=ADVANCED_FACE('',(#653),#500,.F.);
#4102=ADVANCED_FACE('',(#654),#501,.F.);
#4103=ADVANCED_FACE('',(#655),#502,.F.);
#4104=ADVANCED_FACE('',(#656),#503,.F.);
#4105=ADVANCED_FACE('',(#657),#504,.F.);
#4106=ADVANCED_FACE('',(#658),#505,.F.);
#4107=ADVANCED_FACE('',(#659),#506,.F.);
#4108=ADVANCED_FACE('',(#660),#507,.F.);
#4109=ADVANCED_FACE('',(#661),#508,.F.);
#4110=ADVANCED_FACE('',(#662),#509,.F.);
#4111=ADVANCED_FACE('',(#663),#510,.F.);
#4112=ADVANCED_FACE('',(#664),#511,.F.);
#4113=ADVANCED_FACE('',(#665),#512,.F.);
#4114=ADVANCED_FACE('',(#666),#513,.F.);
#4115=ADVANCED_FACE('',(#667),#514,.F.);
#4116=ADVANCED_FACE('',(#668),#515,.F.);
#4117=ADVANCED_FACE('',(#669),#516,.F.);
#4118=ADVANCED_FACE('',(#670),#517,.F.);
#4119=ADVANCED_FACE('',(#671),#518,.F.);
#4120=ADVANCED_FACE('',(#672),#519,.F.);
#4121=ADVANCED_FACE('',(#673),#520,.F.);
#4122=ADVANCED_FACE('',(#674),#521,.F.);
#4123=ADVANCED_FACE('',(#675),#522,.F.);
#4124=ADVANCED_FACE('',(#676),#523,.F.);
#4125=ADVANCED_FACE('',(#677),#524,.F.);
#4126=ADVANCED_FACE('',(#678),#525,.F.);
#4127=ADVANCED_FACE('',(#679),#526,.F.);
#4128=ADVANCED_FACE('',(#680),#527,.F.);
#4129=ADVANCED_FACE('',(#681),#528,.F.);
#4130=ADVANCED_FACE('',(#682),#529,.T.);
#4131=ADVANCED_FACE('',(#683),#3980,.T.);
#4132=ADVANCED_FACE('',(#684,#156,#157,#158,#159,#160,#161,#162,#163,#164,
#165,#166,#167,#168,#169,#170),#3981,.F.);
#4133=ADVANCED_FACE('',(#685),#530,.T.);
#4134=ADVANCED_FACE('',(#686),#3982,.T.);
#4135=ADVANCED_FACE('',(#687),#531,.T.);
#4136=ADVANCED_FACE('',(#688),#532,.T.);
#4137=ADVANCED_FACE('',(#689),#533,.F.);
#4138=ADVANCED_FACE('',(#690),#3983,.F.);
#4139=ADVANCED_FACE('',(#691),#534,.F.);
#4140=ADVANCED_FACE('',(#692),#3984,.F.);
#4141=ADVANCED_FACE('',(#693),#535,.F.);
#4142=ADVANCED_FACE('',(#694),#3985,.F.);
#4143=ADVANCED_FACE('',(#695),#536,.F.);
#4144=ADVANCED_FACE('',(#696),#3986,.F.);
#4145=ADVANCED_FACE('',(#697),#537,.F.);
#4146=ADVANCED_FACE('',(#698),#3987,.F.);
#4147=ADVANCED_FACE('',(#699),#538,.F.);
#4148=ADVANCED_FACE('',(#700),#539,.F.);
#4149=ADVANCED_FACE('',(#701),#3988,.F.);
#4150=ADVANCED_FACE('',(#702),#540,.F.);
#4151=ADVANCED_FACE('',(#703),#3989,.F.);
#4152=ADVANCED_FACE('',(#704),#3990,.F.);
#4153=ADVANCED_FACE('',(#705),#3991,.T.);
#4154=ADVANCED_FACE('',(#706),#541,.F.);
#4155=ADVANCED_FACE('',(#707),#3992,.T.);
#4156=ADVANCED_FACE('',(#708),#542,.F.);
#4157=ADVANCED_FACE('',(#709),#3993,.T.);
#4158=ADVANCED_FACE('',(#710),#543,.F.);
#4159=ADVANCED_FACE('',(#711),#3994,.T.);
#4160=ADVANCED_FACE('',(#712),#544,.F.);
#4161=ADVANCED_FACE('',(#713),#545,.F.);
#4162=ADVANCED_FACE('',(#714),#3995,.T.);
#4163=ADVANCED_FACE('',(#715),#546,.F.);
#4164=ADVANCED_FACE('',(#716),#3996,.T.);
#4165=ADVANCED_FACE('',(#717),#547,.F.);
#4166=ADVANCED_FACE('',(#718),#3997,.T.);
#4167=ADVANCED_FACE('',(#719),#548,.F.);
#4168=ADVANCED_FACE('',(#720),#3998,.T.);
#4169=ADVANCED_FACE('',(#721),#549,.F.);
#4170=ADVANCED_FACE('',(#722),#3999,.T.);
#4171=ADVANCED_FACE('',(#723),#550,.F.);
#4172=ADVANCED_FACE('',(#724),#4000,.T.);
#4173=ADVANCED_FACE('',(#725),#551,.F.);
#4174=ADVANCED_FACE('',(#726),#4001,.T.);
#4175=ADVANCED_FACE('',(#727),#552,.F.);
#4176=ADVANCED_FACE('',(#728),#4002,.T.);
#4177=ADVANCED_FACE('',(#729),#553,.F.);
#4178=ADVANCED_FACE('',(#730),#4003,.T.);
#4179=ADVANCED_FACE('',(#731),#554,.F.);
#4180=ADVANCED_FACE('',(#732),#4004,.T.);
#4181=ADVANCED_FACE('',(#733),#555,.F.);
#4182=ADVANCED_FACE('',(#734),#4005,.T.);
#4183=ADVANCED_FACE('',(#735),#556,.F.);
#4184=ADVANCED_FACE('',(#736),#4006,.T.);
#4185=ADVANCED_FACE('',(#737),#557,.F.);
#4186=ADVANCED_FACE('',(#738),#4007,.T.);
#4187=ADVANCED_FACE('',(#739),#558,.F.);
#4188=ADVANCED_FACE('',(#740),#4008,.T.);
#4189=ADVANCED_FACE('',(#741),#559,.F.);
#4190=ADVANCED_FACE('',(#742),#4009,.T.);
#4191=ADVANCED_FACE('',(#743),#560,.F.);
#4192=ADVANCED_FACE('',(#744),#4010,.T.);
#4193=ADVANCED_FACE('',(#745),#561,.F.);
#4194=ADVANCED_FACE('',(#746),#562,.F.);
#4195=ADVANCED_FACE('',(#747),#563,.F.);
#4196=ADVANCED_FACE('',(#748),#564,.F.);
#4197=ADVANCED_FACE('',(#749),#4011,.T.);
#4198=ADVANCED_FACE('',(#750),#565,.F.);
#4199=ADVANCED_FACE('',(#751),#4012,.T.);
#4200=ADVANCED_FACE('',(#752),#566,.F.);
#4201=ADVANCED_FACE('',(#753),#4013,.T.);
#4202=ADVANCED_FACE('',(#754),#567,.F.);
#4203=ADVANCED_FACE('',(#755),#4014,.T.);
#4204=ADVANCED_FACE('',(#756),#568,.F.);
#4205=ADVANCED_FACE('',(#757),#4015,.T.);
#4206=ADVANCED_FACE('',(#758),#569,.F.);
#4207=ADVANCED_FACE('',(#759),#4016,.T.);
#4208=ADVANCED_FACE('',(#760),#570,.F.);
#4209=ADVANCED_FACE('',(#761),#4017,.T.);
#4210=ADVANCED_FACE('',(#762),#571,.F.);
#4211=ADVANCED_FACE('',(#763),#4018,.T.);
#4212=ADVANCED_FACE('',(#764),#572,.F.);
#4213=ADVANCED_FACE('',(#765),#4019,.T.);
#4214=ADVANCED_FACE('',(#766),#573,.F.);
#4215=ADVANCED_FACE('',(#767),#4020,.T.);
#4216=ADVANCED_FACE('',(#768),#574,.F.);
#4217=ADVANCED_FACE('',(#769),#4021,.T.);
#4218=ADVANCED_FACE('',(#770),#575,.F.);
#4219=ADVANCED_FACE('',(#771),#4022,.T.);
#4220=ADVANCED_FACE('',(#772),#576,.F.);
#4221=ADVANCED_FACE('',(#773),#577,.F.);
#4222=ADVANCED_FACE('',(#774),#4023,.T.);
#4223=ADVANCED_FACE('',(#775),#578,.F.);
#4224=ADVANCED_FACE('',(#776),#4024,.T.);
#4225=ADVANCED_FACE('',(#777),#579,.F.);
#4226=ADVANCED_FACE('',(#778),#4025,.T.);
#4227=ADVANCED_FACE('',(#779),#580,.F.);
#4228=ADVANCED_FACE('',(#780),#4026,.T.);
#4229=ADVANCED_FACE('',(#781),#581,.F.);
#4230=ADVANCED_FACE('',(#782),#4027,.T.);
#4231=ADVANCED_FACE('',(#783),#4028,.T.);
#4232=ADVANCED_FACE('',(#784,#171,#172,#173,#174,#175,#176,#177,#178,#179,
#180,#181,#182,#183,#184,#185),#4029,.T.);
#4233=CLOSED_SHELL('',(#4030,#4031,#4032,#4033,#4034,#4035,#4036,#4037,
#4038,#4039,#4040,#4041,#4042,#4043,#4044,#4045,#4046,#4047,#4048,#4049,
#4050,#4051,#4052,#4053,#4054,#4055,#4056));
#4234=CLOSED_SHELL('',(#4057,#4058,#4059,#4060,#4061,#4062,#4063,#4064,
#4065,#4066,#4067,#4068,#4069,#4070,#4071,#4072,#4073,#4074,#4075,#4076,
#4077,#4078,#4079,#4080,#4081,#4082,#4083,#4084,#4085,#4086,#4087,#4088,
#4089,#4090,#4091,#4092,#4093,#4094,#4095,#4096,#4097,#4098,#4099,#4100,
#4101,#4102,#4103,#4104,#4105,#4106,#4107,#4108,#4109,#4110,#4111,#4112,
#4113,#4114,#4115,#4116,#4117,#4118,#4119,#4120,#4121,#4122,#4123,#4124,
#4125,#4126,#4127,#4128,#4129));
#4235=CLOSED_SHELL('',(#4130,#4131,#4132,#4133,#4134,#4135,#4136,#4137,
#4138,#4139,#4140,#4141,#4142,#4143,#4144,#4145,#4146,#4147,#4148,#4149,
#4150,#4151,#4152,#4153,#4154,#4155,#4156,#4157,#4158,#4159,#4160,#4161,
#4162,#4163,#4164,#4165,#4166,#4167,#4168,#4169,#4170,#4171,#4172,#4173,
#4174,#4175,#4176,#4177,#4178,#4179,#4180,#4181,#4182,#4183,#4184,#4185,
#4186,#4187,#4188,#4189,#4190,#4191,#4192,#4193,#4194,#4195,#4196,#4197,
#4198,#4199,#4200,#4201,#4202,#4203,#4204,#4205,#4206,#4207,#4208,#4209,
#4210,#4211,#4212,#4213,#4214,#4215,#4216,#4217,#4218,#4219,#4220,#4221,
#4222,#4223,#4224,#4225,#4226,#4227,#4228,#4229,#4230,#4231,#4232));
#4236=DERIVED_UNIT_ELEMENT(#4238,1.);
#4237=DERIVED_UNIT_ELEMENT(#7165,-3.);
#4238=(
MASS_UNIT()
NAMED_UNIT(*)
SI_UNIT(.KILO.,.GRAM.)
);
#4239=DERIVED_UNIT((#4236,#4237));
#4240=MEASURE_REPRESENTATION_ITEM('density measure',
POSITIVE_RATIO_MEASURE(7850.),#4239);
#4241=PROPERTY_DEFINITION_REPRESENTATION(#4246,#4243);
#4242=PROPERTY_DEFINITION_REPRESENTATION(#4247,#4244);
#4243=REPRESENTATION('material name',(#4245),#7162);
#4244=REPRESENTATION('density',(#4240),#7162);
#4245=DESCRIPTIVE_REPRESENTATION_ITEM('Steel','Steel');
#4246=PROPERTY_DEFINITION('material property','material name',#7172);
#4247=PROPERTY_DEFINITION('material property','density of part',#7172);
#4248=AXIS2_PLACEMENT_3D('',#5976,#4716,#4717);
#4249=AXIS2_PLACEMENT_3D('',#5977,#4718,#4719);
#4250=AXIS2_PLACEMENT_3D('',#5986,#4724,#4725);
#4251=AXIS2_PLACEMENT_3D('',#5992,#4729,#4730);
#4252=AXIS2_PLACEMENT_3D('',#5998,#4734,#4735);
#4253=AXIS2_PLACEMENT_3D('',#6001,#4738,#4739);
#4254=AXIS2_PLACEMENT_3D('',#6004,#4740,#4741);
#4255=AXIS2_PLACEMENT_3D('',#6008,#4743,#4744);
#4256=AXIS2_PLACEMENT_3D('',#6010,#4746,#4747);
#4257=AXIS2_PLACEMENT_3D('',#6014,#4749,#4750);
#4258=AXIS2_PLACEMENT_3D('',#6018,#4752,#4753);
#4259=AXIS2_PLACEMENT_3D('',#6022,#4755,#4756);
#4260=AXIS2_PLACEMENT_3D('',#6028,#4759,#4760);
#4261=AXIS2_PLACEMENT_3D('',#6032,#4762,#4763);
#4262=AXIS2_PLACEMENT_3D('',#6036,#4765,#4766);
#4263=AXIS2_PLACEMENT_3D('',#6039,#4768,#4769);
#4264=AXIS2_PLACEMENT_3D('',#6041,#4770,#4771);
#4265=AXIS2_PLACEMENT_3D('',#6043,#4772,#4773);
#4266=AXIS2_PLACEMENT_3D('',#6045,#4774,#4775);
#4267=AXIS2_PLACEMENT_3D('',#6047,#4776,#4777);
#4268=AXIS2_PLACEMENT_3D('',#6048,#4778,#4779);
#4269=AXIS2_PLACEMENT_3D('',#6052,#4782,#4783);
#4270=AXIS2_PLACEMENT_3D('',#6054,#4784,#4785);
#4271=AXIS2_PLACEMENT_3D('',#6056,#4787,#4788);
#4272=AXIS2_PLACEMENT_3D('',#6060,#4790,#4791);
#4273=AXIS2_PLACEMENT_3D('',#6062,#4793,#4794);
#4274=AXIS2_PLACEMENT_3D('',#6066,#4797,#4798);
#4275=AXIS2_PLACEMENT_3D('',#6068,#4799,#4800);
#4276=AXIS2_PLACEMENT_3D('',#6070,#4802,#4803);
#4277=AXIS2_PLACEMENT_3D('',#6073,#4804,#4805);
#4278=AXIS2_PLACEMENT_3D('',#6076,#4808,#4809);
#4279=AXIS2_PLACEMENT_3D('',#6080,#4812,#4813);
#4280=AXIS2_PLACEMENT_3D('',#6082,#4814,#4815);
#4281=AXIS2_PLACEMENT_3D('',#6084,#4817,#4818);
#4282=AXIS2_PLACEMENT_3D('',#6088,#4821,#4822);
#4283=AXIS2_PLACEMENT_3D('',#6090,#4823,#4824);
#4284=AXIS2_PLACEMENT_3D('',#6092,#4826,#4827);
#4285=AXIS2_PLACEMENT_3D('',#6096,#4830,#4831);
#4286=AXIS2_PLACEMENT_3D('',#6098,#4832,#4833);
#4287=AXIS2_PLACEMENT_3D('',#6100,#4835,#4836);
#4288=AXIS2_PLACEMENT_3D('',#6102,#4838,#4839);
#4289=AXIS2_PLACEMENT_3D('',#6103,#4840,#4841);
#4290=AXIS2_PLACEMENT_3D('',#6106,#4843,#4844);
#4291=AXIS2_PLACEMENT_3D('',#6107,#4845,#4846);
#4292=AXIS2_PLACEMENT_3D('',#6110,#4848,#4849);
#4293=AXIS2_PLACEMENT_3D('',#6111,#4850,#4851);
#4294=AXIS2_PLACEMENT_3D('',#6114,#4853,#4854);
#4295=AXIS2_PLACEMENT_3D('',#6115,#4855,#4856);
#4296=AXIS2_PLACEMENT_3D('',#6118,#4858,#4859);
#4297=AXIS2_PLACEMENT_3D('',#6119,#4860,#4861);
#4298=AXIS2_PLACEMENT_3D('',#6121,#4863,#4864);
#4299=AXIS2_PLACEMENT_3D('',#6123,#4866,#4867);
#4300=AXIS2_PLACEMENT_3D('',#6124,#4868,#4869);
#4301=AXIS2_PLACEMENT_3D('',#6129,#4871,#4872);
#4302=AXIS2_PLACEMENT_3D('',#6132,#4874,#4875);
#4303=AXIS2_PLACEMENT_3D('',#6133,#4876,#4877);
#4304=AXIS2_PLACEMENT_3D('',#6139,#4881,#4882);
#4305=AXIS2_PLACEMENT_3D('',#6145,#4886,#4887);
#4306=AXIS2_PLACEMENT_3D('',#6147,#4888,#4889);
#4307=AXIS2_PLACEMENT_3D('',#6151,#4891,#4892);
#4308=AXIS2_PLACEMENT_3D('',#6154,#4894,#4895);
#4309=AXIS2_PLACEMENT_3D('',#6156,#4896,#4897);
#4310=AXIS2_PLACEMENT_3D('',#6158,#4898,#4899);
#4311=AXIS2_PLACEMENT_3D('',#6160,#4900,#4901);
#4312=AXIS2_PLACEMENT_3D('',#6162,#4902,#4903);
#4313=AXIS2_PLACEMENT_3D('',#6164,#4904,#4905);
#4314=AXIS2_PLACEMENT_3D('',#6166,#4906,#4907);
#4315=AXIS2_PLACEMENT_3D('',#6168,#4908,#4909);
#4316=AXIS2_PLACEMENT_3D('',#6170,#4910,#4911);
#4317=AXIS2_PLACEMENT_3D('',#6172,#4912,#4913);
#4318=AXIS2_PLACEMENT_3D('',#6174,#4914,#4915);
#4319=AXIS2_PLACEMENT_3D('',#6176,#4916,#4917);
#4320=AXIS2_PLACEMENT_3D('',#6178,#4918,#4919);
#4321=AXIS2_PLACEMENT_3D('',#6180,#4920,#4921);
#4322=AXIS2_PLACEMENT_3D('',#6182,#4922,#4923);
#4323=AXIS2_PLACEMENT_3D('',#6184,#4924,#4925);
#4324=AXIS2_PLACEMENT_3D('',#6186,#4926,#4927);
#4325=AXIS2_PLACEMENT_3D('',#6188,#4928,#4929);
#4326=AXIS2_PLACEMENT_3D('',#6190,#4930,#4931);
#4327=AXIS2_PLACEMENT_3D('',#6192,#4932,#4933);
#4328=AXIS2_PLACEMENT_3D('',#6194,#4934,#4935);
#4329=AXIS2_PLACEMENT_3D('',#6196,#4936,#4937);
#4330=AXIS2_PLACEMENT_3D('',#6198,#4938,#4939);
#4331=AXIS2_PLACEMENT_3D('',#6200,#4940,#4941);
#4332=AXIS2_PLACEMENT_3D('',#6202,#4942,#4943);
#4333=AXIS2_PLACEMENT_3D('',#6204,#4944,#4945);
#4334=AXIS2_PLACEMENT_3D('',#6206,#4946,#4947);
#4335=AXIS2_PLACEMENT_3D('',#6208,#4948,#4949);
#4336=AXIS2_PLACEMENT_3D('',#6210,#4950,#4951);
#4337=AXIS2_PLACEMENT_3D('',#6212,#4952,#4953);
#4338=AXIS2_PLACEMENT_3D('',#6214,#4954,#4955);
#4339=AXIS2_PLACEMENT_3D('',#6216,#4956,#4957);
#4340=AXIS2_PLACEMENT_3D('',#6218,#4958,#4959);
#4341=AXIS2_PLACEMENT_3D('',#6220,#4960,#4961);
#4342=AXIS2_PLACEMENT_3D('',#6222,#4962,#4963);
#4343=AXIS2_PLACEMENT_3D('',#6224,#4964,#4965);
#4344=AXIS2_PLACEMENT_3D('',#6226,#4966,#4967);
#4345=AXIS2_PLACEMENT_3D('',#6228,#4968,#4969);
#4346=AXIS2_PLACEMENT_3D('',#6230,#4970,#4971);
#4347=AXIS2_PLACEMENT_3D('',#6232,#4972,#4973);
#4348=AXIS2_PLACEMENT_3D('',#6234,#4974,#4975);
#4349=AXIS2_PLACEMENT_3D('',#6236,#4976,#4977);
#4350=AXIS2_PLACEMENT_3D('',#6238,#4978,#4979);
#4351=AXIS2_PLACEMENT_3D('',#6240,#4980,#4981);
#4352=AXIS2_PLACEMENT_3D('',#6242,#4982,#4983);
#4353=AXIS2_PLACEMENT_3D('',#6244,#4984,#4985);
#4354=AXIS2_PLACEMENT_3D('',#6246,#4986,#4987);
#4355=AXIS2_PLACEMENT_3D('',#6248,#4988,#4989);
#4356=AXIS2_PLACEMENT_3D('',#6250,#4990,#4991);
#4357=AXIS2_PLACEMENT_3D('',#6252,#4992,#4993);
#4358=AXIS2_PLACEMENT_3D('',#6254,#4994,#4995);
#4359=AXIS2_PLACEMENT_3D('',#6256,#4996,#4997);
#4360=AXIS2_PLACEMENT_3D('',#6258,#4998,#4999);
#4361=AXIS2_PLACEMENT_3D('',#6260,#5000,#5001);
#4362=AXIS2_PLACEMENT_3D('',#6262,#5002,#5003);
#4363=AXIS2_PLACEMENT_3D('',#6264,#5004,#5005);
#4364=AXIS2_PLACEMENT_3D('',#6266,#5006,#5007);
#4365=AXIS2_PLACEMENT_3D('',#6268,#5008,#5009);
#4366=AXIS2_PLACEMENT_3D('',#6270,#5010,#5011);
#4367=AXIS2_PLACEMENT_3D('',#6272,#5012,#5013);
#4368=AXIS2_PLACEMENT_3D('',#6274,#5014,#5015);
#4369=AXIS2_PLACEMENT_3D('',#6276,#5016,#5017);
#4370=AXIS2_PLACEMENT_3D('',#6278,#5018,#5019);
#4371=AXIS2_PLACEMENT_3D('',#6280,#5020,#5021);
#4372=AXIS2_PLACEMENT_3D('',#6281,#5022,#5023);
#4373=AXIS2_PLACEMENT_3D('',#6283,#5024,#5025);
#4374=AXIS2_PLACEMENT_3D('',#6287,#5027,#5028);
#4375=AXIS2_PLACEMENT_3D('',#6290,#5030,#5031);
#4376=AXIS2_PLACEMENT_3D('',#6292,#5032,#5033);
#4377=AXIS2_PLACEMENT_3D('',#6294,#5034,#5035);
#4378=AXIS2_PLACEMENT_3D('',#6296,#5036,#5037);
#4379=AXIS2_PLACEMENT_3D('',#6298,#5038,#5039);
#4380=AXIS2_PLACEMENT_3D('',#6300,#5040,#5041);
#4381=AXIS2_PLACEMENT_3D('',#6302,#5042,#5043);
#4382=AXIS2_PLACEMENT_3D('',#6304,#5044,#5045);
#4383=AXIS2_PLACEMENT_3D('',#6306,#5046,#5047);
#4384=AXIS2_PLACEMENT_3D('',#6308,#5048,#5049);
#4385=AXIS2_PLACEMENT_3D('',#6310,#5050,#5051);
#4386=AXIS2_PLACEMENT_3D('',#6312,#5052,#5053);
#4387=AXIS2_PLACEMENT_3D('',#6314,#5054,#5055);
#4388=AXIS2_PLACEMENT_3D('',#6316,#5056,#5057);
#4389=AXIS2_PLACEMENT_3D('',#6318,#5058,#5059);
#4390=AXIS2_PLACEMENT_3D('',#6320,#5060,#5061);
#4391=AXIS2_PLACEMENT_3D('',#6322,#5062,#5063);
#4392=AXIS2_PLACEMENT_3D('',#6324,#5064,#5065);
#4393=AXIS2_PLACEMENT_3D('',#6326,#5066,#5067);
#4394=AXIS2_PLACEMENT_3D('',#6328,#5068,#5069);
#4395=AXIS2_PLACEMENT_3D('',#6330,#5070,#5071);
#4396=AXIS2_PLACEMENT_3D('',#6332,#5072,#5073);
#4397=AXIS2_PLACEMENT_3D('',#6334,#5074,#5075);
#4398=AXIS2_PLACEMENT_3D('',#6336,#5076,#5077);
#4399=AXIS2_PLACEMENT_3D('',#6338,#5078,#5079);
#4400=AXIS2_PLACEMENT_3D('',#6340,#5080,#5081);
#4401=AXIS2_PLACEMENT_3D('',#6342,#5082,#5083);
#4402=AXIS2_PLACEMENT_3D('',#6344,#5084,#5085);
#4403=AXIS2_PLACEMENT_3D('',#6346,#5086,#5087);
#4404=AXIS2_PLACEMENT_3D('',#6348,#5088,#5089);
#4405=AXIS2_PLACEMENT_3D('',#6350,#5090,#5091);
#4406=AXIS2_PLACEMENT_3D('',#6352,#5092,#5093);
#4407=AXIS2_PLACEMENT_3D('',#6354,#5094,#5095);
#4408=AXIS2_PLACEMENT_3D('',#6356,#5096,#5097);
#4409=AXIS2_PLACEMENT_3D('',#6358,#5098,#5099);
#4410=AXIS2_PLACEMENT_3D('',#6360,#5100,#5101);
#4411=AXIS2_PLACEMENT_3D('',#6362,#5102,#5103);
#4412=AXIS2_PLACEMENT_3D('',#6364,#5104,#5105);
#4413=AXIS2_PLACEMENT_3D('',#6366,#5106,#5107);
#4414=AXIS2_PLACEMENT_3D('',#6368,#5108,#5109);
#4415=AXIS2_PLACEMENT_3D('',#6370,#5110,#5111);
#4416=AXIS2_PLACEMENT_3D('',#6372,#5112,#5113);
#4417=AXIS2_PLACEMENT_3D('',#6374,#5114,#5115);
#4418=AXIS2_PLACEMENT_3D('',#6376,#5116,#5117);
#4419=AXIS2_PLACEMENT_3D('',#6378,#5118,#5119);
#4420=AXIS2_PLACEMENT_3D('',#6380,#5120,#5121);
#4421=AXIS2_PLACEMENT_3D('',#6382,#5122,#5123);
#4422=AXIS2_PLACEMENT_3D('',#6384,#5124,#5125);
#4423=AXIS2_PLACEMENT_3D('',#6386,#5126,#5127);
#4424=AXIS2_PLACEMENT_3D('',#6388,#5128,#5129);
#4425=AXIS2_PLACEMENT_3D('',#6390,#5130,#5131);
#4426=AXIS2_PLACEMENT_3D('',#6392,#5132,#5133);
#4427=AXIS2_PLACEMENT_3D('',#6394,#5134,#5135);
#4428=AXIS2_PLACEMENT_3D('',#6396,#5136,#5137);
#4429=AXIS2_PLACEMENT_3D('',#6398,#5138,#5139);
#4430=AXIS2_PLACEMENT_3D('',#6400,#5140,#5141);
#4431=AXIS2_PLACEMENT_3D('',#6402,#5142,#5143);
#4432=AXIS2_PLACEMENT_3D('',#6404,#5144,#5145);
#4433=AXIS2_PLACEMENT_3D('',#6406,#5146,#5147);
#4434=AXIS2_PLACEMENT_3D('',#6408,#5148,#5149);
#4435=AXIS2_PLACEMENT_3D('',#6410,#5150,#5151);
#4436=AXIS2_PLACEMENT_3D('',#6412,#5152,#5153);
#4437=AXIS2_PLACEMENT_3D('',#6414,#5154,#5155);
#4438=AXIS2_PLACEMENT_3D('',#6416,#5156,#5157);
#4439=AXIS2_PLACEMENT_3D('',#6417,#5158,#5159);
#4440=AXIS2_PLACEMENT_3D('',#6419,#5161,#5162);
#4441=AXIS2_PLACEMENT_3D('',#6421,#5164,#5165);
#4442=AXIS2_PLACEMENT_3D('',#6423,#5167,#5168);
#4443=AXIS2_PLACEMENT_3D('',#6425,#5170,#5171);
#4444=AXIS2_PLACEMENT_3D('',#6426,#5172,#5173);
#4445=AXIS2_PLACEMENT_3D('',#6428,#5175,#5176);
#4446=AXIS2_PLACEMENT_3D('',#6430,#5178,#5179);
#4447=AXIS2_PLACEMENT_3D('',#6432,#5181,#5182);
#4448=AXIS2_PLACEMENT_3D('',#6434,#5184,#5185);
#4449=AXIS2_PLACEMENT_3D('',#6436,#5187,#5188);
#4450=AXIS2_PLACEMENT_3D('',#6438,#5190,#5191);
#4451=AXIS2_PLACEMENT_3D('',#6440,#5193,#5194);
#4452=AXIS2_PLACEMENT_3D('',#6442,#5196,#5197);
#4453=AXIS2_PLACEMENT_3D('',#6444,#5199,#5200);
#4454=AXIS2_PLACEMENT_3D('',#6446,#5202,#5203);
#4455=AXIS2_PLACEMENT_3D('',#6448,#5205,#5206);
#4456=AXIS2_PLACEMENT_3D('',#6450,#5208,#5209);
#4457=AXIS2_PLACEMENT_3D('',#6452,#5211,#5212);
#4458=AXIS2_PLACEMENT_3D('',#6454,#5214,#5215);
#4459=AXIS2_PLACEMENT_3D('',#6456,#5217,#5218);
#4460=AXIS2_PLACEMENT_3D('',#6458,#5220,#5221);
#4461=AXIS2_PLACEMENT_3D('',#6460,#5223,#5224);
#4462=AXIS2_PLACEMENT_3D('',#6462,#5226,#5227);
#4463=AXIS2_PLACEMENT_3D('',#6464,#5229,#5230);
#4464=AXIS2_PLACEMENT_3D('',#6466,#5232,#5233);
#4465=AXIS2_PLACEMENT_3D('',#6468,#5235,#5236);
#4466=AXIS2_PLACEMENT_3D('',#6470,#5238,#5239);
#4467=AXIS2_PLACEMENT_3D('',#6472,#5241,#5242);
#4468=AXIS2_PLACEMENT_3D('',#6474,#5244,#5245);
#4469=AXIS2_PLACEMENT_3D('',#6476,#5247,#5248);
#4470=AXIS2_PLACEMENT_3D('',#6478,#5250,#5251);
#4471=AXIS2_PLACEMENT_3D('',#6480,#5253,#5254);
#4472=AXIS2_PLACEMENT_3D('',#6482,#5256,#5257);
#4473=AXIS2_PLACEMENT_3D('',#6484,#5259,#5260);
#4474=AXIS2_PLACEMENT_3D('',#6486,#5262,#5263);
#4475=AXIS2_PLACEMENT_3D('',#6488,#5265,#5266);
#4476=AXIS2_PLACEMENT_3D('',#6490,#5268,#5269);
#4477=AXIS2_PLACEMENT_3D('',#6492,#5271,#5272);
#4478=AXIS2_PLACEMENT_3D('',#6494,#5274,#5275);
#4479=AXIS2_PLACEMENT_3D('',#6496,#5277,#5278);
#4480=AXIS2_PLACEMENT_3D('',#6498,#5280,#5281);
#4481=AXIS2_PLACEMENT_3D('',#6500,#5283,#5284);
#4482=AXIS2_PLACEMENT_3D('',#6502,#5286,#5287);
#4483=AXIS2_PLACEMENT_3D('',#6504,#5289,#5290);
#4484=AXIS2_PLACEMENT_3D('',#6506,#5292,#5293);
#4485=AXIS2_PLACEMENT_3D('',#6508,#5295,#5296);
#4486=AXIS2_PLACEMENT_3D('',#6510,#5298,#5299);
#4487=AXIS2_PLACEMENT_3D('',#6512,#5301,#5302);
#4488=AXIS2_PLACEMENT_3D('',#6514,#5304,#5305);
#4489=AXIS2_PLACEMENT_3D('',#6516,#5307,#5308);
#4490=AXIS2_PLACEMENT_3D('',#6518,#5310,#5311);
#4491=AXIS2_PLACEMENT_3D('',#6520,#5313,#5314);
#4492=AXIS2_PLACEMENT_3D('',#6522,#5316,#5317);
#4493=AXIS2_PLACEMENT_3D('',#6524,#5319,#5320);
#4494=AXIS2_PLACEMENT_3D('',#6526,#5322,#5323);
#4495=AXIS2_PLACEMENT_3D('',#6528,#5325,#5326);
#4496=AXIS2_PLACEMENT_3D('',#6530,#5328,#5329);
#4497=AXIS2_PLACEMENT_3D('',#6532,#5331,#5332);
#4498=AXIS2_PLACEMENT_3D('',#6534,#5334,#5335);
#4499=AXIS2_PLACEMENT_3D('',#6536,#5337,#5338);
#4500=AXIS2_PLACEMENT_3D('',#6538,#5340,#5341);
#4501=AXIS2_PLACEMENT_3D('',#6540,#5343,#5344);
#4502=AXIS2_PLACEMENT_3D('',#6542,#5346,#5347);
#4503=AXIS2_PLACEMENT_3D('',#6544,#5349,#5350);
#4504=AXIS2_PLACEMENT_3D('',#6546,#5352,#5353);
#4505=AXIS2_PLACEMENT_3D('',#6548,#5355,#5356);
#4506=AXIS2_PLACEMENT_3D('',#6550,#5358,#5359);
#4507=AXIS2_PLACEMENT_3D('',#6552,#5361,#5362);
#4508=AXIS2_PLACEMENT_3D('',#6555,#5363,#5364);
#4509=AXIS2_PLACEMENT_3D('',#6559,#5366,#5367);
#4510=AXIS2_PLACEMENT_3D('',#6561,#5369,#5370);
#4511=AXIS2_PLACEMENT_3D('',#6567,#5374,#5375);
#4512=AXIS2_PLACEMENT_3D('',#6571,#5377,#5378);
#4513=AXIS2_PLACEMENT_3D('',#6575,#5380,#5381);
#4514=AXIS2_PLACEMENT_3D('',#6578,#5383,#5384);
#4515=AXIS2_PLACEMENT_3D('',#6583,#5386,#5387);
#4516=AXIS2_PLACEMENT_3D('',#6587,#5389,#5390);
#4517=AXIS2_PLACEMENT_3D('',#6591,#5392,#5393);
#4518=AXIS2_PLACEMENT_3D('',#6594,#5395,#5396);
#4519=AXIS2_PLACEMENT_3D('',#6599,#5398,#5399);
#4520=AXIS2_PLACEMENT_3D('',#6603,#5401,#5402);
#4521=AXIS2_PLACEMENT_3D('',#6607,#5404,#5405);
#4522=AXIS2_PLACEMENT_3D('',#6610,#5407,#5408);
#4523=AXIS2_PLACEMENT_3D('',#6613,#5409,#5410);
#4524=AXIS2_PLACEMENT_3D('',#6617,#5412,#5413);
#4525=AXIS2_PLACEMENT_3D('',#6621,#5415,#5416);
#4526=AXIS2_PLACEMENT_3D('',#6625,#5418,#5419);
#4527=AXIS2_PLACEMENT_3D('',#6628,#5421,#5422);
#4528=AXIS2_PLACEMENT_3D('',#6631,#5423,#5424);
#4529=AXIS2_PLACEMENT_3D('',#6635,#5426,#5427);
#4530=AXIS2_PLACEMENT_3D('',#6639,#5429,#5430);
#4531=AXIS2_PLACEMENT_3D('',#6643,#5432,#5433);
#4532=AXIS2_PLACEMENT_3D('',#6647,#5435,#5436);
#4533=AXIS2_PLACEMENT_3D('',#6651,#5438,#5439);
#4534=AXIS2_PLACEMENT_3D('',#6655,#5441,#5442);
#4535=AXIS2_PLACEMENT_3D('',#6659,#5444,#5445);
#4536=AXIS2_PLACEMENT_3D('',#6663,#5447,#5448);
#4537=AXIS2_PLACEMENT_3D('',#6667,#5450,#5451);
#4538=AXIS2_PLACEMENT_3D('',#6671,#5453,#5454);
#4539=AXIS2_PLACEMENT_3D('',#6675,#5456,#5457);
#4540=AXIS2_PLACEMENT_3D('',#6678,#5459,#5460);
#4541=AXIS2_PLACEMENT_3D('',#6681,#5461,#5462);
#4542=AXIS2_PLACEMENT_3D('',#6682,#5463,#5464);
#4543=AXIS2_PLACEMENT_3D('',#6685,#5465,#5466);
#4544=AXIS2_PLACEMENT_3D('',#6689,#5468,#5469);
#4545=AXIS2_PLACEMENT_3D('',#6693,#5471,#5472);
#4546=AXIS2_PLACEMENT_3D('',#6697,#5474,#5475);
#4547=AXIS2_PLACEMENT_3D('',#6701,#5477,#5478);
#4548=AXIS2_PLACEMENT_3D('',#6705,#5480,#5481);
#4549=AXIS2_PLACEMENT_3D('',#6709,#5483,#5484);
#4550=AXIS2_PLACEMENT_3D('',#6713,#5486,#5487);
#4551=AXIS2_PLACEMENT_3D('',#6717,#5489,#5490);
#4552=AXIS2_PLACEMENT_3D('',#6721,#5492,#5493);
#4553=AXIS2_PLACEMENT_3D('',#6725,#5495,#5496);
#4554=AXIS2_PLACEMENT_3D('',#6729,#5498,#5499);
#4555=AXIS2_PLACEMENT_3D('',#6733,#5501,#5502);
#4556=AXIS2_PLACEMENT_3D('',#6737,#5504,#5505);
#4557=AXIS2_PLACEMENT_3D('',#6741,#5507,#5508);
#4558=AXIS2_PLACEMENT_3D('',#6745,#5510,#5511);
#4559=AXIS2_PLACEMENT_3D('',#6748,#5513,#5514);
#4560=AXIS2_PLACEMENT_3D('',#6751,#5515,#5516);
#4561=AXIS2_PLACEMENT_3D('',#6755,#5518,#5519);
#4562=AXIS2_PLACEMENT_3D('',#6759,#5521,#5522);
#4563=AXIS2_PLACEMENT_3D('',#6763,#5524,#5525);
#4564=AXIS2_PLACEMENT_3D('',#6765,#5527,#5528);
#4565=AXIS2_PLACEMENT_3D('',#6768,#5529,#5530);
#4566=AXIS2_PLACEMENT_3D('',#6771,#5533,#5534);
#4567=AXIS2_PLACEMENT_3D('',#6775,#5537,#5538);
#4568=AXIS2_PLACEMENT_3D('',#6777,#5539,#5540);
#4569=AXIS2_PLACEMENT_3D('',#6779,#5542,#5543);
#4570=AXIS2_PLACEMENT_3D('',#6781,#5544,#5545);
#4571=AXIS2_PLACEMENT_3D('',#6783,#5547,#5548);
#4572=AXIS2_PLACEMENT_3D('',#6787,#5550,#5551);
#4573=AXIS2_PLACEMENT_3D('',#6789,#5553,#5554);
#4574=AXIS2_PLACEMENT_3D('',#6793,#5557,#5558);
#4575=AXIS2_PLACEMENT_3D('',#6797,#5560,#5561);
#4576=AXIS2_PLACEMENT_3D('',#6799,#5563,#5564);
#4577=AXIS2_PLACEMENT_3D('',#6803,#5567,#5568);
#4578=AXIS2_PLACEMENT_3D('',#6806,#5570,#5571);
#4579=AXIS2_PLACEMENT_3D('',#6807,#5572,#5573);
#4580=AXIS2_PLACEMENT_3D('',#6811,#5576,#5577);
#4581=AXIS2_PLACEMENT_3D('',#6812,#5578,#5579);
#4582=AXIS2_PLACEMENT_3D('',#6813,#5580,#5581);
#4583=AXIS2_PLACEMENT_3D('',#6815,#5583,#5584);
#4584=AXIS2_PLACEMENT_3D('',#6818,#5585,#5586);
#4585=AXIS2_PLACEMENT_3D('',#6821,#5589,#5590);
#4586=AXIS2_PLACEMENT_3D('',#6825,#5593,#5594);
#4587=AXIS2_PLACEMENT_3D('',#6827,#5595,#5596);
#4588=AXIS2_PLACEMENT_3D('',#6829,#5598,#5599);
#4589=AXIS2_PLACEMENT_3D('',#6832,#5600,#5601);
#4590=AXIS2_PLACEMENT_3D('',#6835,#5604,#5605);
#4591=AXIS2_PLACEMENT_3D('',#6839,#5608,#5609);
#4592=AXIS2_PLACEMENT_3D('',#6841,#5610,#5611);
#4593=AXIS2_PLACEMENT_3D('',#6843,#5613,#5614);
#4594=AXIS2_PLACEMENT_3D('',#6845,#5616,#5617);
#4595=AXIS2_PLACEMENT_3D('',#6847,#5619,#5620);
#4596=AXIS2_PLACEMENT_3D('',#6853,#5624,#5625);
#4597=AXIS2_PLACEMENT_3D('',#6855,#5626,#5627);
#4598=AXIS2_PLACEMENT_3D('',#6857,#5629,#5630);
#4599=AXIS2_PLACEMENT_3D('',#6861,#5633,#5634);
#4600=AXIS2_PLACEMENT_3D('',#6863,#5635,#5636);
#4601=AXIS2_PLACEMENT_3D('',#6865,#5638,#5639);
#4602=AXIS2_PLACEMENT_3D('',#6869,#5642,#5643);
#4603=AXIS2_PLACEMENT_3D('',#6871,#5644,#5645);
#4604=AXIS2_PLACEMENT_3D('',#6873,#5647,#5648);
#4605=AXIS2_PLACEMENT_3D('',#6877,#5651,#5652);
#4606=AXIS2_PLACEMENT_3D('',#6878,#5653,#5654);
#4607=AXIS2_PLACEMENT_3D('',#6879,#5655,#5656);
#4608=AXIS2_PLACEMENT_3D('',#6881,#5657,#5658);
#4609=AXIS2_PLACEMENT_3D('',#6883,#5660,#5661);
#4610=AXIS2_PLACEMENT_3D('',#6889,#5665,#5666);
#4611=AXIS2_PLACEMENT_3D('',#6891,#5667,#5668);
#4612=AXIS2_PLACEMENT_3D('',#6893,#5670,#5671);
#4613=AXIS2_PLACEMENT_3D('',#6897,#5674,#5675);
#4614=AXIS2_PLACEMENT_3D('',#6899,#5676,#5677);
#4615=AXIS2_PLACEMENT_3D('',#6901,#5679,#5680);
#4616=AXIS2_PLACEMENT_3D('',#6905,#5683,#5684);
#4617=AXIS2_PLACEMENT_3D('',#6907,#5685,#5686);
#4618=AXIS2_PLACEMENT_3D('',#6909,#5688,#5689);
#4619=AXIS2_PLACEMENT_3D('',#6913,#5692,#5693);
#4620=AXIS2_PLACEMENT_3D('',#6914,#5694,#5695);
#4621=AXIS2_PLACEMENT_3D('',#6915,#5696,#5697);
#4622=AXIS2_PLACEMENT_3D('',#6921,#5701,#5702);
#4623=AXIS2_PLACEMENT_3D('',#6923,#5703,#5704);
#4624=AXIS2_PLACEMENT_3D('',#6925,#5706,#5707);
#4625=AXIS2_PLACEMENT_3D('',#6929,#5710,#5711);
#4626=AXIS2_PLACEMENT_3D('',#6931,#5712,#5713);
#4627=AXIS2_PLACEMENT_3D('',#6933,#5715,#5716);
#4628=AXIS2_PLACEMENT_3D('',#6937,#5719,#5720);
#4629=AXIS2_PLACEMENT_3D('',#6939,#5721,#5722);
#4630=AXIS2_PLACEMENT_3D('',#6941,#5724,#5725);
#4631=AXIS2_PLACEMENT_3D('',#6945,#5728,#5729);
#4632=AXIS2_PLACEMENT_3D('',#6946,#5730,#5731);
#4633=AXIS2_PLACEMENT_3D('',#6947,#5732,#5733);
#4634=AXIS2_PLACEMENT_3D('',#6953,#5737,#5738);
#4635=AXIS2_PLACEMENT_3D('',#6955,#5739,#5740);
#4636=AXIS2_PLACEMENT_3D('',#6957,#5742,#5743);
#4637=AXIS2_PLACEMENT_3D('',#6961,#5746,#5747);
#4638=AXIS2_PLACEMENT_3D('',#6963,#5748,#5749);
#4639=AXIS2_PLACEMENT_3D('',#6965,#5751,#5752);
#4640=AXIS2_PLACEMENT_3D('',#6969,#5755,#5756);
#4641=AXIS2_PLACEMENT_3D('',#6971,#5757,#5758);
#4642=AXIS2_PLACEMENT_3D('',#6973,#5760,#5761);
#4643=AXIS2_PLACEMENT_3D('',#6977,#5764,#5765);
#4644=AXIS2_PLACEMENT_3D('',#6978,#5766,#5767);
#4645=AXIS2_PLACEMENT_3D('',#6979,#5768,#5769);
#4646=AXIS2_PLACEMENT_3D('',#6985,#5773,#5774);
#4647=AXIS2_PLACEMENT_3D('',#6987,#5775,#5776);
#4648=AXIS2_PLACEMENT_3D('',#6989,#5778,#5779);
#4649=AXIS2_PLACEMENT_3D('',#6993,#5782,#5783);
#4650=AXIS2_PLACEMENT_3D('',#6995,#5784,#5785);
#4651=AXIS2_PLACEMENT_3D('',#6997,#5787,#5788);
#4652=AXIS2_PLACEMENT_3D('',#7001,#5791,#5792);
#4653=AXIS2_PLACEMENT_3D('',#7003,#5793,#5794);
#4654=AXIS2_PLACEMENT_3D('',#7005,#5796,#5797);
#4655=AXIS2_PLACEMENT_3D('',#7009,#5800,#5801);
#4656=AXIS2_PLACEMENT_3D('',#7010,#5802,#5803);
#4657=AXIS2_PLACEMENT_3D('',#7011,#5804,#5805);
#4658=AXIS2_PLACEMENT_3D('',#7015,#5807,#5808);
#4659=AXIS2_PLACEMENT_3D('',#7017,#5810,#5811);
#4660=AXIS2_PLACEMENT_3D('',#7018,#5812,#5813);
#4661=AXIS2_PLACEMENT_3D('',#7019,#5814,#5815);
#4662=AXIS2_PLACEMENT_3D('',#7021,#5816,#5817);
#4663=AXIS2_PLACEMENT_3D('',#7023,#5819,#5820);
#4664=AXIS2_PLACEMENT_3D('',#7029,#5824,#5825);
#4665=AXIS2_PLACEMENT_3D('',#7031,#5826,#5827);
#4666=AXIS2_PLACEMENT_3D('',#7033,#5829,#5830);
#4667=AXIS2_PLACEMENT_3D('',#7037,#5833,#5834);
#4668=AXIS2_PLACEMENT_3D('',#7039,#5835,#5836);
#4669=AXIS2_PLACEMENT_3D('',#7041,#5838,#5839);
#4670=AXIS2_PLACEMENT_3D('',#7045,#5842,#5843);
#4671=AXIS2_PLACEMENT_3D('',#7047,#5844,#5845);
#4672=AXIS2_PLACEMENT_3D('',#7049,#5847,#5848);
#4673=AXIS2_PLACEMENT_3D('',#7053,#5851,#5852);
#4674=AXIS2_PLACEMENT_3D('',#7054,#5853,#5854);
#4675=AXIS2_PLACEMENT_3D('',#7055,#5855,#5856);
#4676=AXIS2_PLACEMENT_3D('',#7061,#5860,#5861);
#4677=AXIS2_PLACEMENT_3D('',#7063,#5862,#5863);
#4678=AXIS2_PLACEMENT_3D('',#7065,#5865,#5866);
#4679=AXIS2_PLACEMENT_3D('',#7069,#5869,#5870);
#4680=AXIS2_PLACEMENT_3D('',#7071,#5871,#5872);
#4681=AXIS2_PLACEMENT_3D('',#7073,#5874,#5875);
#4682=AXIS2_PLACEMENT_3D('',#7077,#5878,#5879);
#4683=AXIS2_PLACEMENT_3D('',#7079,#5880,#5881);
#4684=AXIS2_PLACEMENT_3D('',#7081,#5883,#5884);
#4685=AXIS2_PLACEMENT_3D('',#7085,#5887,#5888);
#4686=AXIS2_PLACEMENT_3D('',#7086,#5889,#5890);
#4687=AXIS2_PLACEMENT_3D('',#7087,#5891,#5892);
#4688=AXIS2_PLACEMENT_3D('',#7093,#5896,#5897);
#4689=AXIS2_PLACEMENT_3D('',#7095,#5898,#5899);
#4690=AXIS2_PLACEMENT_3D('',#7097,#5901,#5902);
#4691=AXIS2_PLACEMENT_3D('',#7101,#5905,#5906);
#4692=AXIS2_PLACEMENT_3D('',#7103,#5907,#5908);
#4693=AXIS2_PLACEMENT_3D('',#7105,#5910,#5911);
#4694=AXIS2_PLACEMENT_3D('',#7109,#5914,#5915);
#4695=AXIS2_PLACEMENT_3D('',#7111,#5916,#5917);
#4696=AXIS2_PLACEMENT_3D('',#7113,#5919,#5920);
#4697=AXIS2_PLACEMENT_3D('',#7117,#5923,#5924);
#4698=AXIS2_PLACEMENT_3D('',#7118,#5925,#5926);
#4699=AXIS2_PLACEMENT_3D('',#7119,#5927,#5928);
#4700=AXIS2_PLACEMENT_3D('',#7121,#5929,#5930);
#4701=AXIS2_PLACEMENT_3D('',#7123,#5932,#5933);
#4702=AXIS2_PLACEMENT_3D('',#7129,#5937,#5938);
#4703=AXIS2_PLACEMENT_3D('',#7131,#5939,#5940);
#4704=AXIS2_PLACEMENT_3D('',#7133,#5942,#5943);
#4705=AXIS2_PLACEMENT_3D('',#7137,#5946,#5947);
#4706=AXIS2_PLACEMENT_3D('',#7139,#5948,#5949);
#4707=AXIS2_PLACEMENT_3D('',#7141,#5951,#5952);
#4708=AXIS2_PLACEMENT_3D('',#7145,#5955,#5956);
#4709=AXIS2_PLACEMENT_3D('',#7147,#5957,#5958);
#4710=AXIS2_PLACEMENT_3D('',#7149,#5960,#5961);
#4711=AXIS2_PLACEMENT_3D('',#7153,#5964,#5965);
#4712=AXIS2_PLACEMENT_3D('',#7154,#5966,#5967);
#4713=AXIS2_PLACEMENT_3D('',#7155,#5968,#5969);
#4714=AXIS2_PLACEMENT_3D('',#7157,#5971,#5972);
#4715=AXIS2_PLACEMENT_3D('',#7159,#5974,#5975);
#4716=DIRECTION('axis',(0.,0.,1.));
#4717=DIRECTION('refdir',(1.,0.,0.));
#4718=DIRECTION('center_axis',(0.,-1.,0.));
#4719=DIRECTION('ref_axis',(0.,0.,-1.));
#4720=DIRECTION('',(-1.,0.,-8.93539657646001E-17));
#4721=DIRECTION('',(0.,0.,1.));
#4722=DIRECTION('',(1.,0.,0.));
#4723=DIRECTION('',(0.,0.,-1.));
#4724=DIRECTION('center_axis',(1.,0.,0.));
#4725=DIRECTION('ref_axis',(0.,1.,0.));
#4726=DIRECTION('',(0.,1.,0.));
#4727=DIRECTION('',(0.,0.,1.));
#4728=DIRECTION('',(0.,-1.,0.));
#4729=DIRECTION('center_axis',(0.,-1.,0.));
#4730=DIRECTION('ref_axis',(1.,0.,0.));
#4731=DIRECTION('',(-1.,0.,-8.93539657646001E-17));
#4732=DIRECTION('',(1.,0.,0.));
#4733=DIRECTION('',(0.,0.,1.));
#4734=DIRECTION('center_axis',(-1.,0.,0.));
#4735=DIRECTION('ref_axis',(0.,-1.,0.));
#4736=DIRECTION('',(0.,1.,0.));
#4737=DIRECTION('',(0.,-1.,0.));
#4738=DIRECTION('center_axis',(0.,1.,0.));
#4739=DIRECTION('ref_axis',(0.707106781186549,0.,-0.707106781186546));
#4740=DIRECTION('center_axis',(0.,-1.,0.));
#4741=DIRECTION('ref_axis',(0.707106781186549,0.,-0.707106781186546));
#4742=DIRECTION('',(0.,-1.,0.));
#4743=DIRECTION('center_axis',(0.,1.,0.));
#4744=DIRECTION('ref_axis',(0.707106781186549,0.,-0.707106781186546));
#4745=DIRECTION('',(0.,1.,0.));
#4746=DIRECTION('center_axis',(0.,1.,0.));
#4747=DIRECTION('ref_axis',(1.,0.,0.));
#4748=DIRECTION('',(-1.,0.,0.));
#4749=DIRECTION('center_axis',(0.,-1.,0.));
#4750=DIRECTION('ref_axis',(-0.707106781186546,0.,-0.707106781186549));
#4751=DIRECTION('',(-4.67954910274039E-17,0.,1.));
#4752=DIRECTION('center_axis',(0.,-1.,0.));
#4753=DIRECTION('ref_axis',(-0.70710678118655,0.,0.707106781186545));
#4754=DIRECTION('',(1.,0.,-7.43868023199435E-17));
#4755=DIRECTION('center_axis',(0.,-1.,0.));
#4756=DIRECTION('ref_axis',(0.707106781186548,0.,0.707106781186548));
#4757=DIRECTION('',(-1.87181964109615E-16,0.,-1.));
#4758=DIRECTION('',(-1.,0.,-8.93539657646001E-17));
#4759=DIRECTION('center_axis',(0.,1.,0.));
#4760=DIRECTION('ref_axis',(-0.707106781186551,0.,0.707106781186544));
#4761=DIRECTION('',(0.,0.,-1.));
#4762=DIRECTION('center_axis',(0.,1.,0.));
#4763=DIRECTION('ref_axis',(-0.707106781186548,0.,-0.707106781186548));
#4764=DIRECTION('',(1.,0.,8.93539657646001E-17));
#4765=DIRECTION('center_axis',(0.,1.,0.));
#4766=DIRECTION('ref_axis',(0.707106781186544,0.,-0.707106781186551));
#4767=DIRECTION('',(-1.18581898491338E-16,0.,1.));
#4768=DIRECTION('center_axis',(0.,1.,0.));
#4769=DIRECTION('ref_axis',(0.707106781186548,0.,0.707106781186548));
#4770=DIRECTION('center_axis',(0.,-1.,0.));
#4771=DIRECTION('ref_axis',(1.,0.,0.));
#4772=DIRECTION('center_axis',(0.,-1.,0.));
#4773=DIRECTION('ref_axis',(1.,0.,0.));
#4774=DIRECTION('center_axis',(0.,-1.,0.));
#4775=DIRECTION('ref_axis',(1.,0.,0.));
#4776=DIRECTION('center_axis',(0.,-1.,0.));
#4777=DIRECTION('ref_axis',(1.,0.,0.));
#4778=DIRECTION('center_axis',(0.,0.,-1.));
#4779=DIRECTION('ref_axis',(-1.,0.,0.));
#4780=DIRECTION('',(1.,0.,0.));
#4781=DIRECTION('',(0.,-1.,0.));
#4782=DIRECTION('center_axis',(0.,1.,0.));
#4783=DIRECTION('ref_axis',(-0.707106781186546,0.,-0.707106781186549));
#4784=DIRECTION('center_axis',(0.,1.,0.));
#4785=DIRECTION('ref_axis',(-0.707106781186546,0.,-0.707106781186549));
#4786=DIRECTION('',(0.,1.,0.));
#4787=DIRECTION('center_axis',(0.,1.,0.));
#4788=DIRECTION('ref_axis',(-0.70710678118655,0.,0.707106781186545));
#4789=DIRECTION('',(0.,-1.,0.));
#4790=DIRECTION('center_axis',(0.,1.,0.));
#4791=DIRECTION('ref_axis',(-0.70710678118655,0.,0.707106781186545));
#4792=DIRECTION('',(0.,1.,0.));
#4793=DIRECTION('center_axis',(7.43868023199435E-17,0.,1.));
#4794=DIRECTION('ref_axis',(1.,0.,-7.43868023199435E-17));
#4795=DIRECTION('',(-1.,0.,7.43868023199435E-17));
#4796=DIRECTION('',(0.,-1.,0.));
#4797=DIRECTION('center_axis',(0.,1.,0.));
#4798=DIRECTION('ref_axis',(0.707106781186548,0.,0.707106781186548));
#4799=DIRECTION('center_axis',(0.,1.,0.));
#4800=DIRECTION('ref_axis',(0.707106781186548,0.,0.707106781186548));
#4801=DIRECTION('',(0.,1.,0.));
#4802=DIRECTION('center_axis',(0.,1.,0.));
#4803=DIRECTION('ref_axis',(0.707106781186548,0.,0.707106781186548));
#4804=DIRECTION('center_axis',(0.,1.,0.));
#4805=DIRECTION('ref_axis',(0.707106781186548,0.,0.707106781186548));
#4806=DIRECTION('',(0.,1.,0.));
#4807=DIRECTION('',(0.,-1.,0.));
#4808=DIRECTION('center_axis',(8.93539657646001E-17,0.,-1.));
#4809=DIRECTION('ref_axis',(-1.,0.,-8.93539657646001E-17));
#4810=DIRECTION('',(1.,0.,8.93539657646001E-17));
#4811=DIRECTION('',(0.,-1.,0.));
#4812=DIRECTION('center_axis',(0.,1.,0.));
#4813=DIRECTION('ref_axis',(-0.707106781186551,0.,0.707106781186544));
#4814=DIRECTION('center_axis',(0.,1.,0.));
#4815=DIRECTION('ref_axis',(-0.707106781186551,0.,0.707106781186544));
#4816=DIRECTION('',(0.,1.,0.));
#4817=DIRECTION('center_axis',(1.,0.,0.));
#4818=DIRECTION('ref_axis',(0.,0.,-1.));
#4819=DIRECTION('',(0.,0.,1.));
#4820=DIRECTION('',(0.,-1.,0.));
#4821=DIRECTION('center_axis',(0.,1.,0.));
#4822=DIRECTION('ref_axis',(-0.707106781186548,0.,-0.707106781186548));
#4823=DIRECTION('center_axis',(0.,1.,0.));
#4824=DIRECTION('ref_axis',(-0.707106781186548,0.,-0.707106781186548));
#4825=DIRECTION('',(0.,1.,0.));
#4826=DIRECTION('center_axis',(-8.93539657646001E-17,0.,1.));
#4827=DIRECTION('ref_axis',(1.,0.,8.93539657646001E-17));
#4828=DIRECTION('',(-1.,0.,-8.93539657646001E-17));
#4829=DIRECTION('',(0.,-1.,0.));
#4830=DIRECTION('center_axis',(0.,1.,0.));
#4831=DIRECTION('ref_axis',(0.707106781186544,0.,-0.707106781186551));
#4832=DIRECTION('center_axis',(0.,1.,0.));
#4833=DIRECTION('ref_axis',(0.707106781186544,0.,-0.707106781186551));
#4834=DIRECTION('',(0.,1.,0.));
#4835=DIRECTION('center_axis',(0.,1.,0.));
#4836=DIRECTION('ref_axis',(1.,0.,0.));
#4837=DIRECTION('',(1.18581898491338E-16,0.,-1.));
#4838=DIRECTION('center_axis',(-1.,0.,-1.18581898491338E-16));
#4839=DIRECTION('ref_axis',(-1.18581898491338E-16,0.,1.));
#4840=DIRECTION('center_axis',(0.,1.,0.));
#4841=DIRECTION('ref_axis',(1.,0.,0.));
#4842=DIRECTION('',(0.,-1.,0.));
#4843=DIRECTION('center_axis',(0.,-1.,0.));
#4844=DIRECTION('ref_axis',(1.,0.,0.));
#4845=DIRECTION('center_axis',(0.,1.,0.));
#4846=DIRECTION('ref_axis',(1.,0.,0.));
#4847=DIRECTION('',(0.,-1.,0.));
#4848=DIRECTION('center_axis',(0.,-1.,0.));
#4849=DIRECTION('ref_axis',(1.,0.,0.));
#4850=DIRECTION('center_axis',(0.,1.,0.));
#4851=DIRECTION('ref_axis',(1.,0.,0.));
#4852=DIRECTION('',(0.,-1.,0.));
#4853=DIRECTION('center_axis',(0.,-1.,0.));
#4854=DIRECTION('ref_axis',(1.,0.,0.));
#4855=DIRECTION('center_axis',(0.,1.,0.));
#4856=DIRECTION('ref_axis',(1.,0.,0.));
#4857=DIRECTION('',(0.,-1.,0.));
#4858=DIRECTION('center_axis',(0.,-1.,0.));
#4859=DIRECTION('ref_axis',(1.,0.,0.));
#4860=DIRECTION('center_axis',(-1.,0.,-4.67954910274039E-17));
#4861=DIRECTION('ref_axis',(-4.67954910274039E-17,0.,1.));
#4862=DIRECTION('',(4.67954910274039E-17,0.,-1.));
#4863=DIRECTION('center_axis',(1.,0.,-1.87181964109615E-16));
#4864=DIRECTION('ref_axis',(-1.87181964109615E-16,0.,-1.));
#4865=DIRECTION('',(1.87181964109615E-16,0.,1.));
#4866=DIRECTION('center_axis',(0.,1.,0.));
#4867=DIRECTION('ref_axis',(1.,0.,0.));
#4868=DIRECTION('center_axis',(0.,-1.,2.22044604925031E-16));
#4869=DIRECTION('ref_axis',(-7.47075734953692E-7,-2.22044604924969E-16,
-0.999999999999721));
#4870=DIRECTION('',(0.,1.,-2.22044604925031E-16));
#4871=DIRECTION('center_axis',(0.,-1.,2.22044604925031E-16));
#4872=DIRECTION('ref_axis',(-7.47075734953692E-7,-2.22044604924969E-16,
-0.999999999999721));
#4873=DIRECTION('',(0.,1.,-2.22044604925031E-16));
#4874=DIRECTION('center_axis',(0.,-1.,2.22044604925031E-16));
#4875=DIRECTION('ref_axis',(-7.47075734953692E-7,-2.22044604924969E-16,
-0.999999999999721));
#4876=DIRECTION('center_axis',(0.,-2.22044604925031E-16,-1.));
#4877=DIRECTION('ref_axis',(1.,0.,0.));
#4878=DIRECTION('',(0.,1.,-2.22044604925031E-16));
#4879=DIRECTION('',(1.,0.,0.));
#4880=DIRECTION('',(1.,0.,0.));
#4881=DIRECTION('center_axis',(1.,0.,0.));
#4882=DIRECTION('ref_axis',(0.,2.22044604925031E-16,1.));
#4883=DIRECTION('',(0.,2.22044604925031E-16,1.));
#4884=DIRECTION('',(0.,1.,-2.22044604925031E-16));
#4885=DIRECTION('',(0.,2.22044604925031E-16,1.));
#4886=DIRECTION('center_axis',(0.,1.,-2.22044604925031E-16));
#4887=DIRECTION('ref_axis',(1.,0.,0.));
#4888=DIRECTION('center_axis',(0.,-1.,2.22044604925031E-16));
#4889=DIRECTION('ref_axis',(0.999999999999721,-1.6588413641687E-22,-7.47075734953692E-7));
#4890=DIRECTION('',(-1.,0.,0.));
#4891=DIRECTION('center_axis',(0.,-1.,2.22044604925031E-16));
#4892=DIRECTION('ref_axis',(7.47075742059092E-7,2.22044604924969E-16,0.999999999999721));
#4893=DIRECTION('',(0.,-2.22044604925031E-16,-1.));
#4894=DIRECTION('center_axis',(0.,-1.,2.22044604925031E-16));
#4895=DIRECTION('ref_axis',(-0.999999999999721,1.65884138389026E-22,7.47075743835492E-7));
#4896=DIRECTION('center_axis',(0.,-1.,2.22044604925031E-16));
#4897=DIRECTION('ref_axis',(0.,2.22044604925031E-16,1.));
#4898=DIRECTION('center_axis',(0.,-1.,2.22044604925031E-16));
#4899=DIRECTION('ref_axis',(0.,2.22044604925031E-16,1.));
#4900=DIRECTION('center_axis',(0.,-1.,2.22044604925031E-16));
#4901=DIRECTION('ref_axis',(0.,2.22044604925031E-16,1.));
#4902=DIRECTION('center_axis',(0.,-1.,2.22044604925031E-16));
#4903=DIRECTION('ref_axis',(0.,2.22044604925031E-16,1.));
#4904=DIRECTION('center_axis',(0.,-1.,2.22044604925031E-16));
#4905=DIRECTION('ref_axis',(0.,2.22044604925031E-16,1.));
#4906=DIRECTION('center_axis',(0.,-1.,2.22044604925031E-16));
#4907=DIRECTION('ref_axis',(0.,2.22044604925031E-16,1.));
#4908=DIRECTION('center_axis',(0.,-1.,2.22044604925031E-16));
#4909=DIRECTION('ref_axis',(0.,2.22044604925031E-16,1.));
#4910=DIRECTION('center_axis',(0.,-1.,2.22044604925031E-16));
#4911=DIRECTION('ref_axis',(0.,2.22044604925031E-16,1.));
#4912=DIRECTION('center_axis',(0.,-1.,2.22044604925031E-16));
#4913=DIRECTION('ref_axis',(0.,2.22044604925031E-16,1.));
#4914=DIRECTION('center_axis',(0.,-1.,2.22044604925031E-16));
#4915=DIRECTION('ref_axis',(0.,2.22044604925031E-16,1.));
#4916=DIRECTION('center_axis',(0.,-1.,2.22044604925031E-16));
#4917=DIRECTION('ref_axis',(0.,2.22044604925031E-16,1.));
#4918=DIRECTION('center_axis',(0.,-1.,2.22044604925031E-16));
#4919=DIRECTION('ref_axis',(0.,2.22044604925031E-16,1.));
#4920=DIRECTION('center_axis',(0.,-1.,2.22044604925031E-16));
#4921=DIRECTION('ref_axis',(0.,2.22044604925031E-16,1.));
#4922=DIRECTION('center_axis',(0.,-1.,2.22044604925031E-16));
#4923=DIRECTION('ref_axis',(0.,2.22044604925031E-16,1.));
#4924=DIRECTION('center_axis',(0.,-1.,2.22044604925031E-16));
#4925=DIRECTION('ref_axis',(0.,2.22044604925031E-16,1.));
#4926=DIRECTION('center_axis',(0.,-1.,2.22044604925031E-16));
#4927=DIRECTION('ref_axis',(0.,2.22044604925031E-16,1.));
#4928=DIRECTION('center_axis',(0.,-1.,2.22044604925031E-16));
#4929=DIRECTION('ref_axis',(0.,2.22044604925031E-16,1.));
#4930=DIRECTION('center_axis',(0.,-1.,2.22044604925031E-16));
#4931=DIRECTION('ref_axis',(0.,2.22044604925031E-16,1.));
#4932=DIRECTION('center_axis',(0.,-1.,2.22044604925031E-16));
#4933=DIRECTION('ref_axis',(0.,2.22044604925031E-16,1.));
#4934=DIRECTION('center_axis',(0.,-1.,2.22044604925031E-16));
#4935=DIRECTION('ref_axis',(0.,2.22044604925031E-16,1.));
#4936=DIRECTION('center_axis',(0.,-1.,2.22044604925031E-16));
#4937=DIRECTION('ref_axis',(0.,2.22044604925031E-16,1.));
#4938=DIRECTION('center_axis',(0.,-1.,2.22044604925031E-16));
#4939=DIRECTION('ref_axis',(0.,2.22044604925031E-16,1.));
#4940=DIRECTION('center_axis',(0.,-1.,2.22044604925031E-16));
#4941=DIRECTION('ref_axis',(0.,2.22044604925031E-16,1.));
#4942=DIRECTION('center_axis',(0.,-1.,2.22044604925031E-16));
#4943=DIRECTION('ref_axis',(0.,2.22044604925031E-16,1.));
#4944=DIRECTION('center_axis',(0.,-1.,2.22044604925031E-16));
#4945=DIRECTION('ref_axis',(0.,2.22044604925031E-16,1.));
#4946=DIRECTION('center_axis',(0.,-1.,2.22044604925031E-16));
#4947=DIRECTION('ref_axis',(0.,2.22044604925031E-16,1.));
#4948=DIRECTION('center_axis',(0.,-1.,2.22044604925031E-16));
#4949=DIRECTION('ref_axis',(0.,2.22044604925031E-16,1.));
#4950=DIRECTION('center_axis',(0.,-1.,2.22044604925031E-16));
#4951=DIRECTION('ref_axis',(0.,2.22044604925031E-16,1.));
#4952=DIRECTION('center_axis',(0.,-1.,2.22044604925031E-16));
#4953=DIRECTION('ref_axis',(0.,2.22044604925031E-16,1.));
#4954=DIRECTION('center_axis',(0.,-1.,2.22044604925031E-16));
#4955=DIRECTION('ref_axis',(0.,2.22044604925031E-16,1.));
#4956=DIRECTION('center_axis',(0.,-1.,2.22044604925031E-16));
#4957=DIRECTION('ref_axis',(0.,2.22044604925031E-16,1.));
#4958=DIRECTION('center_axis',(0.,-1.,2.22044604925031E-16));
#4959=DIRECTION('ref_axis',(0.,2.22044604925031E-16,1.));
#4960=DIRECTION('center_axis',(0.,-1.,2.22044604925031E-16));
#4961=DIRECTION('ref_axis',(0.,2.22044604925031E-16,1.));
#4962=DIRECTION('center_axis',(0.,-1.,2.22044604925031E-16));
#4963=DIRECTION('ref_axis',(0.,2.22044604925031E-16,1.));
#4964=DIRECTION('center_axis',(0.,-1.,2.22044604925031E-16));
#4965=DIRECTION('ref_axis',(0.,2.22044604925031E-16,1.));
#4966=DIRECTION('center_axis',(0.,-1.,2.22044604925031E-16));
#4967=DIRECTION('ref_axis',(0.,2.22044604925031E-16,1.));
#4968=DIRECTION('center_axis',(0.,-1.,2.22044604925031E-16));
#4969=DIRECTION('ref_axis',(0.,2.22044604925031E-16,1.));
#4970=DIRECTION('center_axis',(0.,-1.,2.22044604925031E-16));
#4971=DIRECTION('ref_axis',(0.,2.22044604925031E-16,1.));
#4972=DIRECTION('center_axis',(0.,-1.,2.22044604925031E-16));
#4973=DIRECTION('ref_axis',(0.,2.22044604925031E-16,1.));
#4974=DIRECTION('center_axis',(0.,-1.,2.22044604925031E-16));
#4975=DIRECTION('ref_axis',(0.,2.22044604925031E-16,1.));
#4976=DIRECTION('center_axis',(0.,-1.,2.22044604925031E-16));
#4977=DIRECTION('ref_axis',(0.,2.22044604925031E-16,1.));
#4978=DIRECTION('center_axis',(0.,-1.,2.22044604925031E-16));
#4979=DIRECTION('ref_axis',(0.,2.22044604925031E-16,1.));
#4980=DIRECTION('center_axis',(0.,-1.,2.22044604925031E-16));
#4981=DIRECTION('ref_axis',(0.,2.22044604925031E-16,1.));
#4982=DIRECTION('center_axis',(0.,-1.,2.22044604925031E-16));
#4983=DIRECTION('ref_axis',(0.,2.22044604925031E-16,1.));
#4984=DIRECTION('center_axis',(0.,-1.,2.22044604925031E-16));
#4985=DIRECTION('ref_axis',(0.,2.22044604925031E-16,1.));
#4986=DIRECTION('center_axis',(0.,-1.,2.22044604925031E-16));
#4987=DIRECTION('ref_axis',(0.,2.22044604925031E-16,1.));
#4988=DIRECTION('center_axis',(0.,-1.,2.22044604925031E-16));
#4989=DIRECTION('ref_axis',(0.,2.22044604925031E-16,1.));
#4990=DIRECTION('center_axis',(0.,-1.,2.22044604925031E-16));
#4991=DIRECTION('ref_axis',(0.,2.22044604925031E-16,1.));
#4992=DIRECTION('center_axis',(0.,-1.,2.22044604925031E-16));
#4993=DIRECTION('ref_axis',(0.,2.22044604925031E-16,1.));
#4994=DIRECTION('center_axis',(0.,-1.,2.22044604925031E-16));
#4995=DIRECTION('ref_axis',(0.,2.22044604925031E-16,1.));
#4996=DIRECTION('center_axis',(0.,-1.,2.22044604925031E-16));
#4997=DIRECTION('ref_axis',(0.,2.22044604925031E-16,1.));
#4998=DIRECTION('center_axis',(0.,-1.,2.22044604925031E-16));
#4999=DIRECTION('ref_axis',(0.,2.22044604925031E-16,1.));
#5000=DIRECTION('center_axis',(0.,-1.,2.22044604925031E-16));
#5001=DIRECTION('ref_axis',(0.,2.22044604925031E-16,1.));
#5002=DIRECTION('center_axis',(0.,-1.,2.22044604925031E-16));
#5003=DIRECTION('ref_axis',(0.,2.22044604925031E-16,1.));
#5004=DIRECTION('center_axis',(0.,-1.,2.22044604925031E-16));
#5005=DIRECTION('ref_axis',(0.,2.22044604925031E-16,1.));
#5006=DIRECTION('center_axis',(0.,-1.,2.22044604925031E-16));
#5007=DIRECTION('ref_axis',(0.,2.22044604925031E-16,1.));
#5008=DIRECTION('center_axis',(0.,-1.,2.22044604925031E-16));
#5009=DIRECTION('ref_axis',(0.,2.22044604925031E-16,1.));
#5010=DIRECTION('center_axis',(0.,-1.,2.22044604925031E-16));
#5011=DIRECTION('ref_axis',(0.,2.22044604925031E-16,1.));
#5012=DIRECTION('center_axis',(0.,-1.,2.22044604925031E-16));
#5013=DIRECTION('ref_axis',(0.,2.22044604925031E-16,1.));
#5014=DIRECTION('center_axis',(0.,-1.,2.22044604925031E-16));
#5015=DIRECTION('ref_axis',(0.,2.22044604925031E-16,1.));
#5016=DIRECTION('center_axis',(0.,-1.,2.22044604925031E-16));
#5017=DIRECTION('ref_axis',(0.,2.22044604925031E-16,1.));
#5018=DIRECTION('center_axis',(0.,-1.,2.22044604925031E-16));
#5019=DIRECTION('ref_axis',(0.,2.22044604925031E-16,1.));
#5020=DIRECTION('center_axis',(0.,-1.,2.22044604925031E-16));
#5021=DIRECTION('ref_axis',(0.,2.22044604925031E-16,1.));
#5022=DIRECTION('center_axis',(0.,1.,-2.22044604925031E-16));
#5023=DIRECTION('ref_axis',(1.,0.,0.));
#5024=DIRECTION('center_axis',(0.,-1.,2.22044604925031E-16));
#5025=DIRECTION('ref_axis',(-0.999999999999721,1.65884138389026E-22,7.47075743835492E-7));
#5026=DIRECTION('',(0.,-2.22044604925031E-16,-1.));
#5027=DIRECTION('center_axis',(0.,-1.,2.22044604925031E-16));
#5028=DIRECTION('ref_axis',(7.47075742059092E-7,2.22044604924969E-16,0.999999999999721));
#5029=DIRECTION('',(-1.,0.,0.));
#5030=DIRECTION('center_axis',(0.,-1.,2.22044604925031E-16));
#5031=DIRECTION('ref_axis',(0.999999999999721,-1.6588413641687E-22,-7.47075734953692E-7));
#5032=DIRECTION('center_axis',(0.,-1.,2.22044604925031E-16));
#5033=DIRECTION('ref_axis',(0.,2.22044604925031E-16,1.));
#5034=DIRECTION('center_axis',(0.,-1.,2.22044604925031E-16));
#5035=DIRECTION('ref_axis',(0.,2.22044604925031E-16,1.));
#5036=DIRECTION('center_axis',(0.,-1.,2.22044604925031E-16));
#5037=DIRECTION('ref_axis',(0.,2.22044604925031E-16,1.));
#5038=DIRECTION('center_axis',(0.,-1.,2.22044604925031E-16));
#5039=DIRECTION('ref_axis',(0.,2.22044604925031E-16,1.));
#5040=DIRECTION('center_axis',(0.,-1.,2.22044604925031E-16));
#5041=DIRECTION('ref_axis',(0.,2.22044604925031E-16,1.));
#5042=DIRECTION('center_axis',(0.,-1.,2.22044604925031E-16));
#5043=DIRECTION('ref_axis',(0.,2.22044604925031E-16,1.));
#5044=DIRECTION('center_axis',(0.,-1.,2.22044604925031E-16));
#5045=DIRECTION('ref_axis',(0.,2.22044604925031E-16,1.));
#5046=DIRECTION('center_axis',(0.,-1.,2.22044604925031E-16));
#5047=DIRECTION('ref_axis',(0.,2.22044604925031E-16,1.));
#5048=DIRECTION('center_axis',(0.,-1.,2.22044604925031E-16));
#5049=DIRECTION('ref_axis',(0.,2.22044604925031E-16,1.));
#5050=DIRECTION('center_axis',(0.,-1.,2.22044604925031E-16));
#5051=DIRECTION('ref_axis',(0.,2.22044604925031E-16,1.));
#5052=DIRECTION('center_axis',(0.,-1.,2.22044604925031E-16));
#5053=DIRECTION('ref_axis',(0.,2.22044604925031E-16,1.));
#5054=DIRECTION('center_axis',(0.,-1.,2.22044604925031E-16));
#5055=DIRECTION('ref_axis',(0.,2.22044604925031E-16,1.));
#5056=DIRECTION('center_axis',(0.,-1.,2.22044604925031E-16));
#5057=DIRECTION('ref_axis',(0.,2.22044604925031E-16,1.));
#5058=DIRECTION('center_axis',(0.,-1.,2.22044604925031E-16));
#5059=DIRECTION('ref_axis',(0.,2.22044604925031E-16,1.));
#5060=DIRECTION('center_axis',(0.,-1.,2.22044604925031E-16));
#5061=DIRECTION('ref_axis',(0.,2.22044604925031E-16,1.));
#5062=DIRECTION('center_axis',(0.,-1.,2.22044604925031E-16));
#5063=DIRECTION('ref_axis',(0.,2.22044604925031E-16,1.));
#5064=DIRECTION('center_axis',(0.,-1.,2.22044604925031E-16));
#5065=DIRECTION('ref_axis',(0.,2.22044604925031E-16,1.));
#5066=DIRECTION('center_axis',(0.,-1.,2.22044604925031E-16));
#5067=DIRECTION('ref_axis',(0.,2.22044604925031E-16,1.));
#5068=DIRECTION('center_axis',(0.,-1.,2.22044604925031E-16));
#5069=DIRECTION('ref_axis',(0.,2.22044604925031E-16,1.));
#5070=DIRECTION('center_axis',(0.,-1.,2.22044604925031E-16));
#5071=DIRECTION('ref_axis',(0.,2.22044604925031E-16,1.));
#5072=DIRECTION('center_axis',(0.,-1.,2.22044604925031E-16));
#5073=DIRECTION('ref_axis',(0.,2.22044604925031E-16,1.));
#5074=DIRECTION('center_axis',(0.,-1.,2.22044604925031E-16));
#5075=DIRECTION('ref_axis',(0.,2.22044604925031E-16,1.));
#5076=DIRECTION('center_axis',(0.,-1.,2.22044604925031E-16));
#5077=DIRECTION('ref_axis',(0.,2.22044604925031E-16,1.));
#5078=DIRECTION('center_axis',(0.,-1.,2.22044604925031E-16));
#5079=DIRECTION('ref_axis',(0.,2.22044604925031E-16,1.));
#5080=DIRECTION('center_axis',(0.,-1.,2.22044604925031E-16));
#5081=DIRECTION('ref_axis',(0.,2.22044604925031E-16,1.));
#5082=DIRECTION('center_axis',(0.,-1.,2.22044604925031E-16));
#5083=DIRECTION('ref_axis',(0.,2.22044604925031E-16,1.));
#5084=DIRECTION('center_axis',(0.,-1.,2.22044604925031E-16));
#5085=DIRECTION('ref_axis',(0.,2.22044604925031E-16,1.));
#5086=DIRECTION('center_axis',(0.,-1.,2.22044604925031E-16));
#5087=DIRECTION('ref_axis',(0.,2.22044604925031E-16,1.));
#5088=DIRECTION('center_axis',(0.,-1.,2.22044604925031E-16));
#5089=DIRECTION('ref_axis',(0.,2.22044604925031E-16,1.));
#5090=DIRECTION('center_axis',(0.,-1.,2.22044604925031E-16));
#5091=DIRECTION('ref_axis',(0.,2.22044604925031E-16,1.));
#5092=DIRECTION('center_axis',(0.,-1.,2.22044604925031E-16));
#5093=DIRECTION('ref_axis',(0.,2.22044604925031E-16,1.));
#5094=DIRECTION('center_axis',(0.,-1.,2.22044604925031E-16));
#5095=DIRECTION('ref_axis',(0.,2.22044604925031E-16,1.));
#5096=DIRECTION('center_axis',(0.,-1.,2.22044604925031E-16));
#5097=DIRECTION('ref_axis',(0.,2.22044604925031E-16,1.));
#5098=DIRECTION('center_axis',(0.,-1.,2.22044604925031E-16));
#5099=DIRECTION('ref_axis',(0.,2.22044604925031E-16,1.));
#5100=DIRECTION('center_axis',(0.,-1.,2.22044604925031E-16));
#5101=DIRECTION('ref_axis',(0.,2.22044604925031E-16,1.));
#5102=DIRECTION('center_axis',(0.,-1.,2.22044604925031E-16));
#5103=DIRECTION('ref_axis',(0.,2.22044604925031E-16,1.));
#5104=DIRECTION('center_axis',(0.,-1.,2.22044604925031E-16));
#5105=DIRECTION('ref_axis',(0.,2.22044604925031E-16,1.));
#5106=DIRECTION('center_axis',(0.,-1.,2.22044604925031E-16));
#5107=DIRECTION('ref_axis',(0.,2.22044604925031E-16,1.));
#5108=DIRECTION('center_axis',(0.,-1.,2.22044604925031E-16));
#5109=DIRECTION('ref_axis',(0.,2.22044604925031E-16,1.));
#5110=DIRECTION('center_axis',(0.,-1.,2.22044604925031E-16));
#5111=DIRECTION('ref_axis',(0.,2.22044604925031E-16,1.));
#5112=DIRECTION('center_axis',(0.,-1.,2.22044604925031E-16));
#5113=DIRECTION('ref_axis',(0.,2.22044604925031E-16,1.));
#5114=DIRECTION('center_axis',(0.,-1.,2.22044604925031E-16));
#5115=DIRECTION('ref_axis',(0.,2.22044604925031E-16,1.));
#5116=DIRECTION('center_axis',(0.,-1.,2.22044604925031E-16));
#5117=DIRECTION('ref_axis',(0.,2.22044604925031E-16,1.));
#5118=DIRECTION('center_axis',(0.,-1.,2.22044604925031E-16));
#5119=DIRECTION('ref_axis',(0.,2.22044604925031E-16,1.));
#5120=DIRECTION('center_axis',(0.,-1.,2.22044604925031E-16));
#5121=DIRECTION('ref_axis',(0.,2.22044604925031E-16,1.));
#5122=DIRECTION('center_axis',(0.,-1.,2.22044604925031E-16));
#5123=DIRECTION('ref_axis',(0.,2.22044604925031E-16,1.));
#5124=DIRECTION('center_axis',(0.,-1.,2.22044604925031E-16));
#5125=DIRECTION('ref_axis',(0.,2.22044604925031E-16,1.));
#5126=DIRECTION('center_axis',(0.,-1.,2.22044604925031E-16));
#5127=DIRECTION('ref_axis',(0.,2.22044604925031E-16,1.));
#5128=DIRECTION('center_axis',(0.,-1.,2.22044604925031E-16));
#5129=DIRECTION('ref_axis',(0.,2.22044604925031E-16,1.));
#5130=DIRECTION('center_axis',(0.,-1.,2.22044604925031E-16));
#5131=DIRECTION('ref_axis',(0.,2.22044604925031E-16,1.));
#5132=DIRECTION('center_axis',(0.,-1.,2.22044604925031E-16));
#5133=DIRECTION('ref_axis',(0.,2.22044604925031E-16,1.));
#5134=DIRECTION('center_axis',(0.,-1.,2.22044604925031E-16));
#5135=DIRECTION('ref_axis',(0.,2.22044604925031E-16,1.));
#5136=DIRECTION('center_axis',(0.,-1.,2.22044604925031E-16));
#5137=DIRECTION('ref_axis',(0.,2.22044604925031E-16,1.));
#5138=DIRECTION('center_axis',(0.,-1.,2.22044604925031E-16));
#5139=DIRECTION('ref_axis',(0.,2.22044604925031E-16,1.));
#5140=DIRECTION('center_axis',(0.,-1.,2.22044604925031E-16));
#5141=DIRECTION('ref_axis',(0.,2.22044604925031E-16,1.));
#5142=DIRECTION('center_axis',(0.,-1.,2.22044604925031E-16));
#5143=DIRECTION('ref_axis',(0.,2.22044604925031E-16,1.));
#5144=DIRECTION('center_axis',(0.,-1.,2.22044604925031E-16));
#5145=DIRECTION('ref_axis',(0.,2.22044604925031E-16,1.));
#5146=DIRECTION('center_axis',(0.,-1.,2.22044604925031E-16));
#5147=DIRECTION('ref_axis',(0.,2.22044604925031E-16,1.));
#5148=DIRECTION('center_axis',(0.,-1.,2.22044604925031E-16));
#5149=DIRECTION('ref_axis',(0.,2.22044604925031E-16,1.));
#5150=DIRECTION('center_axis',(0.,-1.,2.22044604925031E-16));
#5151=DIRECTION('ref_axis',(0.,2.22044604925031E-16,1.));
#5152=DIRECTION('center_axis',(0.,-1.,2.22044604925031E-16));
#5153=DIRECTION('ref_axis',(0.,2.22044604925031E-16,1.));
#5154=DIRECTION('center_axis',(0.,-1.,2.22044604925031E-16));
#5155=DIRECTION('ref_axis',(0.,2.22044604925031E-16,1.));
#5156=DIRECTION('center_axis',(0.,-1.,2.22044604925031E-16));
#5157=DIRECTION('ref_axis',(0.,2.22044604925031E-16,1.));
#5158=DIRECTION('center_axis',(0.,-1.,2.22044604925031E-16));
#5159=DIRECTION('ref_axis',(-0.999999999999721,1.65884138389026E-22,7.47075743835492E-7));
#5160=DIRECTION('',(0.,1.,-2.22044604925031E-16));
#5161=DIRECTION('center_axis',(0.,-1.,2.22044604925031E-16));
#5162=DIRECTION('ref_axis',(0.999999999999721,-1.6588413641687E-22,-7.47075734953692E-7));
#5163=DIRECTION('',(0.,1.,-2.22044604925031E-16));
#5164=DIRECTION('center_axis',(-1.,0.,0.));
#5165=DIRECTION('ref_axis',(0.,-2.22044604925031E-16,-1.));
#5166=DIRECTION('',(0.,1.,-2.22044604925031E-16));
#5167=DIRECTION('center_axis',(0.,2.22044604925031E-16,1.));
#5168=DIRECTION('ref_axis',(-1.,0.,0.));
#5169=DIRECTION('',(0.,1.,-2.22044604925031E-16));
#5170=DIRECTION('center_axis',(0.,-1.,2.22044604925031E-16));
#5171=DIRECTION('ref_axis',(7.47075742059092E-7,2.22044604924969E-16,0.999999999999721));
#5172=DIRECTION('center_axis',(0.,-1.,2.22044604925031E-16));
#5173=DIRECTION('ref_axis',(0.,2.22044604925031E-16,1.));
#5174=DIRECTION('',(0.,-1.,2.22044604925031E-16));
#5175=DIRECTION('center_axis',(0.,-1.,2.22044604925031E-16));
#5176=DIRECTION('ref_axis',(0.,2.22044604925031E-16,1.));
#5177=DIRECTION('',(0.,-1.,2.22044604925031E-16));
#5178=DIRECTION('center_axis',(0.,-1.,2.22044604925031E-16));
#5179=DIRECTION('ref_axis',(0.,2.22044604925031E-16,1.));
#5180=DIRECTION('',(0.,-1.,2.22044604925031E-16));
#5181=DIRECTION('center_axis',(0.,-1.,2.22044604925031E-16));
#5182=DIRECTION('ref_axis',(0.,2.22044604925031E-16,1.));
#5183=DIRECTION('',(0.,-1.,2.22044604925031E-16));
#5184=DIRECTION('center_axis',(0.,-1.,2.22044604925031E-16));
#5185=DIRECTION('ref_axis',(0.,2.22044604925031E-16,1.));
#5186=DIRECTION('',(0.,-1.,2.22044604925031E-16));
#5187=DIRECTION('center_axis',(0.,-1.,2.22044604925031E-16));
#5188=DIRECTION('ref_axis',(0.,2.22044604925031E-16,1.));
#5189=DIRECTION('',(0.,-1.,2.22044604925031E-16));
#5190=DIRECTION('center_axis',(0.,-1.,2.22044604925031E-16));
#5191=DIRECTION('ref_axis',(0.,2.22044604925031E-16,1.));
#5192=DIRECTION('',(0.,-1.,2.22044604925031E-16));
#5193=DIRECTION('center_axis',(0.,-1.,2.22044604925031E-16));
#5194=DIRECTION('ref_axis',(0.,2.22044604925031E-16,1.));
#5195=DIRECTION('',(0.,-1.,2.22044604925031E-16));
#5196=DIRECTION('center_axis',(0.,-1.,2.22044604925031E-16));
#5197=DIRECTION('ref_axis',(0.,2.22044604925031E-16,1.));
#5198=DIRECTION('',(0.,-1.,2.22044604925031E-16));
#5199=DIRECTION('center_axis',(0.,-1.,2.22044604925031E-16));
#5200=DIRECTION('ref_axis',(0.,2.22044604925031E-16,1.));
#5201=DIRECTION('',(0.,-1.,2.22044604925031E-16));
#5202=DIRECTION('center_axis',(0.,-1.,2.22044604925031E-16));
#5203=DIRECTION('ref_axis',(0.,2.22044604925031E-16,1.));
#5204=DIRECTION('',(0.,-1.,2.22044604925031E-16));
#5205=DIRECTION('center_axis',(0.,-1.,2.22044604925031E-16));
#5206=DIRECTION('ref_axis',(0.,2.22044604925031E-16,1.));
#5207=DIRECTION('',(0.,-1.,2.22044604925031E-16));
#5208=DIRECTION('center_axis',(0.,-1.,2.22044604925031E-16));
#5209=DIRECTION('ref_axis',(0.,2.22044604925031E-16,1.));
#5210=DIRECTION('',(0.,-1.,2.22044604925031E-16));
#5211=DIRECTION('center_axis',(0.,-1.,2.22044604925031E-16));
#5212=DIRECTION('ref_axis',(0.,2.22044604925031E-16,1.));
#5213=DIRECTION('',(0.,-1.,2.22044604925031E-16));
#5214=DIRECTION('center_axis',(0.,-1.,2.22044604925031E-16));
#5215=DIRECTION('ref_axis',(0.,2.22044604925031E-16,1.));
#5216=DIRECTION('',(0.,-1.,2.22044604925031E-16));
#5217=DIRECTION('center_axis',(0.,-1.,2.22044604925031E-16));
#5218=DIRECTION('ref_axis',(0.,2.22044604925031E-16,1.));
#5219=DIRECTION('',(0.,-1.,2.22044604925031E-16));
#5220=DIRECTION('center_axis',(0.,-1.,2.22044604925031E-16));
#5221=DIRECTION('ref_axis',(0.,2.22044604925031E-16,1.));
#5222=DIRECTION('',(0.,-1.,2.22044604925031E-16));
#5223=DIRECTION('center_axis',(0.,-1.,2.22044604925031E-16));
#5224=DIRECTION('ref_axis',(0.,2.22044604925031E-16,1.));
#5225=DIRECTION('',(0.,-1.,2.22044604925031E-16));
#5226=DIRECTION('center_axis',(0.,-1.,2.22044604925031E-16));
#5227=DIRECTION('ref_axis',(0.,2.22044604925031E-16,1.));
#5228=DIRECTION('',(0.,-1.,2.22044604925031E-16));
#5229=DIRECTION('center_axis',(0.,-1.,2.22044604925031E-16));
#5230=DIRECTION('ref_axis',(0.,2.22044604925031E-16,1.));
#5231=DIRECTION('',(0.,-1.,2.22044604925031E-16));
#5232=DIRECTION('center_axis',(0.,-1.,2.22044604925031E-16));
#5233=DIRECTION('ref_axis',(0.,2.22044604925031E-16,1.));
#5234=DIRECTION('',(0.,-1.,2.22044604925031E-16));
#5235=DIRECTION('center_axis',(0.,-1.,2.22044604925031E-16));
#5236=DIRECTION('ref_axis',(0.,2.22044604925031E-16,1.));
#5237=DIRECTION('',(0.,-1.,2.22044604925031E-16));
#5238=DIRECTION('center_axis',(0.,-1.,2.22044604925031E-16));
#5239=DIRECTION('ref_axis',(0.,2.22044604925031E-16,1.));
#5240=DIRECTION('',(0.,-1.,2.22044604925031E-16));
#5241=DIRECTION('center_axis',(0.,-1.,2.22044604925031E-16));
#5242=DIRECTION('ref_axis',(0.,2.22044604925031E-16,1.));
#5243=DIRECTION('',(0.,-1.,2.22044604925031E-16));
#5244=DIRECTION('center_axis',(0.,-1.,2.22044604925031E-16));
#5245=DIRECTION('ref_axis',(0.,2.22044604925031E-16,1.));
#5246=DIRECTION('',(0.,-1.,2.22044604925031E-16));
#5247=DIRECTION('center_axis',(0.,-1.,2.22044604925031E-16));
#5248=DIRECTION('ref_axis',(0.,2.22044604925031E-16,1.));
#5249=DIRECTION('',(0.,-1.,2.22044604925031E-16));
#5250=DIRECTION('center_axis',(0.,-1.,2.22044604925031E-16));
#5251=DIRECTION('ref_axis',(0.,2.22044604925031E-16,1.));
#5252=DIRECTION('',(0.,-1.,2.22044604925031E-16));
#5253=DIRECTION('center_axis',(0.,-1.,2.22044604925031E-16));
#5254=DIRECTION('ref_axis',(0.,2.22044604925031E-16,1.));
#5255=DIRECTION('',(0.,-1.,2.22044604925031E-16));
#5256=DIRECTION('center_axis',(0.,-1.,2.22044604925031E-16));
#5257=DIRECTION('ref_axis',(0.,2.22044604925031E-16,1.));
#5258=DIRECTION('',(0.,-1.,2.22044604925031E-16));
#5259=DIRECTION('center_axis',(0.,-1.,2.22044604925031E-16));
#5260=DIRECTION('ref_axis',(0.,2.22044604925031E-16,1.));
#5261=DIRECTION('',(0.,-1.,2.22044604925031E-16));
#5262=DIRECTION('center_axis',(0.,-1.,2.22044604925031E-16));
#5263=DIRECTION('ref_axis',(0.,2.22044604925031E-16,1.));
#5264=DIRECTION('',(0.,-1.,2.22044604925031E-16));
#5265=DIRECTION('center_axis',(0.,-1.,2.22044604925031E-16));
#5266=DIRECTION('ref_axis',(0.,2.22044604925031E-16,1.));
#5267=DIRECTION('',(0.,-1.,2.22044604925031E-16));
#5268=DIRECTION('center_axis',(0.,-1.,2.22044604925031E-16));
#5269=DIRECTION('ref_axis',(0.,2.22044604925031E-16,1.));
#5270=DIRECTION('',(0.,-1.,2.22044604925031E-16));
#5271=DIRECTION('center_axis',(0.,-1.,2.22044604925031E-16));
#5272=DIRECTION('ref_axis',(0.,2.22044604925031E-16,1.));
#5273=DIRECTION('',(0.,-1.,2.22044604925031E-16));
#5274=DIRECTION('center_axis',(0.,-1.,2.22044604925031E-16));
#5275=DIRECTION('ref_axis',(0.,2.22044604925031E-16,1.));
#5276=DIRECTION('',(0.,-1.,2.22044604925031E-16));
#5277=DIRECTION('center_axis',(0.,-1.,2.22044604925031E-16));
#5278=DIRECTION('ref_axis',(0.,2.22044604925031E-16,1.));
#5279=DIRECTION('',(0.,-1.,2.22044604925031E-16));
#5280=DIRECTION('center_axis',(0.,-1.,2.22044604925031E-16));
#5281=DIRECTION('ref_axis',(0.,2.22044604925031E-16,1.));
#5282=DIRECTION('',(0.,-1.,2.22044604925031E-16));
#5283=DIRECTION('center_axis',(0.,-1.,2.22044604925031E-16));
#5284=DIRECTION('ref_axis',(0.,2.22044604925031E-16,1.));
#5285=DIRECTION('',(0.,-1.,2.22044604925031E-16));
#5286=DIRECTION('center_axis',(0.,-1.,2.22044604925031E-16));
#5287=DIRECTION('ref_axis',(0.,2.22044604925031E-16,1.));
#5288=DIRECTION('',(0.,-1.,2.22044604925031E-16));
#5289=DIRECTION('center_axis',(0.,-1.,2.22044604925031E-16));
#5290=DIRECTION('ref_axis',(0.,2.22044604925031E-16,1.));
#5291=DIRECTION('',(0.,-1.,2.22044604925031E-16));
#5292=DIRECTION('center_axis',(0.,-1.,2.22044604925031E-16));
#5293=DIRECTION('ref_axis',(0.,2.22044604925031E-16,1.));
#5294=DIRECTION('',(0.,-1.,2.22044604925031E-16));
#5295=DIRECTION('center_axis',(0.,-1.,2.22044604925031E-16));
#5296=DIRECTION('ref_axis',(0.,2.22044604925031E-16,1.));
#5297=DIRECTION('',(0.,-1.,2.22044604925031E-16));
#5298=DIRECTION('center_axis',(0.,-1.,2.22044604925031E-16));
#5299=DIRECTION('ref_axis',(0.,2.22044604925031E-16,1.));
#5300=DIRECTION('',(0.,-1.,2.22044604925031E-16));
#5301=DIRECTION('center_axis',(0.,-1.,2.22044604925031E-16));
#5302=DIRECTION('ref_axis',(0.,2.22044604925031E-16,1.));
#5303=DIRECTION('',(0.,-1.,2.22044604925031E-16));
#5304=DIRECTION('center_axis',(0.,-1.,2.22044604925031E-16));
#5305=DIRECTION('ref_axis',(0.,2.22044604925031E-16,1.));
#5306=DIRECTION('',(0.,-1.,2.22044604925031E-16));
#5307=DIRECTION('center_axis',(0.,-1.,2.22044604925031E-16));
#5308=DIRECTION('ref_axis',(0.,2.22044604925031E-16,1.));
#5309=DIRECTION('',(0.,-1.,2.22044604925031E-16));
#5310=DIRECTION('center_axis',(0.,-1.,2.22044604925031E-16));
#5311=DIRECTION('ref_axis',(0.,2.22044604925031E-16,1.));
#5312=DIRECTION('',(0.,-1.,2.22044604925031E-16));
#5313=DIRECTION('center_axis',(0.,-1.,2.22044604925031E-16));
#5314=DIRECTION('ref_axis',(0.,2.22044604925031E-16,1.));
#5315=DIRECTION('',(0.,-1.,2.22044604925031E-16));
#5316=DIRECTION('center_axis',(0.,-1.,2.22044604925031E-16));
#5317=DIRECTION('ref_axis',(0.,2.22044604925031E-16,1.));
#5318=DIRECTION('',(0.,-1.,2.22044604925031E-16));
#5319=DIRECTION('center_axis',(0.,-1.,2.22044604925031E-16));
#5320=DIRECTION('ref_axis',(0.,2.22044604925031E-16,1.));
#5321=DIRECTION('',(0.,-1.,2.22044604925031E-16));
#5322=DIRECTION('center_axis',(0.,-1.,2.22044604925031E-16));
#5323=DIRECTION('ref_axis',(0.,2.22044604925031E-16,1.));
#5324=DIRECTION('',(0.,-1.,2.22044604925031E-16));
#5325=DIRECTION('center_axis',(0.,-1.,2.22044604925031E-16));
#5326=DIRECTION('ref_axis',(0.,2.22044604925031E-16,1.));
#5327=DIRECTION('',(0.,-1.,2.22044604925031E-16));
#5328=DIRECTION('center_axis',(0.,-1.,2.22044604925031E-16));
#5329=DIRECTION('ref_axis',(0.,2.22044604925031E-16,1.));
#5330=DIRECTION('',(0.,-1.,2.22044604925031E-16));
#5331=DIRECTION('center_axis',(0.,-1.,2.22044604925031E-16));
#5332=DIRECTION('ref_axis',(0.,2.22044604925031E-16,1.));
#5333=DIRECTION('',(0.,-1.,2.22044604925031E-16));
#5334=DIRECTION('center_axis',(0.,-1.,2.22044604925031E-16));
#5335=DIRECTION('ref_axis',(0.,2.22044604925031E-16,1.));
#5336=DIRECTION('',(0.,-1.,2.22044604925031E-16));
#5337=DIRECTION('center_axis',(0.,-1.,2.22044604925031E-16));
#5338=DIRECTION('ref_axis',(0.,2.22044604925031E-16,1.));
#5339=DIRECTION('',(0.,-1.,2.22044604925031E-16));
#5340=DIRECTION('center_axis',(0.,-1.,2.22044604925031E-16));
#5341=DIRECTION('ref_axis',(0.,2.22044604925031E-16,1.));
#5342=DIRECTION('',(0.,-1.,2.22044604925031E-16));
#5343=DIRECTION('center_axis',(0.,-1.,2.22044604925031E-16));
#5344=DIRECTION('ref_axis',(0.,2.22044604925031E-16,1.));
#5345=DIRECTION('',(0.,-1.,2.22044604925031E-16));
#5346=DIRECTION('center_axis',(0.,-1.,2.22044604925031E-16));
#5347=DIRECTION('ref_axis',(0.,2.22044604925031E-16,1.));
#5348=DIRECTION('',(0.,-1.,2.22044604925031E-16));
#5349=DIRECTION('center_axis',(0.,-1.,2.22044604925031E-16));
#5350=DIRECTION('ref_axis',(0.,2.22044604925031E-16,1.));
#5351=DIRECTION('',(0.,-1.,2.22044604925031E-16));
#5352=DIRECTION('center_axis',(0.,-1.,2.22044604925031E-16));
#5353=DIRECTION('ref_axis',(0.,2.22044604925031E-16,1.));
#5354=DIRECTION('',(0.,-1.,2.22044604925031E-16));
#5355=DIRECTION('center_axis',(0.,-1.,2.22044604925031E-16));
#5356=DIRECTION('ref_axis',(0.,2.22044604925031E-16,1.));
#5357=DIRECTION('',(0.,-1.,2.22044604925031E-16));
#5358=DIRECTION('center_axis',(0.,-1.,2.22044604925031E-16));
#5359=DIRECTION('ref_axis',(0.,2.22044604925031E-16,1.));
#5360=DIRECTION('',(0.,-1.,2.22044604925031E-16));
#5361=DIRECTION('center_axis',(0.,1.,0.));
#5362=DIRECTION('ref_axis',(0.707106781186548,0.,0.707106781186548));
#5363=DIRECTION('center_axis',(0.,-1.,0.));
#5364=DIRECTION('ref_axis',(0.707106781186548,0.,0.707106781186548));
#5365=DIRECTION('',(0.,-1.,0.));
#5366=DIRECTION('center_axis',(0.,1.,0.));
#5367=DIRECTION('ref_axis',(0.707106781186548,0.,0.707106781186548));
#5368=DIRECTION('',(0.,1.,0.));
#5369=DIRECTION('center_axis',(1.,0.,-1.87181964109615E-16));
#5370=DIRECTION('ref_axis',(-1.87181964109615E-16,0.,-1.));
#5371=DIRECTION('',(-1.87181964109615E-16,0.,-1.));
#5372=DIRECTION('',(0.,-1.,0.));
#5373=DIRECTION('',(-1.87181964109615E-16,0.,-1.));
#5374=DIRECTION('center_axis',(0.,1.,0.));
#5375=DIRECTION('ref_axis',(-1.,0.,0.));
#5376=DIRECTION('',(1.,0.,-7.43868023199435E-17));
#5377=DIRECTION('center_axis',(0.,1.,0.));
#5378=DIRECTION('ref_axis',(-0.707106781186548,0.,0.707106781186547));
#5379=DIRECTION('',(0.,0.,1.));
#5380=DIRECTION('center_axis',(0.,1.,0.));
#5381=DIRECTION('ref_axis',(-0.707106781186547,0.,-0.707106781186547));
#5382=DIRECTION('',(-1.,0.,1.48773604639887E-16));
#5383=DIRECTION('center_axis',(0.,1.,0.));
#5384=DIRECTION('ref_axis',(0.707106781186549,0.,-0.707106781186546));
#5385=DIRECTION('',(0.,0.,-1.));
#5386=DIRECTION('center_axis',(0.,-1.,0.));
#5387=DIRECTION('ref_axis',(0.707106781186547,0.,-0.707106781186548));
#5388=DIRECTION('',(-1.,0.,0.));
#5389=DIRECTION('center_axis',(0.,-1.,0.));
#5390=DIRECTION('ref_axis',(-0.707106781186548,0.,-0.707106781186548));
#5391=DIRECTION('',(0.,0.,1.));
#5392=DIRECTION('center_axis',(0.,-1.,0.));
#5393=DIRECTION('ref_axis',(-0.887986462896435,0.,0.459869592072229));
#5394=DIRECTION('',(0.816715944915689,0.,0.577039916574645));
#5395=DIRECTION('center_axis',(0.,-1.,0.));
#5396=DIRECTION('ref_axis',(1.,0.,0.));
#5397=DIRECTION('',(1.,0.,0.));
#5398=DIRECTION('center_axis',(0.,-1.,0.));
#5399=DIRECTION('ref_axis',(0.707106781186546,0.,0.707106781186549));
#5400=DIRECTION('',(0.,0.,-1.));
#5401=DIRECTION('center_axis',(0.,-1.,0.));
#5402=DIRECTION('ref_axis',(0.707106781186544,0.,-0.707106781186551));
#5403=DIRECTION('',(-1.,0.,0.));
#5404=DIRECTION('center_axis',(0.,-1.,0.));
#5405=DIRECTION('ref_axis',(-0.707106781186551,0.,-0.707106781186544));
#5406=DIRECTION('',(0.,0.,1.));
#5407=DIRECTION('center_axis',(0.,-1.,0.));
#5408=DIRECTION('ref_axis',(-0.707106781186546,0.,0.707106781186549));
#5409=DIRECTION('center_axis',(0.,-1.,0.));
#5410=DIRECTION('ref_axis',(1.,0.,0.));
#5411=DIRECTION('',(1.,0.,0.));
#5412=DIRECTION('center_axis',(0.,-1.,0.));
#5413=DIRECTION('ref_axis',(-4.4408920985006E-15,0.,-1.));
#5414=DIRECTION('',(0.,0.,-1.));
#5415=DIRECTION('center_axis',(0.,-1.,0.));
#5416=DIRECTION('ref_axis',(-1.,0.,0.));
#5417=DIRECTION('',(-1.,0.,0.));
#5418=DIRECTION('center_axis',(0.,-1.,0.));
#5419=DIRECTION('ref_axis',(1.77635683940023E-14,0.,1.));
#5420=DIRECTION('',(0.,0.,1.));
#5421=DIRECTION('center_axis',(0.,-1.,0.));
#5422=DIRECTION('ref_axis',(-1.,0.,0.));
#5423=DIRECTION('center_axis',(0.,-1.,0.));
#5424=DIRECTION('ref_axis',(0.,0.,1.));
#5425=DIRECTION('',(0.,0.,1.));
#5426=DIRECTION('center_axis',(0.,-1.,0.));
#5427=DIRECTION('ref_axis',(1.,0.,0.));
#5428=DIRECTION('',(1.,0.,0.));
#5429=DIRECTION('center_axis',(0.,-1.,0.));
#5430=DIRECTION('ref_axis',(1.77635683940025E-14,0.,-1.));
#5431=DIRECTION('',(0.,0.,-1.));
#5432=DIRECTION('center_axis',(0.,-1.,0.));
#5433=DIRECTION('ref_axis',(-1.,0.,0.));
#5434=DIRECTION('',(-1.,0.,0.));
#5435=DIRECTION('center_axis',(0.,-1.,0.));
#5436=DIRECTION('ref_axis',(-4.44089209850058E-15,0.,-1.));
#5437=DIRECTION('',(0.,0.,-1.));
#5438=DIRECTION('center_axis',(0.,-1.,0.));
#5439=DIRECTION('ref_axis',(-1.,0.,0.));
#5440=DIRECTION('',(-1.,0.,0.));
#5441=DIRECTION('center_axis',(0.,-1.,0.));
#5442=DIRECTION('ref_axis',(1.77635683940024E-14,0.,1.));
#5443=DIRECTION('',(0.,0.,1.));
#5444=DIRECTION('center_axis',(0.,-1.,0.));
#5445=DIRECTION('ref_axis',(1.,0.,0.));
#5446=DIRECTION('',(1.,0.,0.));
#5447=DIRECTION('center_axis',(0.,-1.,0.));
#5448=DIRECTION('ref_axis',(3.55271367880049E-14,0.,-1.));
#5449=DIRECTION('',(0.,0.,-1.));
#5450=DIRECTION('center_axis',(0.,-1.,0.));
#5451=DIRECTION('ref_axis',(-1.,0.,2.22044604925036E-15));
#5452=DIRECTION('',(-1.,0.,-2.22044604925031E-16));
#5453=DIRECTION('center_axis',(0.,-1.,0.));
#5454=DIRECTION('ref_axis',(0.,0.,1.));
#5455=DIRECTION('',(0.,0.,1.));
#5456=DIRECTION('center_axis',(0.,-1.,0.));
#5457=DIRECTION('ref_axis',(1.,0.,-2.22044604925028E-15));
#5458=DIRECTION('',(1.,0.,7.40148683083439E-17));
#5459=DIRECTION('center_axis',(0.,-1.,0.));
#5460=DIRECTION('ref_axis',(-1.,0.,0.));
#5461=DIRECTION('center_axis',(0.,-1.,0.));
#5462=DIRECTION('ref_axis',(-1.,0.,0.));
#5463=DIRECTION('center_axis',(0.,-1.,0.));
#5464=DIRECTION('ref_axis',(-1.,0.,0.));
#5465=DIRECTION('center_axis',(0.,-1.,0.));
#5466=DIRECTION('ref_axis',(-1.,0.,0.));
#5467=DIRECTION('',(-1.,0.,0.));
#5468=DIRECTION('center_axis',(0.,-1.,0.));
#5469=DIRECTION('ref_axis',(0.,0.,1.));
#5470=DIRECTION('',(0.,0.,1.));
#5471=DIRECTION('center_axis',(0.,-1.,0.));
#5472=DIRECTION('ref_axis',(1.,0.,-4.44089209850056E-15));
#5473=DIRECTION('',(1.,0.,0.));
#5474=DIRECTION('center_axis',(0.,-1.,0.));
#5475=DIRECTION('ref_axis',(3.5527136788005E-14,0.,-1.));
#5476=DIRECTION('',(0.,0.,-1.));
#5477=DIRECTION('center_axis',(0.,-1.,0.));
#5478=DIRECTION('ref_axis',(1.77635683940024E-14,0.,-1.));
#5479=DIRECTION('',(0.,0.,-1.));
#5480=DIRECTION('center_axis',(0.,-1.,0.));
#5481=DIRECTION('ref_axis',(-1.,0.,0.));
#5482=DIRECTION('',(-1.,0.,0.));
#5483=DIRECTION('center_axis',(0.,-1.,0.));
#5484=DIRECTION('ref_axis',(0.,0.,1.));
#5485=DIRECTION('',(0.,0.,1.));
#5486=DIRECTION('center_axis',(0.,-1.,0.));
#5487=DIRECTION('ref_axis',(1.,0.,0.));
#5488=DIRECTION('',(1.,0.,0.));
#5489=DIRECTION('center_axis',(0.,-1.,0.));
#5490=DIRECTION('ref_axis',(-1.,0.,0.));
#5491=DIRECTION('',(-1.,0.,0.));
#5492=DIRECTION('center_axis',(0.,-1.,0.));
#5493=DIRECTION('ref_axis',(0.,0.,1.));
#5494=DIRECTION('',(0.,0.,1.));
#5495=DIRECTION('center_axis',(0.,-1.,0.));
#5496=DIRECTION('ref_axis',(1.,0.,0.));
#5497=DIRECTION('',(1.,0.,0.));
#5498=DIRECTION('center_axis',(0.,-1.,0.));
#5499=DIRECTION('ref_axis',(3.55271367880051E-14,0.,-1.));
#5500=DIRECTION('',(0.,0.,-1.));
#5501=DIRECTION('center_axis',(0.,-1.,0.));
#5502=DIRECTION('ref_axis',(0.,0.,1.));
#5503=DIRECTION('',(0.,0.,1.));
#5504=DIRECTION('center_axis',(0.,-1.,0.));
#5505=DIRECTION('ref_axis',(1.,0.,0.));
#5506=DIRECTION('',(1.,0.,0.));
#5507=DIRECTION('center_axis',(0.,-1.,0.));
#5508=DIRECTION('ref_axis',(1.77635683940024E-14,0.,-1.));
#5509=DIRECTION('',(0.,0.,-1.));
#5510=DIRECTION('center_axis',(0.,-1.,0.));
#5511=DIRECTION('ref_axis',(-1.,0.,0.));
#5512=DIRECTION('',(-1.,0.,0.));
#5513=DIRECTION('center_axis',(0.,-1.,0.));
#5514=DIRECTION('ref_axis',(-1.,0.,0.));
#5515=DIRECTION('center_axis',(0.,-1.,0.));
#5516=DIRECTION('ref_axis',(-4.44089209850059E-15,0.,-1.));
#5517=DIRECTION('',(0.,0.,-1.));
#5518=DIRECTION('center_axis',(0.,-1.,0.));
#5519=DIRECTION('ref_axis',(-1.,0.,-2.22044604925031E-15));
#5520=DIRECTION('',(-1.,0.,-1.48029736616687E-16));
#5521=DIRECTION('center_axis',(0.,-1.,0.));
#5522=DIRECTION('ref_axis',(1.77635683940024E-14,0.,1.));
#5523=DIRECTION('',(0.,0.,1.));
#5524=DIRECTION('center_axis',(0.,-1.,0.));
#5525=DIRECTION('ref_axis',(1.,0.,0.));
#5526=DIRECTION('',(1.,0.,0.));
#5527=DIRECTION('center_axis',(0.,1.,0.));
#5528=DIRECTION('ref_axis',(-0.707106781186548,0.,0.707106781186547));
#5529=DIRECTION('center_axis',(0.,-1.,0.));
#5530=DIRECTION('ref_axis',(-0.707106781186548,0.,0.707106781186547));
#5531=DIRECTION('',(0.,-1.,0.));
#5532=DIRECTION('',(0.,1.,0.));
#5533=DIRECTION('center_axis',(-1.,0.,0.));
#5534=DIRECTION('ref_axis',(0.,0.,1.));
#5535=DIRECTION('',(0.,0.,1.));
#5536=DIRECTION('',(0.,1.,0.));
#5537=DIRECTION('center_axis',(0.,1.,0.));
#5538=DIRECTION('ref_axis',(-0.707106781186547,0.,-0.707106781186547));
#5539=DIRECTION('center_axis',(0.,-1.,0.));
#5540=DIRECTION('ref_axis',(-0.707106781186547,0.,-0.707106781186547));
#5541=DIRECTION('',(0.,-1.,0.));
#5542=DIRECTION('center_axis',(0.,1.,0.));
#5543=DIRECTION('ref_axis',(0.707106781186549,0.,-0.707106781186546));
#5544=DIRECTION('center_axis',(0.,-1.,0.));
#5545=DIRECTION('ref_axis',(0.707106781186549,0.,-0.707106781186546));
#5546=DIRECTION('',(0.,1.,0.));
#5547=DIRECTION('center_axis',(0.,-1.,0.));
#5548=DIRECTION('ref_axis',(1.,0.,0.));
#5549=DIRECTION('',(0.,1.,0.));
#5550=DIRECTION('center_axis',(0.,1.,0.));
#5551=DIRECTION('ref_axis',(1.,0.,0.));
#5552=DIRECTION('',(0.,-1.,0.));
#5553=DIRECTION('center_axis',(1.,0.,0.));
#5554=DIRECTION('ref_axis',(0.,0.,-1.));
#5555=DIRECTION('',(0.,0.,1.));
#5556=DIRECTION('',(0.,1.,0.));
#5557=DIRECTION('center_axis',(0.,1.,0.));
#5558=DIRECTION('ref_axis',(-0.887986462896435,0.,0.459869592072229));
#5559=DIRECTION('',(0.,1.,0.));
#5560=DIRECTION('center_axis',(0.,1.,0.));
#5561=DIRECTION('ref_axis',(-0.887986462896435,0.,0.459869592072229));
#5562=DIRECTION('',(0.,-1.,0.));
#5563=DIRECTION('center_axis',(-1.,0.,0.));
#5564=DIRECTION('ref_axis',(0.,0.,1.));
#5565=DIRECTION('',(0.,-1.,0.));
#5566=DIRECTION('',(0.,0.,-1.));
#5567=DIRECTION('center_axis',(0.,1.,0.));
#5568=DIRECTION('ref_axis',(-0.707106781186548,0.,-0.707106781186548));
#5569=DIRECTION('',(0.,1.,0.));
#5570=DIRECTION('center_axis',(0.,1.,0.));
#5571=DIRECTION('ref_axis',(-0.707106781186548,0.,-0.707106781186548));
#5572=DIRECTION('center_axis',(0.,0.,-1.));
#5573=DIRECTION('ref_axis',(-1.,0.,0.));
#5574=DIRECTION('',(0.,-1.,0.));
#5575=DIRECTION('',(1.,0.,0.));
#5576=DIRECTION('center_axis',(0.,1.,0.));
#5577=DIRECTION('ref_axis',(0.707106781186547,0.,-0.707106781186548));
#5578=DIRECTION('center_axis',(0.,1.,0.));
#5579=DIRECTION('ref_axis',(0.707106781186547,0.,-0.707106781186548));
#5580=DIRECTION('center_axis',(-0.577039916574645,0.,0.816715944915689));
#5581=DIRECTION('ref_axis',(0.816715944915689,0.,0.577039916574645));
#5582=DIRECTION('',(-0.816715944915689,0.,-0.577039916574645));
#5583=DIRECTION('center_axis',(0.,-1.,0.));
#5584=DIRECTION('ref_axis',(-0.707106781186546,0.,0.707106781186549));
#5585=DIRECTION('center_axis',(0.,1.,0.));
#5586=DIRECTION('ref_axis',(-0.707106781186546,0.,0.707106781186549));
#5587=DIRECTION('',(0.,-1.,0.));
#5588=DIRECTION('',(0.,1.,0.));
#5589=DIRECTION('center_axis',(0.,0.,1.));
#5590=DIRECTION('ref_axis',(1.,0.,0.));
#5591=DIRECTION('',(-1.,0.,0.));
#5592=DIRECTION('',(0.,1.,0.));
#5593=DIRECTION('center_axis',(0.,1.,0.));
#5594=DIRECTION('ref_axis',(0.707106781186546,0.,0.707106781186549));
#5595=DIRECTION('center_axis',(0.,1.,0.));
#5596=DIRECTION('ref_axis',(0.707106781186546,0.,0.707106781186549));
#5597=DIRECTION('',(0.,-1.,0.));
#5598=DIRECTION('center_axis',(0.,-1.,0.));
#5599=DIRECTION('ref_axis',(0.707106781186544,0.,-0.707106781186551));
#5600=DIRECTION('center_axis',(0.,1.,0.));
#5601=DIRECTION('ref_axis',(0.707106781186544,0.,-0.707106781186551));
#5602=DIRECTION('',(0.,-1.,0.));
#5603=DIRECTION('',(0.,1.,0.));
#5604=DIRECTION('center_axis',(0.,0.,-1.));
#5605=DIRECTION('ref_axis',(-1.,0.,0.));
#5606=DIRECTION('',(1.,0.,0.));
#5607=DIRECTION('',(0.,1.,0.));
#5608=DIRECTION('center_axis',(0.,-1.,0.));
#5609=DIRECTION('ref_axis',(-0.707106781186551,0.,-0.707106781186544));
#5610=DIRECTION('center_axis',(0.,1.,0.));
#5611=DIRECTION('ref_axis',(-0.707106781186551,0.,-0.707106781186544));
#5612=DIRECTION('',(0.,-1.,0.));
#5613=DIRECTION('center_axis',(-1.,0.,0.));
#5614=DIRECTION('ref_axis',(0.,0.,1.));
#5615=DIRECTION('',(0.,0.,-1.));
#5616=DIRECTION('center_axis',(1.,0.,0.));
#5617=DIRECTION('ref_axis',(0.,0.,-1.));
#5618=DIRECTION('',(0.,0.,1.));
#5619=DIRECTION('center_axis',(1.,0.,0.));
#5620=DIRECTION('ref_axis',(0.,0.,-1.));
#5621=DIRECTION('',(0.,1.,0.));
#5622=DIRECTION('',(0.,0.,-1.));
#5623=DIRECTION('',(0.,1.,0.));
#5624=DIRECTION('center_axis',(0.,1.,0.));
#5625=DIRECTION('ref_axis',(-1.,0.,-2.22044604925031E-15));
#5626=DIRECTION('center_axis',(0.,-1.,0.));
#5627=DIRECTION('ref_axis',(-1.,0.,-2.22044604925031E-15));
#5628=DIRECTION('',(0.,1.,0.));
#5629=DIRECTION('center_axis',(1.48029736616687E-16,0.,-1.));
#5630=DIRECTION('ref_axis',(-1.,0.,-1.48029736616687E-16));
#5631=DIRECTION('',(-1.,0.,-1.48029736616687E-16));
#5632=DIRECTION('',(0.,1.,0.));
#5633=DIRECTION('center_axis',(0.,1.,0.));
#5634=DIRECTION('ref_axis',(1.77635683940024E-14,0.,1.));
#5635=DIRECTION('center_axis',(0.,-1.,0.));
#5636=DIRECTION('ref_axis',(1.77635683940024E-14,0.,1.));
#5637=DIRECTION('',(0.,1.,0.));
#5638=DIRECTION('center_axis',(-1.,0.,0.));
#5639=DIRECTION('ref_axis',(0.,0.,1.));
#5640=DIRECTION('',(0.,0.,1.));
#5641=DIRECTION('',(0.,1.,0.));
#5642=DIRECTION('center_axis',(0.,1.,0.));
#5643=DIRECTION('ref_axis',(1.,0.,0.));
#5644=DIRECTION('center_axis',(0.,-1.,0.));
#5645=DIRECTION('ref_axis',(1.,0.,0.));
#5646=DIRECTION('',(0.,1.,0.));
#5647=DIRECTION('center_axis',(0.,0.,1.));
#5648=DIRECTION('ref_axis',(1.,0.,0.));
#5649=DIRECTION('',(1.,0.,0.));
#5650=DIRECTION('',(0.,1.,0.));
#5651=DIRECTION('center_axis',(0.,1.,0.));
#5652=DIRECTION('ref_axis',(-4.44089209850059E-15,0.,-1.));
#5653=DIRECTION('center_axis',(0.,-1.,0.));
#5654=DIRECTION('ref_axis',(-4.44089209850059E-15,0.,-1.));
#5655=DIRECTION('center_axis',(0.,1.,0.));
#5656=DIRECTION('ref_axis',(-1.,0.,0.));
#5657=DIRECTION('center_axis',(0.,-1.,0.));
#5658=DIRECTION('ref_axis',(-1.,0.,0.));
#5659=DIRECTION('',(0.,-1.,0.));
#5660=DIRECTION('center_axis',(-1.,0.,0.));
#5661=DIRECTION('ref_axis',(0.,0.,1.));
#5662=DIRECTION('',(0.,1.,0.));
#5663=DIRECTION('',(0.,0.,1.));
#5664=DIRECTION('',(0.,1.,0.));
#5665=DIRECTION('center_axis',(0.,1.,0.));
#5666=DIRECTION('ref_axis',(1.,0.,0.));
#5667=DIRECTION('center_axis',(0.,-1.,0.));
#5668=DIRECTION('ref_axis',(1.,0.,0.));
#5669=DIRECTION('',(0.,1.,0.));
#5670=DIRECTION('center_axis',(0.,0.,1.));
#5671=DIRECTION('ref_axis',(1.,0.,0.));
#5672=DIRECTION('',(1.,0.,0.));
#5673=DIRECTION('',(0.,1.,0.));
#5674=DIRECTION('center_axis',(0.,1.,0.));
#5675=DIRECTION('ref_axis',(1.77635683940024E-14,0.,-1.));
#5676=DIRECTION('center_axis',(0.,-1.,0.));
#5677=DIRECTION('ref_axis',(1.77635683940024E-14,0.,-1.));
#5678=DIRECTION('',(0.,1.,0.));
#5679=DIRECTION('center_axis',(1.,0.,0.));
#5680=DIRECTION('ref_axis',(0.,0.,-1.));
#5681=DIRECTION('',(0.,0.,-1.));
#5682=DIRECTION('',(0.,1.,0.));
#5683=DIRECTION('center_axis',(0.,1.,0.));
#5684=DIRECTION('ref_axis',(-1.,0.,0.));
#5685=DIRECTION('center_axis',(0.,-1.,0.));
#5686=DIRECTION('ref_axis',(-1.,0.,0.));
#5687=DIRECTION('',(0.,1.,0.));
#5688=DIRECTION('center_axis',(0.,0.,-1.));
#5689=DIRECTION('ref_axis',(-1.,0.,0.));
#5690=DIRECTION('',(-1.,0.,0.));
#5691=DIRECTION('',(0.,1.,0.));
#5692=DIRECTION('center_axis',(0.,1.,0.));
#5693=DIRECTION('ref_axis',(0.,0.,1.));
#5694=DIRECTION('center_axis',(0.,-1.,0.));
#5695=DIRECTION('ref_axis',(0.,0.,1.));
#5696=DIRECTION('center_axis',(0.,0.,-1.));
#5697=DIRECTION('ref_axis',(-1.,0.,0.));
#5698=DIRECTION('',(0.,1.,0.));
#5699=DIRECTION('',(-1.,0.,0.));
#5700=DIRECTION('',(0.,1.,0.));
#5701=DIRECTION('center_axis',(0.,1.,0.));
#5702=DIRECTION('ref_axis',(0.,0.,1.));
#5703=DIRECTION('center_axis',(0.,-1.,0.));
#5704=DIRECTION('ref_axis',(0.,0.,1.));
#5705=DIRECTION('',(0.,1.,0.));
#5706=DIRECTION('center_axis',(-1.,0.,0.));
#5707=DIRECTION('ref_axis',(0.,0.,1.));
#5708=DIRECTION('',(0.,0.,1.));
#5709=DIRECTION('',(0.,1.,0.));
#5710=DIRECTION('center_axis',(0.,1.,0.));
#5711=DIRECTION('ref_axis',(1.,0.,0.));
#5712=DIRECTION('center_axis',(0.,-1.,0.));
#5713=DIRECTION('ref_axis',(1.,0.,0.));
#5714=DIRECTION('',(0.,1.,0.));
#5715=DIRECTION('center_axis',(0.,0.,1.));
#5716=DIRECTION('ref_axis',(1.,0.,0.));
#5717=DIRECTION('',(1.,0.,0.));
#5718=DIRECTION('',(0.,1.,0.));
#5719=DIRECTION('center_axis',(0.,1.,0.));
#5720=DIRECTION('ref_axis',(3.55271367880051E-14,0.,-1.));
#5721=DIRECTION('center_axis',(0.,-1.,0.));
#5722=DIRECTION('ref_axis',(3.55271367880051E-14,0.,-1.));
#5723=DIRECTION('',(0.,1.,0.));
#5724=DIRECTION('center_axis',(1.,0.,0.));
#5725=DIRECTION('ref_axis',(0.,0.,-1.));
#5726=DIRECTION('',(0.,0.,-1.));
#5727=DIRECTION('',(0.,1.,0.));
#5728=DIRECTION('center_axis',(0.,1.,0.));
#5729=DIRECTION('ref_axis',(-1.,0.,0.));
#5730=DIRECTION('center_axis',(0.,-1.,0.));
#5731=DIRECTION('ref_axis',(-1.,0.,0.));
#5732=DIRECTION('center_axis',(1.,0.,0.));
#5733=DIRECTION('ref_axis',(0.,0.,-1.));
#5734=DIRECTION('',(0.,1.,0.));
#5735=DIRECTION('',(0.,0.,-1.));
#5736=DIRECTION('',(0.,1.,0.));
#5737=DIRECTION('center_axis',(0.,1.,0.));
#5738=DIRECTION('ref_axis',(-1.,0.,0.));
#5739=DIRECTION('center_axis',(0.,-1.,0.));
#5740=DIRECTION('ref_axis',(-1.,0.,0.));
#5741=DIRECTION('',(0.,1.,0.));
#5742=DIRECTION('center_axis',(0.,0.,-1.));
#5743=DIRECTION('ref_axis',(-1.,0.,0.));
#5744=DIRECTION('',(-1.,0.,0.));
#5745=DIRECTION('',(0.,1.,0.));
#5746=DIRECTION('center_axis',(0.,1.,0.));
#5747=DIRECTION('ref_axis',(0.,0.,1.));
#5748=DIRECTION('center_axis',(0.,-1.,0.));
#5749=DIRECTION('ref_axis',(0.,0.,1.));
#5750=DIRECTION('',(0.,1.,0.));
#5751=DIRECTION('center_axis',(-1.,0.,0.));
#5752=DIRECTION('ref_axis',(0.,0.,1.));
#5753=DIRECTION('',(0.,0.,1.));
#5754=DIRECTION('',(0.,1.,0.));
#5755=DIRECTION('center_axis',(0.,1.,0.));
#5756=DIRECTION('ref_axis',(1.,0.,0.));
#5757=DIRECTION('center_axis',(0.,-1.,0.));
#5758=DIRECTION('ref_axis',(1.,0.,0.));
#5759=DIRECTION('',(0.,1.,0.));
#5760=DIRECTION('center_axis',(0.,0.,1.));
#5761=DIRECTION('ref_axis',(1.,0.,0.));
#5762=DIRECTION('',(1.,0.,0.));
#5763=DIRECTION('',(0.,1.,0.));
#5764=DIRECTION('center_axis',(0.,1.,0.));
#5765=DIRECTION('ref_axis',(1.77635683940024E-14,0.,-1.));
#5766=DIRECTION('center_axis',(0.,-1.,0.));
#5767=DIRECTION('ref_axis',(1.77635683940024E-14,0.,-1.));
#5768=DIRECTION('center_axis',(0.,0.,-1.));
#5769=DIRECTION('ref_axis',(-1.,0.,0.));
#5770=DIRECTION('',(0.,1.,0.));
#5771=DIRECTION('',(-1.,0.,0.));
#5772=DIRECTION('',(0.,1.,0.));
#5773=DIRECTION('center_axis',(0.,1.,0.));
#5774=DIRECTION('ref_axis',(0.,0.,1.));
#5775=DIRECTION('center_axis',(0.,-1.,0.));
#5776=DIRECTION('ref_axis',(0.,0.,1.));
#5777=DIRECTION('',(0.,1.,0.));
#5778=DIRECTION('center_axis',(-1.,0.,0.));
#5779=DIRECTION('ref_axis',(0.,0.,1.));
#5780=DIRECTION('',(0.,0.,1.));
#5781=DIRECTION('',(0.,1.,0.));
#5782=DIRECTION('center_axis',(0.,1.,0.));
#5783=DIRECTION('ref_axis',(1.,0.,-4.44089209850056E-15));
#5784=DIRECTION('center_axis',(0.,-1.,0.));
#5785=DIRECTION('ref_axis',(1.,0.,-4.44089209850056E-15));
#5786=DIRECTION('',(0.,1.,0.));
#5787=DIRECTION('center_axis',(0.,0.,1.));
#5788=DIRECTION('ref_axis',(1.,0.,0.));
#5789=DIRECTION('',(1.,0.,0.));
#5790=DIRECTION('',(0.,1.,0.));
#5791=DIRECTION('center_axis',(0.,1.,0.));
#5792=DIRECTION('ref_axis',(3.5527136788005E-14,0.,-1.));
#5793=DIRECTION('center_axis',(0.,-1.,0.));
#5794=DIRECTION('ref_axis',(3.5527136788005E-14,0.,-1.));
#5795=DIRECTION('',(0.,1.,0.));
#5796=DIRECTION('center_axis',(1.,0.,0.));
#5797=DIRECTION('ref_axis',(0.,0.,-1.));
#5798=DIRECTION('',(0.,0.,-1.));
#5799=DIRECTION('',(0.,1.,0.));
#5800=DIRECTION('center_axis',(0.,1.,0.));
#5801=DIRECTION('ref_axis',(-1.,0.,0.));
#5802=DIRECTION('center_axis',(0.,-1.,0.));
#5803=DIRECTION('ref_axis',(-1.,0.,0.));
#5804=DIRECTION('center_axis',(0.,1.,0.));
#5805=DIRECTION('ref_axis',(0.999999999678333,0.,2.53640465236024E-5));
#5806=DIRECTION('',(0.,1.,0.));
#5807=DIRECTION('center_axis',(0.,-1.,0.));
#5808=DIRECTION('ref_axis',(-1.,0.,0.));
#5809=DIRECTION('',(0.,1.,0.));
#5810=DIRECTION('center_axis',(0.,1.,0.));
#5811=DIRECTION('ref_axis',(-1.,0.,0.));
#5812=DIRECTION('center_axis',(0.,-1.,0.));
#5813=DIRECTION('ref_axis',(-1.,0.,0.));
#5814=DIRECTION('center_axis',(0.,1.,0.));
#5815=DIRECTION('ref_axis',(-1.,0.,0.));
#5816=DIRECTION('center_axis',(0.,-1.,0.));
#5817=DIRECTION('ref_axis',(-1.,0.,0.));
#5818=DIRECTION('',(0.,-1.,0.));
#5819=DIRECTION('center_axis',(1.,0.,0.));
#5820=DIRECTION('ref_axis',(0.,0.,-1.));
#5821=DIRECTION('',(0.,1.,0.));
#5822=DIRECTION('',(0.,0.,-1.));
#5823=DIRECTION('',(0.,1.,0.));
#5824=DIRECTION('center_axis',(0.,1.,0.));
#5825=DIRECTION('ref_axis',(-1.,0.,2.22044604925036E-15));
#5826=DIRECTION('center_axis',(0.,-1.,0.));
#5827=DIRECTION('ref_axis',(-1.,0.,2.22044604925036E-15));
#5828=DIRECTION('',(0.,1.,0.));
#5829=DIRECTION('center_axis',(2.22044604925031E-16,0.,-1.));
#5830=DIRECTION('ref_axis',(-1.,0.,-2.22044604925031E-16));
#5831=DIRECTION('',(-1.,0.,-2.22044604925031E-16));
#5832=DIRECTION('',(0.,1.,0.));
#5833=DIRECTION('center_axis',(0.,1.,0.));
#5834=DIRECTION('ref_axis',(0.,0.,1.));
#5835=DIRECTION('center_axis',(0.,-1.,0.));
#5836=DIRECTION('ref_axis',(0.,0.,1.));
#5837=DIRECTION('',(0.,1.,0.));
#5838=DIRECTION('center_axis',(-1.,0.,0.));
#5839=DIRECTION('ref_axis',(0.,0.,1.));
#5840=DIRECTION('',(0.,0.,1.));
#5841=DIRECTION('',(0.,1.,0.));
#5842=DIRECTION('center_axis',(0.,1.,0.));
#5843=DIRECTION('ref_axis',(1.,0.,-2.22044604925028E-15));
#5844=DIRECTION('center_axis',(0.,-1.,0.));
#5845=DIRECTION('ref_axis',(1.,0.,-2.22044604925028E-15));
#5846=DIRECTION('',(0.,1.,0.));
#5847=DIRECTION('center_axis',(-7.40148683083439E-17,0.,1.));
#5848=DIRECTION('ref_axis',(1.,0.,7.40148683083439E-17));
#5849=DIRECTION('',(1.,0.,7.40148683083439E-17));
#5850=DIRECTION('',(0.,1.,0.));
#5851=DIRECTION('center_axis',(0.,1.,0.));
#5852=DIRECTION('ref_axis',(3.55271367880049E-14,0.,-1.));
#5853=DIRECTION('center_axis',(0.,-1.,0.));
#5854=DIRECTION('ref_axis',(3.55271367880049E-14,0.,-1.));
#5855=DIRECTION('center_axis',(1.,0.,0.));
#5856=DIRECTION('ref_axis',(0.,0.,-1.));
#5857=DIRECTION('',(0.,1.,0.));
#5858=DIRECTION('',(0.,0.,-1.));
#5859=DIRECTION('',(0.,1.,0.));
#5860=DIRECTION('center_axis',(0.,1.,0.));
#5861=DIRECTION('ref_axis',(-1.,0.,0.));
#5862=DIRECTION('center_axis',(0.,-1.,0.));
#5863=DIRECTION('ref_axis',(-1.,0.,0.));
#5864=DIRECTION('',(0.,1.,0.));
#5865=DIRECTION('center_axis',(0.,0.,-1.));
#5866=DIRECTION('ref_axis',(-1.,0.,0.));
#5867=DIRECTION('',(-1.,0.,0.));
#5868=DIRECTION('',(0.,1.,0.));
#5869=DIRECTION('center_axis',(0.,1.,0.));
#5870=DIRECTION('ref_axis',(1.77635683940024E-14,0.,1.));
#5871=DIRECTION('center_axis',(0.,-1.,0.));
#5872=DIRECTION('ref_axis',(1.77635683940024E-14,0.,1.));
#5873=DIRECTION('',(0.,1.,0.));
#5874=DIRECTION('center_axis',(-1.,0.,0.));
#5875=DIRECTION('ref_axis',(0.,0.,1.));
#5876=DIRECTION('',(0.,0.,1.));
#5877=DIRECTION('',(0.,1.,0.));
#5878=DIRECTION('center_axis',(0.,1.,0.));
#5879=DIRECTION('ref_axis',(1.,0.,0.));
#5880=DIRECTION('center_axis',(0.,-1.,0.));
#5881=DIRECTION('ref_axis',(1.,0.,0.));
#5882=DIRECTION('',(0.,1.,0.));
#5883=DIRECTION('center_axis',(0.,0.,1.));
#5884=DIRECTION('ref_axis',(1.,0.,0.));
#5885=DIRECTION('',(1.,0.,0.));
#5886=DIRECTION('',(0.,1.,0.));
#5887=DIRECTION('center_axis',(0.,1.,0.));
#5888=DIRECTION('ref_axis',(-4.44089209850058E-15,0.,-1.));
#5889=DIRECTION('center_axis',(0.,-1.,0.));
#5890=DIRECTION('ref_axis',(-4.44089209850058E-15,0.,-1.));
#5891=DIRECTION('center_axis',(-1.,0.,0.));
#5892=DIRECTION('ref_axis',(0.,0.,1.));
#5893=DIRECTION('',(0.,1.,0.));
#5894=DIRECTION('',(0.,0.,1.));
#5895=DIRECTION('',(0.,1.,0.));
#5896=DIRECTION('center_axis',(0.,1.,0.));
#5897=DIRECTION('ref_axis',(1.,0.,0.));
#5898=DIRECTION('center_axis',(0.,-1.,0.));
#5899=DIRECTION('ref_axis',(1.,0.,0.));
#5900=DIRECTION('',(0.,1.,0.));
#5901=DIRECTION('center_axis',(0.,0.,1.));
#5902=DIRECTION('ref_axis',(1.,0.,0.));
#5903=DIRECTION('',(1.,0.,0.));
#5904=DIRECTION('',(0.,1.,0.));
#5905=DIRECTION('center_axis',(0.,1.,0.));
#5906=DIRECTION('ref_axis',(1.77635683940025E-14,0.,-1.));
#5907=DIRECTION('center_axis',(0.,-1.,0.));
#5908=DIRECTION('ref_axis',(1.77635683940025E-14,0.,-1.));
#5909=DIRECTION('',(0.,1.,0.));
#5910=DIRECTION('center_axis',(1.,0.,0.));
#5911=DIRECTION('ref_axis',(0.,0.,-1.));
#5912=DIRECTION('',(0.,0.,-1.));
#5913=DIRECTION('',(0.,1.,0.));
#5914=DIRECTION('center_axis',(0.,1.,0.));
#5915=DIRECTION('ref_axis',(-1.,0.,0.));
#5916=DIRECTION('center_axis',(0.,-1.,0.));
#5917=DIRECTION('ref_axis',(-1.,0.,0.));
#5918=DIRECTION('',(0.,1.,0.));
#5919=DIRECTION('center_axis',(0.,0.,-1.));
#5920=DIRECTION('ref_axis',(-1.,0.,0.));
#5921=DIRECTION('',(-1.,0.,0.));
#5922=DIRECTION('',(0.,1.,0.));
#5923=DIRECTION('center_axis',(0.,1.,0.));
#5924=DIRECTION('ref_axis',(0.,0.,1.));
#5925=DIRECTION('center_axis',(0.,-1.,0.));
#5926=DIRECTION('ref_axis',(0.,0.,1.));
#5927=DIRECTION('center_axis',(0.,1.,0.));
#5928=DIRECTION('ref_axis',(-1.,0.,0.));
#5929=DIRECTION('center_axis',(0.,-1.,0.));
#5930=DIRECTION('ref_axis',(-1.,0.,0.));
#5931=DIRECTION('',(0.,-1.,0.));
#5932=DIRECTION('center_axis',(0.,0.,1.));
#5933=DIRECTION('ref_axis',(1.,0.,0.));
#5934=DIRECTION('',(0.,1.,0.));
#5935=DIRECTION('',(1.,0.,0.));
#5936=DIRECTION('',(0.,1.,0.));
#5937=DIRECTION('center_axis',(0.,1.,0.));
#5938=DIRECTION('ref_axis',(-4.4408920985006E-15,0.,-1.));
#5939=DIRECTION('center_axis',(0.,-1.,0.));
#5940=DIRECTION('ref_axis',(-4.4408920985006E-15,0.,-1.));
#5941=DIRECTION('',(0.,1.,0.));
#5942=DIRECTION('center_axis',(1.,0.,0.));
#5943=DIRECTION('ref_axis',(0.,0.,-1.));
#5944=DIRECTION('',(0.,0.,-1.));
#5945=DIRECTION('',(0.,1.,0.));
#5946=DIRECTION('center_axis',(0.,1.,0.));
#5947=DIRECTION('ref_axis',(-1.,0.,0.));
#5948=DIRECTION('center_axis',(0.,-1.,0.));
#5949=DIRECTION('ref_axis',(-1.,0.,0.));
#5950=DIRECTION('',(0.,1.,0.));
#5951=DIRECTION('center_axis',(0.,0.,-1.));
#5952=DIRECTION('ref_axis',(-1.,0.,0.));
#5953=DIRECTION('',(-1.,0.,0.));
#5954=DIRECTION('',(0.,1.,0.));
#5955=DIRECTION('center_axis',(0.,1.,0.));
#5956=DIRECTION('ref_axis',(1.77635683940023E-14,0.,1.));
#5957=DIRECTION('center_axis',(0.,-1.,0.));
#5958=DIRECTION('ref_axis',(1.77635683940023E-14,0.,1.));
#5959=DIRECTION('',(0.,1.,0.));
#5960=DIRECTION('center_axis',(-1.,0.,0.));
#5961=DIRECTION('ref_axis',(0.,0.,1.));
#5962=DIRECTION('',(0.,0.,1.));
#5963=DIRECTION('',(0.,1.,0.));
#5964=DIRECTION('center_axis',(0.,1.,0.));
#5965=DIRECTION('ref_axis',(1.,0.,0.));
#5966=DIRECTION('center_axis',(0.,-1.,0.));
#5967=DIRECTION('ref_axis',(1.,0.,0.));
#5968=DIRECTION('center_axis',(-1.48773604639887E-16,0.,-1.));
#5969=DIRECTION('ref_axis',(-1.,0.,1.48773604639887E-16));
#5970=DIRECTION('',(-1.,0.,1.48773604639887E-16));
#5971=DIRECTION('center_axis',(7.43868023199435E-17,0.,1.));
#5972=DIRECTION('ref_axis',(1.,0.,-7.43868023199435E-17));
#5973=DIRECTION('',(1.,0.,-7.43868023199435E-17));
#5974=DIRECTION('center_axis',(0.,1.,0.));
#5975=DIRECTION('ref_axis',(-1.,0.,0.));
#5976=CARTESIAN_POINT('',(0.,0.,0.));
#5977=CARTESIAN_POINT('Origin',(-1.00000011920929,11.5000001788139,-35.0000002942293));
#5978=CARTESIAN_POINT('',(-1.00000011920929,11.5000001788139,-25.0000002942293));
#5979=CARTESIAN_POINT('',(-21.0000004172325,11.5000001788139,-25.0000002942293));
#5980=CARTESIAN_POINT('',(-13.205800188659,11.5000001788139,-25.0000002942293));
#5981=CARTESIAN_POINT('',(-21.0000004172325,11.5000001788139,-35.0000002942293));
#5982=CARTESIAN_POINT('',(-21.0000004172325,11.5000001788139,-35.0000002942293));
#5983=CARTESIAN_POINT('',(-1.00000011920929,11.5000001788139,-35.0000002942293));
#5984=CARTESIAN_POINT('',(41.494199811341,11.5000001788139,-35.0000002942293));
#5985=CARTESIAN_POINT('',(-1.00000011920929,11.5000001788139,-35.0000002942293));
#5986=CARTESIAN_POINT('Origin',(-1.00000011920929,4.00000005960464,-35.0000002942293));
#5987=CARTESIAN_POINT('',(-1.00000011920929,4.00000005960464,-35.0000002942293));
#5988=CARTESIAN_POINT('',(-1.0000001192093,2.00000002980232,-35.0000002942293));
#5989=CARTESIAN_POINT('',(-1.00000011920929,4.00000005960464,-25.0000002942293));
#5990=CARTESIAN_POINT('',(-1.00000011920929,4.00000005960464,-35.0000002942293));
#5991=CARTESIAN_POINT('',(-1.00000011920929,2.00000002980232,-25.0000002942293));
#5992=CARTESIAN_POINT('Origin',(-21.0000004172325,4.00000005960464,-35.0000002942293));
#5993=CARTESIAN_POINT('',(-21.0000004172325,4.00000005960464,-25.0000002942293));
#5994=CARTESIAN_POINT('',(-23.2058003376706,4.00000005960464,-25.0000002942293));
#5995=CARTESIAN_POINT('',(-21.0000004172325,4.00000005960464,-35.0000002942293));
#5996=CARTESIAN_POINT('',(31.4941996623294,4.00000005960464,-35.0000002942293));
#5997=CARTESIAN_POINT('',(-21.0000004172325,4.00000005960464,-35.0000002942293));
#5998=CARTESIAN_POINT('Origin',(-21.0000004172325,12.0000001788139,-35.0000002942293));
#5999=CARTESIAN_POINT('',(-21.0000004172325,6.00000008940697,-25.0000002942293));
#6000=CARTESIAN_POINT('',(-21.0000004172325,6.00000008940697,-35.0000002942293));
#6001=CARTESIAN_POINT('Origin',(80.9883997418913,0.,-32.0000002942293));
#6002=CARTESIAN_POINT('',(80.9883997418913,13.,-35.0000002942293));
#6003=CARTESIAN_POINT('',(83.9883997418913,13.,-32.0000002942293));
#6004=CARTESIAN_POINT('Origin',(80.9883997418913,13.,-32.0000002942293));
#6005=CARTESIAN_POINT('',(83.9883997418913,0.,-32.0000002942293));
#6006=CARTESIAN_POINT('',(83.9883997418913,0.,-32.0000002942293));
#6007=CARTESIAN_POINT('',(80.9883997418913,0.,-35.0000002942293));
#6008=CARTESIAN_POINT('Origin',(80.9883997418913,0.,-32.0000002942293));
#6009=CARTESIAN_POINT('',(80.9883997418913,0.,-35.0000002942293));
#6010=CARTESIAN_POINT('Origin',(24.2883997418913,13.,12.4499997057707));
#6011=CARTESIAN_POINT('',(-32.4116002581087,13.,-35.0000002942293));
#6012=CARTESIAN_POINT('',(-35.4116002581087,13.,-35.0000002942293));
#6013=CARTESIAN_POINT('',(-35.4116002581087,13.,-32.0000002942293));
#6014=CARTESIAN_POINT('Origin',(-32.4116002581087,13.,-32.0000002942293));
#6015=CARTESIAN_POINT('',(-35.4116002581088,13.,56.8999997057707));
#6016=CARTESIAN_POINT('',(-35.4116002581088,13.,59.8999997057707));
#6017=CARTESIAN_POINT('',(-32.4116002581088,13.,59.8999997057707));
#6018=CARTESIAN_POINT('Origin',(-32.4116002581087,13.,56.8999997057707));
#6019=CARTESIAN_POINT('',(80.9883997418913,13.,59.8999997057707));
#6020=CARTESIAN_POINT('',(83.9883997418913,13.,59.8999997057707));
#6021=CARTESIAN_POINT('',(83.9883997418913,13.,56.8999997057707));
#6022=CARTESIAN_POINT('Origin',(80.9883997418913,13.,56.8999997057707));
#6023=CARTESIAN_POINT('',(83.9883997418913,13.,-35.0000002942293));
#6024=CARTESIAN_POINT('',(72.9883997418913,13.,49.8999997057707));
#6025=CARTESIAN_POINT('',(-24.4116002581088,13.,49.8999997057707));
#6026=CARTESIAN_POINT('',(73.9883997418912,13.,49.8999997057707));
#6027=CARTESIAN_POINT('',(-25.4116002581088,13.,48.8999997057707));
#6028=CARTESIAN_POINT('Origin',(-24.4116002581088,13.,48.8999997057707));
#6029=CARTESIAN_POINT('',(-25.4116002581088,13.,-24.0000002942293));
#6030=CARTESIAN_POINT('',(-25.4116002581088,13.,49.8999997057707));
#6031=CARTESIAN_POINT('',(-24.4116002581088,13.,-25.0000002942293));
#6032=CARTESIAN_POINT('Origin',(-24.4116002581088,13.,-24.0000002942293));
#6033=CARTESIAN_POINT('',(72.9883997418913,13.,-25.0000002942293));
#6034=CARTESIAN_POINT('',(-25.4116002581088,13.,-25.0000002942293));
#6035=CARTESIAN_POINT('',(73.9883997418913,13.,-24.0000002942293));
#6036=CARTESIAN_POINT('Origin',(72.9883997418913,13.,-24.0000002942293));
#6037=CARTESIAN_POINT('',(73.9883997418912,13.,48.8999997057707));
#6038=CARTESIAN_POINT('',(73.9883997418913,13.,-25.0000002942293));
#6039=CARTESIAN_POINT('Origin',(72.9883997418913,13.,48.8999997057707));
#6040=CARTESIAN_POINT('',(-31.8616002581087,13.,54.8999997057707));
#6041=CARTESIAN_POINT('Origin',(-30.4116002581087,13.,54.8999997057707));
#6042=CARTESIAN_POINT('',(77.5383997418839,13.,54.8999997057711));
#6043=CARTESIAN_POINT('Origin',(78.9883997418839,13.,54.8999997057711));
#6044=CARTESIAN_POINT('',(-31.8616002581088,13.,-30.0000002942293));
#6045=CARTESIAN_POINT('Origin',(-30.4116002581088,13.,-30.0000002942293));
#6046=CARTESIAN_POINT('',(77.5383997418913,13.,-30.0000002942293));
#6047=CARTESIAN_POINT('Origin',(78.9883997418912,13.,-30.0000002942293));
#6048=CARTESIAN_POINT('Origin',(83.9883997418913,0.,-35.0000002942293));
#6049=CARTESIAN_POINT('',(-32.4116002581087,0.,-35.0000002942293));
#6050=CARTESIAN_POINT('',(-35.4116002581087,0.,-35.0000002942293));
#6051=CARTESIAN_POINT('',(-32.4116002581087,0.,-35.0000002942293));
#6052=CARTESIAN_POINT('Origin',(-32.4116002581087,0.,-32.0000002942293));
#6053=CARTESIAN_POINT('',(-35.4116002581087,0.,-32.0000002942293));
#6054=CARTESIAN_POINT('Origin',(-32.4116002581087,0.,-32.0000002942293));
#6055=CARTESIAN_POINT('',(-35.4116002581087,0.,-32.0000002942293));
#6056=CARTESIAN_POINT('Origin',(-32.4116002581087,0.,56.8999997057707));
#6057=CARTESIAN_POINT('',(-35.4116002581088,0.,56.8999997057707));
#6058=CARTESIAN_POINT('',(-35.4116002581088,0.,56.8999997057707));
#6059=CARTESIAN_POINT('',(-32.4116002581088,0.,59.8999997057707));
#6060=CARTESIAN_POINT('Origin',(-32.4116002581087,0.,56.8999997057707));
#6061=CARTESIAN_POINT('',(-32.4116002581087,0.,59.8999997057707));
#6062=CARTESIAN_POINT('Origin',(-35.4116002581087,0.,59.8999997057707));
#6063=CARTESIAN_POINT('',(80.9883997418913,0.,59.8999997057707));
#6064=CARTESIAN_POINT('',(83.9883997418913,0.,59.8999997057707));
#6065=CARTESIAN_POINT('',(80.9883997418913,0.,59.8999997057707));
#6066=CARTESIAN_POINT('Origin',(80.9883997418913,0.,56.8999997057707));
#6067=CARTESIAN_POINT('',(83.9883997418913,0.,56.8999997057707));
#6068=CARTESIAN_POINT('Origin',(80.9883997418913,0.,56.8999997057707));
#6069=CARTESIAN_POINT('',(83.9883997418913,0.,56.8999997057707));
#6070=CARTESIAN_POINT('Origin',(72.9883997418913,0.,48.8999997057707));
#6071=CARTESIAN_POINT('',(72.9883997418913,3.,49.8999997057707));
#6072=CARTESIAN_POINT('',(73.9883997418912,3.,48.8999997057707));
#6073=CARTESIAN_POINT('Origin',(72.9883997418913,3.,48.8999997057707));
#6074=CARTESIAN_POINT('',(72.9883997418913,0.,49.8999997057707));
#6075=CARTESIAN_POINT('',(73.9883997418912,0.,48.8999997057707));
#6076=CARTESIAN_POINT('Origin',(73.9883997418912,0.,49.8999997057707));
#6077=CARTESIAN_POINT('',(-24.4116002581088,3.,49.8999997057707));
#6078=CARTESIAN_POINT('',(49.1383997418912,3.,49.8999997057707));
#6079=CARTESIAN_POINT('',(-24.4116002581088,0.,49.8999997057707));
#6080=CARTESIAN_POINT('Origin',(-24.4116002581088,0.,48.8999997057707));
#6081=CARTESIAN_POINT('',(-25.4116002581088,3.,48.8999997057707));
#6082=CARTESIAN_POINT('Origin',(-24.4116002581088,3.,48.8999997057707));
#6083=CARTESIAN_POINT('',(-25.4116002581088,0.,48.8999997057707));
#6084=CARTESIAN_POINT('Origin',(-25.4116002581088,0.,49.8999997057707));
#6085=CARTESIAN_POINT('',(-25.4116002581088,3.,-24.0000002942293));
#6086=CARTESIAN_POINT('',(-25.4116002581088,3.,31.1749997057707));
#6087=CARTESIAN_POINT('',(-25.4116002581088,0.,-24.0000002942293));
#6088=CARTESIAN_POINT('Origin',(-24.4116002581088,0.,-24.0000002942293));
#6089=CARTESIAN_POINT('',(-24.4116002581088,3.,-25.0000002942293));
#6090=CARTESIAN_POINT('Origin',(-24.4116002581088,3.,-24.0000002942293));
#6091=CARTESIAN_POINT('',(-24.4116002581088,0.,-25.0000002942293));
#6092=CARTESIAN_POINT('Origin',(-25.4116002581088,0.,-25.0000002942293));
#6093=CARTESIAN_POINT('',(72.9883997418913,3.,-25.0000002942293));
#6094=CARTESIAN_POINT('',(-0.561600258108744,3.,-25.0000002942293));
#6095=CARTESIAN_POINT('',(72.9883997418913,0.,-25.0000002942293));
#6096=CARTESIAN_POINT('Origin',(72.9883997418913,0.,-24.0000002942293));
#6097=CARTESIAN_POINT('',(73.9883997418913,3.,-24.0000002942293));
#6098=CARTESIAN_POINT('Origin',(72.9883997418913,3.,-24.0000002942293));
#6099=CARTESIAN_POINT('',(73.9883997418913,0.,-24.0000002942293));
#6100=CARTESIAN_POINT('Origin',(24.2883997418913,3.,12.4499997057707));
#6101=CARTESIAN_POINT('',(73.9883997418913,3.,-6.2750002942293));
#6102=CARTESIAN_POINT('Origin',(73.9883997418913,0.,-25.0000002942293));
#6103=CARTESIAN_POINT('Origin',(-30.4116002581088,0.,-30.0000002942293));
#6104=CARTESIAN_POINT('',(-31.8616002581088,0.,-30.0000002942293));
#6105=CARTESIAN_POINT('',(-31.8616002581088,0.,-30.0000002942293));
#6106=CARTESIAN_POINT('Origin',(-30.4116002581088,0.,-30.0000002942293));
#6107=CARTESIAN_POINT('Origin',(78.9883997418912,0.,-30.0000002942293));
#6108=CARTESIAN_POINT('',(77.5383997418913,0.,-30.0000002942293));
#6109=CARTESIAN_POINT('',(77.5383997418913,0.,-30.0000002942293));
#6110=CARTESIAN_POINT('Origin',(78.9883997418912,0.,-30.0000002942293));
#6111=CARTESIAN_POINT('Origin',(-30.4116002581087,0.,54.8999997057707));
#6112=CARTESIAN_POINT('',(-31.8616002581087,0.,54.8999997057707));
#6113=CARTESIAN_POINT('',(-31.8616002581087,0.,54.8999997057707));
#6114=CARTESIAN_POINT('Origin',(-30.4116002581087,0.,54.8999997057707));
#6115=CARTESIAN_POINT('Origin',(78.9883997418839,0.,54.8999997057711));
#6116=CARTESIAN_POINT('',(77.5383997418839,0.,54.8999997057711));
#6117=CARTESIAN_POINT('',(77.5383997418839,0.,54.8999997057711));
#6118=CARTESIAN_POINT('Origin',(78.9883997418839,0.,54.8999997057711));
#6119=CARTESIAN_POINT('Origin',(-35.4116002581087,0.,-35.0000002942293));
#6120=CARTESIAN_POINT('',(-35.4116002581088,0.,59.8999997057707));
#6121=CARTESIAN_POINT('Origin',(83.9883997418913,0.,59.8999997057707));
#6122=CARTESIAN_POINT('',(83.9883997418913,0.,-35.0000002942293));
#6123=CARTESIAN_POINT('Origin',(24.2883997418913,0.,12.4499997057707));
#6124=CARTESIAN_POINT('Origin',(72.00000149415,5.50000000000001,-23.0000014941501));
#6125=CARTESIAN_POINT('',(72.,5.50000000000001,-25.0000000000001));
#6126=CARTESIAN_POINT('',(72.,7.01000000000001,-25.0000000000001));
#6127=CARTESIAN_POINT('',(72.,5.50000000000001,-25.0000000000001));
#6128=CARTESIAN_POINT('',(74.,7.01000000000001,-23.));
#6129=CARTESIAN_POINT('Origin',(72.00000149415,7.01000000000001,-23.0000014941501));
#6130=CARTESIAN_POINT('',(74.,5.50000000000001,-23.));
#6131=CARTESIAN_POINT('',(74.,5.50000000000001,-23.));
#6132=CARTESIAN_POINT('Origin',(72.00000149415,5.50000000000001,-23.0000014941501));
#6133=CARTESIAN_POINT('Origin',(-23.,5.50000000000001,-25.0000000000001));
#6134=CARTESIAN_POINT('',(-23.,5.50000000000001,-25.0000000000001));
#6135=CARTESIAN_POINT('',(-23.,7.01000000000001,-25.0000000000001));
#6136=CARTESIAN_POINT('',(-23.,5.50000000000001,-25.0000000000001));
#6137=CARTESIAN_POINT('',(-23.,7.01000000000001,-25.0000000000001));
#6138=CARTESIAN_POINT('',(-23.,5.50000000000001,-25.0000000000001));
#6139=CARTESIAN_POINT('Origin',(74.,5.50000000000001,-23.));
#6140=CARTESIAN_POINT('',(74.,7.01000000000003,47.4999999999999));
#6141=CARTESIAN_POINT('',(74.,7.01000000000001,-23.));
#6142=CARTESIAN_POINT('',(74.,5.50000000000003,47.4999999999999));
#6143=CARTESIAN_POINT('',(74.,5.50000000000003,47.4999999999999));
#6144=CARTESIAN_POINT('',(74.,5.50000000000001,-23.));
#6145=CARTESIAN_POINT('Origin',(-72.,5.50000000000001,-45.0000000000001));
#6146=CARTESIAN_POINT('',(72.,5.50000000000003,49.5));
#6147=CARTESIAN_POINT('Origin',(72.00000149415,5.50000000000003,47.5000014941499));
#6148=CARTESIAN_POINT('',(-23.,5.50000000000003,49.5));
#6149=CARTESIAN_POINT('',(72.,5.50000000000003,49.5));
#6150=CARTESIAN_POINT('',(-25.,5.50000000000003,47.4999999999999));
#6151=CARTESIAN_POINT('Origin',(-23.00000149415,5.50000000000003,47.5000014941499));
#6152=CARTESIAN_POINT('',(-25.,5.50000000000001,-23.));
#6153=CARTESIAN_POINT('',(-25.,5.50000000000003,47.4999999999999));
#6154=CARTESIAN_POINT('Origin',(-23.00000149415,5.50000000000001,-23.0000014941501));
#6155=CARTESIAN_POINT('',(18.34,5.50000000000003,37.6499999999999));
#6156=CARTESIAN_POINT('Origin',(18.34,5.50000000000003,38.4999999999999));
#6157=CARTESIAN_POINT('',(23.42,5.50000000000003,36.4999999999999));
#6158=CARTESIAN_POINT('Origin',(23.42,5.50000000000003,38.4999999999999));
#6159=CARTESIAN_POINT('',(19.61,5.50000000000002,35.2099999999999));
#6160=CARTESIAN_POINT('Origin',(19.61,5.50000000000002,35.96));
#6161=CARTESIAN_POINT('',(18.34,5.50000000000002,18.6499999999999));
#6162=CARTESIAN_POINT('Origin',(18.34,5.50000000000002,19.5));
#6163=CARTESIAN_POINT('',(23.42,5.50000000000002,17.5));
#6164=CARTESIAN_POINT('Origin',(23.42,5.50000000000002,19.5));
#6165=CARTESIAN_POINT('',(19.61,5.50000000000002,16.21));
#6166=CARTESIAN_POINT('Origin',(19.61,5.50000000000002,16.96));
#6167=CARTESIAN_POINT('',(28.5,5.50000000000003,37.6499999999999));
#6168=CARTESIAN_POINT('Origin',(28.5,5.50000000000003,38.4999999999999));
#6169=CARTESIAN_POINT('',(25.96,5.50000000000002,32.67));
#6170=CARTESIAN_POINT('Origin',(25.96,5.50000000000002,33.42));
#6171=CARTESIAN_POINT('',(37.555,5.50000000000003,37.6499999999999));
#6172=CARTESIAN_POINT('Origin',(37.555,5.50000000000003,38.4999999999999));
#6173=CARTESIAN_POINT('',(42.635,5.50000000000003,36.4999999999999));
#6174=CARTESIAN_POINT('Origin',(42.635,5.50000000000003,38.4999999999999));
#6175=CARTESIAN_POINT('',(38.825,5.50000000000002,35.2099999999999));
#6176=CARTESIAN_POINT('Origin',(38.825,5.50000000000002,35.96));
#6177=CARTESIAN_POINT('',(45.175,5.50000000000002,32.67));
#6178=CARTESIAN_POINT('Origin',(45.175,5.50000000000002,33.42));
#6179=CARTESIAN_POINT('',(47.715,5.50000000000003,37.6499999999999));
#6180=CARTESIAN_POINT('Origin',(47.715,5.50000000000003,38.4999999999999));
#6181=CARTESIAN_POINT('',(56.84,5.50000000000003,37.6499999999999));
#6182=CARTESIAN_POINT('Origin',(56.84,5.50000000000003,38.4999999999999));
#6183=CARTESIAN_POINT('',(61.92,5.50000000000003,36.4999999999999));
#6184=CARTESIAN_POINT('Origin',(61.92,5.50000000000003,38.4999999999999));
#6185=CARTESIAN_POINT('',(67.,5.50000000000003,37.6499999999999));
#6186=CARTESIAN_POINT('Origin',(67.,5.50000000000003,38.4999999999999));
#6187=CARTESIAN_POINT('',(58.11,5.50000000000002,35.2099999999999));
#6188=CARTESIAN_POINT('Origin',(58.11,5.50000000000002,35.96));
#6189=CARTESIAN_POINT('',(64.46,5.50000000000002,32.67));
#6190=CARTESIAN_POINT('Origin',(64.46,5.50000000000002,33.42));
#6191=CARTESIAN_POINT('',(28.5,5.50000000000002,18.6499999999999));
#6192=CARTESIAN_POINT('Origin',(28.5,5.50000000000002,19.5));
#6193=CARTESIAN_POINT('',(37.555,5.50000000000002,18.6499999999999));
#6194=CARTESIAN_POINT('Origin',(37.555,5.50000000000002,19.5));
#6195=CARTESIAN_POINT('',(42.635,5.50000000000002,17.5));
#6196=CARTESIAN_POINT('Origin',(42.635,5.50000000000002,19.5));
#6197=CARTESIAN_POINT('',(25.96,5.50000000000002,13.6699999999999));
#6198=CARTESIAN_POINT('Origin',(25.96,5.50000000000002,14.4199999999999));
#6199=CARTESIAN_POINT('',(38.825,5.50000000000002,16.21));
#6200=CARTESIAN_POINT('Origin',(38.825,5.50000000000002,16.96));
#6201=CARTESIAN_POINT('',(45.175,5.50000000000002,13.6699999999999));
#6202=CARTESIAN_POINT('Origin',(45.175,5.50000000000002,14.4199999999999));
#6203=CARTESIAN_POINT('',(47.715,5.50000000000002,18.6499999999999));
#6204=CARTESIAN_POINT('Origin',(47.715,5.50000000000002,19.5));
#6205=CARTESIAN_POINT('',(56.84,5.50000000000002,18.6499999999999));
#6206=CARTESIAN_POINT('Origin',(56.84,5.50000000000002,19.5));
#6207=CARTESIAN_POINT('',(61.92,5.50000000000002,17.5));
#6208=CARTESIAN_POINT('Origin',(61.92,5.50000000000002,19.5));
#6209=CARTESIAN_POINT('',(67.,5.50000000000002,18.6499999999999));
#6210=CARTESIAN_POINT('Origin',(67.,5.50000000000002,19.5));
#6211=CARTESIAN_POINT('',(58.11,5.50000000000002,16.21));
#6212=CARTESIAN_POINT('Origin',(58.11,5.50000000000002,16.96));
#6213=CARTESIAN_POINT('',(64.46,5.50000000000002,13.6699999999999));
#6214=CARTESIAN_POINT('Origin',(64.46,5.50000000000002,14.4199999999999));
#6215=CARTESIAN_POINT('',(-18.75,5.50000000000002,-2.96000000000005));
#6216=CARTESIAN_POINT('Origin',(-18.75,5.50000000000002,-2.46000000000005));
#6217=CARTESIAN_POINT('',(-18.75,5.50000000000002,-5.50000000000005));
#6218=CARTESIAN_POINT('Origin',(-18.75,5.50000000000002,-5.00000000000005));
#6219=CARTESIAN_POINT('',(-3.50000000000001,5.50000000000002,-2.96000000000005));
#6220=CARTESIAN_POINT('Origin',(-3.50000000000001,5.50000000000002,-2.46000000000005));
#6221=CARTESIAN_POINT('',(-3.50000000000001,5.50000000000002,-5.50000000000005));
#6222=CARTESIAN_POINT('Origin',(-3.50000000000001,5.50000000000002,-5.00000000000005));
#6223=CARTESIAN_POINT('',(18.34,5.50000000000002,-0.305000000000053));
#6224=CARTESIAN_POINT('Origin',(18.34,5.50000000000002,0.544999999999947));
#6225=CARTESIAN_POINT('',(23.42,5.50000000000002,-1.45500000000005));
#6226=CARTESIAN_POINT('Origin',(23.42,5.50000000000002,0.544999999999947));
#6227=CARTESIAN_POINT('',(19.61,5.50000000000002,-2.74500000000005));
#6228=CARTESIAN_POINT('Origin',(19.61,5.50000000000002,-1.99500000000005));
#6229=CARTESIAN_POINT('',(-18.75,5.50000000000002,-8.04000000000005));
#6230=CARTESIAN_POINT('Origin',(-18.75,5.50000000000002,-7.54000000000005));
#6231=CARTESIAN_POINT('',(-18.75,5.50000000000002,-10.58));
#6232=CARTESIAN_POINT('Origin',(-18.75,5.50000000000002,-10.08));
#6233=CARTESIAN_POINT('',(-18.75,5.50000000000001,-13.12));
#6234=CARTESIAN_POINT('Origin',(-18.75,5.50000000000001,-12.62));
#6235=CARTESIAN_POINT('',(-3.50000000000001,5.50000000000002,-8.04000000000005));
#6236=CARTESIAN_POINT('Origin',(-3.50000000000001,5.50000000000002,-7.54000000000005));
#6237=CARTESIAN_POINT('',(-3.50000000000001,5.50000000000002,-10.58));
#6238=CARTESIAN_POINT('Origin',(-3.50000000000001,5.50000000000002,-10.08));
#6239=CARTESIAN_POINT('',(-3.50000000000001,5.50000000000001,-13.12));
#6240=CARTESIAN_POINT('Origin',(-3.50000000000001,5.50000000000001,-12.62));
#6241=CARTESIAN_POINT('',(-18.75,5.50000000000001,-15.6600000000001));
#6242=CARTESIAN_POINT('Origin',(-18.75,5.50000000000001,-15.1600000000001));
#6243=CARTESIAN_POINT('',(-18.75,5.50000000000001,-18.2));
#6244=CARTESIAN_POINT('Origin',(-18.75,5.50000000000001,-17.7));
#6245=CARTESIAN_POINT('',(-3.50000000000001,5.50000000000001,-15.6600000000001));
#6246=CARTESIAN_POINT('Origin',(-3.50000000000001,5.50000000000001,-15.1600000000001));
#6247=CARTESIAN_POINT('',(-3.50000000000001,5.50000000000001,-18.2));
#6248=CARTESIAN_POINT('Origin',(-3.50000000000001,5.50000000000001,-17.7));
#6249=CARTESIAN_POINT('',(28.5,5.50000000000002,-0.305000000000053));
#6250=CARTESIAN_POINT('Origin',(28.5,5.50000000000002,0.544999999999947));
#6251=CARTESIAN_POINT('',(25.96,5.50000000000002,-5.28500000000004));
#6252=CARTESIAN_POINT('Origin',(25.96,5.50000000000002,-4.53500000000004));
#6253=CARTESIAN_POINT('',(37.555,5.50000000000002,-0.305000000000053));
#6254=CARTESIAN_POINT('Origin',(37.555,5.50000000000002,0.544999999999947));
#6255=CARTESIAN_POINT('',(42.635,5.50000000000002,-1.45500000000005));
#6256=CARTESIAN_POINT('Origin',(42.635,5.50000000000002,0.544999999999947));
#6257=CARTESIAN_POINT('',(38.825,5.50000000000002,-2.74500000000005));
#6258=CARTESIAN_POINT('Origin',(38.825,5.50000000000002,-1.99500000000005));
#6259=CARTESIAN_POINT('',(45.175,5.50000000000002,-5.28500000000004));
#6260=CARTESIAN_POINT('Origin',(45.175,5.50000000000002,-4.53500000000004));
#6261=CARTESIAN_POINT('',(47.715,5.50000000000002,-0.305000000000053));
#6262=CARTESIAN_POINT('Origin',(47.715,5.50000000000002,0.544999999999947));
#6263=CARTESIAN_POINT('',(56.84,5.50000000000002,-0.305000000000053));
#6264=CARTESIAN_POINT('Origin',(56.84,5.50000000000002,0.544999999999947));
#6265=CARTESIAN_POINT('',(61.92,5.50000000000002,-1.45500000000005));
#6266=CARTESIAN_POINT('Origin',(61.92,5.50000000000002,0.544999999999947));
#6267=CARTESIAN_POINT('',(67.,5.50000000000002,-0.305000000000053));
#6268=CARTESIAN_POINT('Origin',(67.,5.50000000000002,0.544999999999947));
#6269=CARTESIAN_POINT('',(58.11,5.50000000000002,-2.74500000000005));
#6270=CARTESIAN_POINT('Origin',(58.11,5.50000000000002,-1.99500000000005));
#6271=CARTESIAN_POINT('',(64.46,5.50000000000002,-5.28500000000004));
#6272=CARTESIAN_POINT('Origin',(64.46,5.50000000000002,-4.53500000000004));
#6273=CARTESIAN_POINT('',(60.,5.50000000000002,-12.9600000000001));
#6274=CARTESIAN_POINT('Origin',(60.,5.50000000000002,-12.4600000000001));
#6275=CARTESIAN_POINT('',(60.,5.50000000000001,-15.5000000000001));
#6276=CARTESIAN_POINT('Origin',(60.,5.50000000000001,-15.0000000000001));
#6277=CARTESIAN_POINT('',(60.,5.50000000000001,-18.04));
#6278=CARTESIAN_POINT('Origin',(60.,5.50000000000001,-17.54));
#6279=CARTESIAN_POINT('',(60.,5.50000000000001,-20.58));
#6280=CARTESIAN_POINT('Origin',(60.,5.50000000000001,-20.08));
#6281=CARTESIAN_POINT('Origin',(-72.,7.01000000000001,-45.0000000000001));
#6282=CARTESIAN_POINT('',(-25.,7.01000000000001,-23.));
#6283=CARTESIAN_POINT('Origin',(-23.00000149415,7.01000000000001,-23.0000014941501));
#6284=CARTESIAN_POINT('',(-25.,7.01000000000003,47.4999999999999));
#6285=CARTESIAN_POINT('',(-25.,7.01000000000003,47.4999999999999));
#6286=CARTESIAN_POINT('',(-23.,7.01000000000003,49.5));
#6287=CARTESIAN_POINT('Origin',(-23.00000149415,7.01000000000003,47.5000014941499));
#6288=CARTESIAN_POINT('',(72.,7.01000000000003,49.5));
#6289=CARTESIAN_POINT('',(72.,7.01000000000003,49.5));
#6290=CARTESIAN_POINT('Origin',(72.00000149415,7.01000000000003,47.5000014941499));
#6291=CARTESIAN_POINT('',(18.34,7.01000000000003,37.6499999999999));
#6292=CARTESIAN_POINT('Origin',(18.34,7.01000000000003,38.4999999999999));
#6293=CARTESIAN_POINT('',(23.42,7.01000000000003,36.4999999999999));
#6294=CARTESIAN_POINT('Origin',(23.42,7.01000000000003,38.4999999999999));
#6295=CARTESIAN_POINT('',(19.61,7.01000000000002,35.2099999999999));
#6296=CARTESIAN_POINT('Origin',(19.61,7.01000000000002,35.96));
#6297=CARTESIAN_POINT('',(18.34,7.01000000000002,18.6499999999999));
#6298=CARTESIAN_POINT('Origin',(18.34,7.01000000000002,19.5));
#6299=CARTESIAN_POINT('',(23.42,7.01000000000002,17.5));
#6300=CARTESIAN_POINT('Origin',(23.42,7.01000000000002,19.5));
#6301=CARTESIAN_POINT('',(19.61,7.01000000000002,16.21));
#6302=CARTESIAN_POINT('Origin',(19.61,7.01000000000002,16.96));
#6303=CARTESIAN_POINT('',(28.5,7.01000000000003,37.6499999999999));
#6304=CARTESIAN_POINT('Origin',(28.5,7.01000000000003,38.4999999999999));
#6305=CARTESIAN_POINT('',(25.96,7.01000000000002,32.67));
#6306=CARTESIAN_POINT('Origin',(25.96,7.01000000000002,33.42));
#6307=CARTESIAN_POINT('',(37.555,7.01000000000003,37.6499999999999));
#6308=CARTESIAN_POINT('Origin',(37.555,7.01000000000003,38.4999999999999));
#6309=CARTESIAN_POINT('',(42.635,7.01000000000003,36.4999999999999));
#6310=CARTESIAN_POINT('Origin',(42.635,7.01000000000003,38.4999999999999));
#6311=CARTESIAN_POINT('',(38.825,7.01000000000002,35.2099999999999));
#6312=CARTESIAN_POINT('Origin',(38.825,7.01000000000002,35.96));
#6313=CARTESIAN_POINT('',(45.175,7.01000000000002,32.67));
#6314=CARTESIAN_POINT('Origin',(45.175,7.01000000000002,33.42));
#6315=CARTESIAN_POINT('',(47.715,7.01000000000003,37.6499999999999));
#6316=CARTESIAN_POINT('Origin',(47.715,7.01000000000003,38.4999999999999));
#6317=CARTESIAN_POINT('',(56.84,7.01000000000003,37.6499999999999));
#6318=CARTESIAN_POINT('Origin',(56.84,7.01000000000003,38.4999999999999));
#6319=CARTESIAN_POINT('',(61.92,7.01000000000003,36.4999999999999));
#6320=CARTESIAN_POINT('Origin',(61.92,7.01000000000003,38.4999999999999));
#6321=CARTESIAN_POINT('',(67.,7.01000000000003,37.6499999999999));
#6322=CARTESIAN_POINT('Origin',(67.,7.01000000000003,38.4999999999999));
#6323=CARTESIAN_POINT('',(58.11,7.01000000000002,35.2099999999999));
#6324=CARTESIAN_POINT('Origin',(58.11,7.01000000000002,35.96));
#6325=CARTESIAN_POINT('',(64.46,7.01000000000002,32.67));
#6326=CARTESIAN_POINT('Origin',(64.46,7.01000000000002,33.42));
#6327=CARTESIAN_POINT('',(28.5,7.01000000000002,18.6499999999999));
#6328=CARTESIAN_POINT('Origin',(28.5,7.01000000000002,19.5));
#6329=CARTESIAN_POINT('',(37.555,7.01000000000002,18.6499999999999));
#6330=CARTESIAN_POINT('Origin',(37.555,7.01000000000002,19.5));
#6331=CARTESIAN_POINT('',(42.635,7.01000000000002,17.5));
#6332=CARTESIAN_POINT('Origin',(42.635,7.01000000000002,19.5));
#6333=CARTESIAN_POINT('',(25.96,7.01000000000002,13.6699999999999));
#6334=CARTESIAN_POINT('Origin',(25.96,7.01000000000002,14.4199999999999));
#6335=CARTESIAN_POINT('',(38.825,7.01000000000002,16.21));
#6336=CARTESIAN_POINT('Origin',(38.825,7.01000000000002,16.96));
#6337=CARTESIAN_POINT('',(45.175,7.01000000000002,13.6699999999999));
#6338=CARTESIAN_POINT('Origin',(45.175,7.01000000000002,14.4199999999999));
#6339=CARTESIAN_POINT('',(47.715,7.01000000000002,18.6499999999999));
#6340=CARTESIAN_POINT('Origin',(47.715,7.01000000000002,19.5));
#6341=CARTESIAN_POINT('',(56.84,7.01000000000002,18.6499999999999));
#6342=CARTESIAN_POINT('Origin',(56.84,7.01000000000002,19.5));
#6343=CARTESIAN_POINT('',(61.92,7.01000000000002,17.5));
#6344=CARTESIAN_POINT('Origin',(61.92,7.01000000000002,19.5));
#6345=CARTESIAN_POINT('',(67.,7.01000000000002,18.6499999999999));
#6346=CARTESIAN_POINT('Origin',(67.,7.01000000000002,19.5));
#6347=CARTESIAN_POINT('',(58.11,7.01000000000002,16.21));
#6348=CARTESIAN_POINT('Origin',(58.11,7.01000000000002,16.96));
#6349=CARTESIAN_POINT('',(64.46,7.01000000000002,13.6699999999999));
#6350=CARTESIAN_POINT('Origin',(64.46,7.01000000000002,14.4199999999999));
#6351=CARTESIAN_POINT('',(-18.75,7.01000000000002,-2.96000000000005));
#6352=CARTESIAN_POINT('Origin',(-18.75,7.01000000000002,-2.46000000000005));
#6353=CARTESIAN_POINT('',(-18.75,7.01000000000002,-5.50000000000005));
#6354=CARTESIAN_POINT('Origin',(-18.75,7.01000000000002,-5.00000000000005));
#6355=CARTESIAN_POINT('',(-3.50000000000001,7.01000000000002,-2.96000000000005));
#6356=CARTESIAN_POINT('Origin',(-3.50000000000001,7.01000000000002,-2.46000000000005));
#6357=CARTESIAN_POINT('',(-3.50000000000001,7.01000000000002,-5.50000000000005));
#6358=CARTESIAN_POINT('Origin',(-3.50000000000001,7.01000000000002,-5.00000000000005));
#6359=CARTESIAN_POINT('',(18.34,7.01000000000002,-0.305000000000054));
#6360=CARTESIAN_POINT('Origin',(18.34,7.01000000000002,0.544999999999947));
#6361=CARTESIAN_POINT('',(23.42,7.01000000000002,-1.45500000000005));
#6362=CARTESIAN_POINT('Origin',(23.42,7.01000000000002,0.544999999999947));
#6363=CARTESIAN_POINT('',(19.61,7.01000000000002,-2.74500000000005));
#6364=CARTESIAN_POINT('Origin',(19.61,7.01000000000002,-1.99500000000005));
#6365=CARTESIAN_POINT('',(-18.75,7.01000000000002,-8.04000000000005));
#6366=CARTESIAN_POINT('Origin',(-18.75,7.01000000000002,-7.54000000000005));
#6367=CARTESIAN_POINT('',(-18.75,7.01000000000001,-10.58));
#6368=CARTESIAN_POINT('Origin',(-18.75,7.01000000000001,-10.08));
#6369=CARTESIAN_POINT('',(-18.75,7.01000000000001,-13.12));
#6370=CARTESIAN_POINT('Origin',(-18.75,7.01000000000001,-12.62));
#6371=CARTESIAN_POINT('',(-3.50000000000001,7.01000000000002,-8.04000000000005));
#6372=CARTESIAN_POINT('Origin',(-3.50000000000001,7.01000000000002,-7.54000000000005));
#6373=CARTESIAN_POINT('',(-3.50000000000001,7.01000000000001,-10.58));
#6374=CARTESIAN_POINT('Origin',(-3.50000000000001,7.01000000000001,-10.08));
#6375=CARTESIAN_POINT('',(-3.50000000000001,7.01000000000001,-13.12));
#6376=CARTESIAN_POINT('Origin',(-3.50000000000001,7.01000000000001,-12.62));
#6377=CARTESIAN_POINT('',(-18.75,7.01000000000001,-15.6600000000001));
#6378=CARTESIAN_POINT('Origin',(-18.75,7.01000000000001,-15.1600000000001));
#6379=CARTESIAN_POINT('',(-18.75,7.01000000000001,-18.2));
#6380=CARTESIAN_POINT('Origin',(-18.75,7.01000000000001,-17.7));
#6381=CARTESIAN_POINT('',(-3.50000000000001,7.01000000000001,-15.6600000000001));
#6382=CARTESIAN_POINT('Origin',(-3.50000000000001,7.01000000000001,-15.1600000000001));
#6383=CARTESIAN_POINT('',(-3.50000000000001,7.01000000000001,-18.2));
#6384=CARTESIAN_POINT('Origin',(-3.50000000000001,7.01000000000001,-17.7));
#6385=CARTESIAN_POINT('',(28.5,7.01000000000002,-0.305000000000054));
#6386=CARTESIAN_POINT('Origin',(28.5,7.01000000000002,0.544999999999947));
#6387=CARTESIAN_POINT('',(25.96,7.01000000000002,-5.28500000000004));
#6388=CARTESIAN_POINT('Origin',(25.96,7.01000000000002,-4.53500000000004));
#6389=CARTESIAN_POINT('',(37.555,7.01000000000002,-0.305000000000054));
#6390=CARTESIAN_POINT('Origin',(37.555,7.01000000000002,0.544999999999947));
#6391=CARTESIAN_POINT('',(42.635,7.01000000000002,-1.45500000000005));
#6392=CARTESIAN_POINT('Origin',(42.635,7.01000000000002,0.544999999999947));
#6393=CARTESIAN_POINT('',(38.825,7.01000000000002,-2.74500000000005));
#6394=CARTESIAN_POINT('Origin',(38.825,7.01000000000002,-1.99500000000005));
#6395=CARTESIAN_POINT('',(45.175,7.01000000000002,-5.28500000000004));
#6396=CARTESIAN_POINT('Origin',(45.175,7.01000000000002,-4.53500000000004));
#6397=CARTESIAN_POINT('',(47.715,7.01000000000002,-0.305000000000054));
#6398=CARTESIAN_POINT('Origin',(47.715,7.01000000000002,0.544999999999947));
#6399=CARTESIAN_POINT('',(56.84,7.01000000000002,-0.305000000000054));
#6400=CARTESIAN_POINT('Origin',(56.84,7.01000000000002,0.544999999999947));
#6401=CARTESIAN_POINT('',(61.92,7.01000000000002,-1.45500000000005));
#6402=CARTESIAN_POINT('Origin',(61.92,7.01000000000002,0.544999999999947));
#6403=CARTESIAN_POINT('',(67.,7.01000000000002,-0.305000000000054));
#6404=CARTESIAN_POINT('Origin',(67.,7.01000000000002,0.544999999999947));
#6405=CARTESIAN_POINT('',(58.11,7.01000000000002,-2.74500000000005));
#6406=CARTESIAN_POINT('Origin',(58.11,7.01000000000002,-1.99500000000005));
#6407=CARTESIAN_POINT('',(64.46,7.01000000000002,-5.28500000000004));
#6408=CARTESIAN_POINT('Origin',(64.46,7.01000000000002,-4.53500000000004));
#6409=CARTESIAN_POINT('',(60.,7.01000000000001,-12.9600000000001));
#6410=CARTESIAN_POINT('Origin',(60.,7.01000000000001,-12.4600000000001));
#6411=CARTESIAN_POINT('',(60.,7.01000000000001,-15.5000000000001));
#6412=CARTESIAN_POINT('Origin',(60.,7.01000000000001,-15.0000000000001));
#6413=CARTESIAN_POINT('',(60.,7.01000000000001,-18.04));
#6414=CARTESIAN_POINT('Origin',(60.,7.01000000000001,-17.54));
#6415=CARTESIAN_POINT('',(60.,7.01000000000001,-20.58));
#6416=CARTESIAN_POINT('Origin',(60.,7.01000000000001,-20.08));
#6417=CARTESIAN_POINT('Origin',(-23.00000149415,5.50000000000001,-23.0000014941501));
#6418=CARTESIAN_POINT('',(-25.,5.50000000000001,-23.));
#6419=CARTESIAN_POINT('Origin',(72.00000149415,5.50000000000003,47.5000014941499));
#6420=CARTESIAN_POINT('',(72.,5.50000000000003,49.5));
#6421=CARTESIAN_POINT('Origin',(-25.,5.50000000000003,47.4999999999999));
#6422=CARTESIAN_POINT('',(-25.,5.50000000000003,47.4999999999999));
#6423=CARTESIAN_POINT('Origin',(72.,5.50000000000003,49.5));
#6424=CARTESIAN_POINT('',(-23.,5.50000000000003,49.5));
#6425=CARTESIAN_POINT('Origin',(-23.00000149415,5.50000000000003,47.5000014941499));
#6426=CARTESIAN_POINT('Origin',(18.34,5.45400000000003,38.4999999999999));
#6427=CARTESIAN_POINT('',(18.34,5.45400000000003,37.6499999999999));
#6428=CARTESIAN_POINT('Origin',(23.42,5.45400000000003,38.4999999999999));
#6429=CARTESIAN_POINT('',(23.42,5.45400000000003,36.4999999999999));
#6430=CARTESIAN_POINT('Origin',(19.61,5.45400000000003,35.96));
#6431=CARTESIAN_POINT('',(19.61,5.45400000000003,35.2099999999999));
#6432=CARTESIAN_POINT('Origin',(18.34,5.45400000000002,19.5));
#6433=CARTESIAN_POINT('',(18.34,5.45400000000002,18.6499999999999));
#6434=CARTESIAN_POINT('Origin',(23.42,5.45400000000002,19.5));
#6435=CARTESIAN_POINT('',(23.42,5.45400000000002,17.5));
#6436=CARTESIAN_POINT('Origin',(19.61,5.45400000000002,16.96));
#6437=CARTESIAN_POINT('',(19.61,5.45400000000002,16.21));
#6438=CARTESIAN_POINT('Origin',(28.5,5.45400000000003,38.4999999999999));
#6439=CARTESIAN_POINT('',(28.5,5.45400000000003,37.6499999999999));
#6440=CARTESIAN_POINT('Origin',(25.96,5.45400000000002,33.42));
#6441=CARTESIAN_POINT('',(25.96,5.45400000000002,32.67));
#6442=CARTESIAN_POINT('Origin',(37.555,5.45400000000003,38.4999999999999));
#6443=CARTESIAN_POINT('',(37.555,5.45400000000003,37.6499999999999));
#6444=CARTESIAN_POINT('Origin',(42.635,5.45400000000003,38.4999999999999));
#6445=CARTESIAN_POINT('',(42.635,5.45400000000003,36.4999999999999));
#6446=CARTESIAN_POINT('Origin',(38.825,5.45400000000003,35.96));
#6447=CARTESIAN_POINT('',(38.825,5.45400000000003,35.2099999999999));
#6448=CARTESIAN_POINT('Origin',(45.175,5.45400000000002,33.42));
#6449=CARTESIAN_POINT('',(45.175,5.45400000000002,32.67));
#6450=CARTESIAN_POINT('Origin',(47.715,5.45400000000003,38.4999999999999));
#6451=CARTESIAN_POINT('',(47.715,5.45400000000003,37.6499999999999));
#6452=CARTESIAN_POINT('Origin',(56.84,5.45400000000003,38.4999999999999));
#6453=CARTESIAN_POINT('',(56.84,5.45400000000003,37.6499999999999));
#6454=CARTESIAN_POINT('Origin',(61.92,5.45400000000003,38.4999999999999));
#6455=CARTESIAN_POINT('',(61.92,5.45400000000003,36.4999999999999));
#6456=CARTESIAN_POINT('Origin',(67.,5.45400000000003,38.4999999999999));
#6457=CARTESIAN_POINT('',(67.,5.45400000000003,37.6499999999999));
#6458=CARTESIAN_POINT('Origin',(58.11,5.45400000000003,35.96));
#6459=CARTESIAN_POINT('',(58.11,5.45400000000003,35.2099999999999));
#6460=CARTESIAN_POINT('Origin',(64.46,5.45400000000002,33.42));
#6461=CARTESIAN_POINT('',(64.46,5.45400000000002,32.67));
#6462=CARTESIAN_POINT('Origin',(28.5,5.45400000000002,19.5));
#6463=CARTESIAN_POINT('',(28.5,5.45400000000002,18.6499999999999));
#6464=CARTESIAN_POINT('Origin',(37.555,5.45400000000002,19.5));
#6465=CARTESIAN_POINT('',(37.555,5.45400000000002,18.6499999999999));
#6466=CARTESIAN_POINT('Origin',(42.635,5.45400000000002,19.5));
#6467=CARTESIAN_POINT('',(42.635,5.45400000000002,17.5));
#6468=CARTESIAN_POINT('Origin',(25.96,5.45400000000002,14.4199999999999));
#6469=CARTESIAN_POINT('',(25.96,5.45400000000002,13.6699999999999));
#6470=CARTESIAN_POINT('Origin',(38.825,5.45400000000002,16.96));
#6471=CARTESIAN_POINT('',(38.825,5.45400000000002,16.21));
#6472=CARTESIAN_POINT('Origin',(45.175,5.45400000000002,14.4199999999999));
#6473=CARTESIAN_POINT('',(45.175,5.45400000000002,13.6699999999999));
#6474=CARTESIAN_POINT('Origin',(47.715,5.45400000000002,19.5));
#6475=CARTESIAN_POINT('',(47.715,5.45400000000002,18.6499999999999));
#6476=CARTESIAN_POINT('Origin',(56.84,5.45400000000002,19.5));
#6477=CARTESIAN_POINT('',(56.84,5.45400000000002,18.6499999999999));
#6478=CARTESIAN_POINT('Origin',(61.92,5.45400000000002,19.5));
#6479=CARTESIAN_POINT('',(61.92,5.45400000000002,17.5));
#6480=CARTESIAN_POINT('Origin',(67.,5.45400000000002,19.5));
#6481=CARTESIAN_POINT('',(67.,5.45400000000002,18.6499999999999));
#6482=CARTESIAN_POINT('Origin',(58.11,5.45400000000002,16.96));
#6483=CARTESIAN_POINT('',(58.11,5.45400000000002,16.21));
#6484=CARTESIAN_POINT('Origin',(64.46,5.45400000000002,14.4199999999999));
#6485=CARTESIAN_POINT('',(64.46,5.45400000000002,13.6699999999999));
#6486=CARTESIAN_POINT('Origin',(-18.75,5.45400000000002,-2.46000000000005));
#6487=CARTESIAN_POINT('',(-18.75,5.45400000000002,-2.96000000000005));
#6488=CARTESIAN_POINT('Origin',(-18.75,5.45400000000002,-5.00000000000005));
#6489=CARTESIAN_POINT('',(-18.75,5.45400000000002,-5.50000000000005));
#6490=CARTESIAN_POINT('Origin',(-3.50000000000001,5.45400000000002,-2.46000000000005));
#6491=CARTESIAN_POINT('',(-3.50000000000001,5.45400000000002,-2.96000000000005));
#6492=CARTESIAN_POINT('Origin',(-3.50000000000001,5.45400000000002,-5.00000000000005));
#6493=CARTESIAN_POINT('',(-3.50000000000001,5.45400000000002,-5.50000000000005));
#6494=CARTESIAN_POINT('Origin',(18.34,5.45400000000002,0.544999999999947));
#6495=CARTESIAN_POINT('',(18.34,5.45400000000002,-0.305000000000053));
#6496=CARTESIAN_POINT('Origin',(23.42,5.45400000000002,0.544999999999947));
#6497=CARTESIAN_POINT('',(23.42,5.45400000000002,-1.45500000000005));
#6498=CARTESIAN_POINT('Origin',(19.61,5.45400000000002,-1.99500000000005));
#6499=CARTESIAN_POINT('',(19.61,5.45400000000002,-2.74500000000005));
#6500=CARTESIAN_POINT('Origin',(-18.75,5.45400000000002,-7.54000000000005));
#6501=CARTESIAN_POINT('',(-18.75,5.45400000000002,-8.04000000000005));
#6502=CARTESIAN_POINT('Origin',(-18.75,5.45400000000001,-10.08));
#6503=CARTESIAN_POINT('',(-18.75,5.45400000000001,-10.58));
#6504=CARTESIAN_POINT('Origin',(-18.75,5.45400000000001,-12.62));
#6505=CARTESIAN_POINT('',(-18.75,5.45400000000001,-13.12));
#6506=CARTESIAN_POINT('Origin',(-3.50000000000001,5.45400000000002,-7.54000000000005));
#6507=CARTESIAN_POINT('',(-3.50000000000001,5.45400000000002,-8.04000000000005));
#6508=CARTESIAN_POINT('Origin',(-3.50000000000001,5.45400000000001,-10.08));
#6509=CARTESIAN_POINT('',(-3.50000000000001,5.45400000000001,-10.58));
#6510=CARTESIAN_POINT('Origin',(-3.50000000000001,5.45400000000001,-12.62));
#6511=CARTESIAN_POINT('',(-3.50000000000001,5.45400000000001,-13.12));
#6512=CARTESIAN_POINT('Origin',(-18.75,5.45400000000001,-15.1600000000001));
#6513=CARTESIAN_POINT('',(-18.75,5.45400000000001,-15.6600000000001));
#6514=CARTESIAN_POINT('Origin',(-18.75,5.45400000000001,-17.7));
#6515=CARTESIAN_POINT('',(-18.75,5.45400000000001,-18.2));
#6516=CARTESIAN_POINT('Origin',(-3.50000000000001,5.45400000000001,-15.1600000000001));
#6517=CARTESIAN_POINT('',(-3.50000000000001,5.45400000000001,-15.6600000000001));
#6518=CARTESIAN_POINT('Origin',(-3.50000000000001,5.45400000000001,-17.7));
#6519=CARTESIAN_POINT('',(-3.50000000000001,5.45400000000001,-18.2));
#6520=CARTESIAN_POINT('Origin',(28.5,5.45400000000002,0.544999999999947));
#6521=CARTESIAN_POINT('',(28.5,5.45400000000002,-0.305000000000053));
#6522=CARTESIAN_POINT('Origin',(25.96,5.45400000000002,-4.53500000000004));
#6523=CARTESIAN_POINT('',(25.96,5.45400000000002,-5.28500000000004));
#6524=CARTESIAN_POINT('Origin',(37.555,5.45400000000002,0.544999999999947));
#6525=CARTESIAN_POINT('',(37.555,5.45400000000002,-0.305000000000053));
#6526=CARTESIAN_POINT('Origin',(42.635,5.45400000000002,0.544999999999947));
#6527=CARTESIAN_POINT('',(42.635,5.45400000000002,-1.45500000000005));
#6528=CARTESIAN_POINT('Origin',(38.825,5.45400000000002,-1.99500000000005));
#6529=CARTESIAN_POINT('',(38.825,5.45400000000002,-2.74500000000005));
#6530=CARTESIAN_POINT('Origin',(45.175,5.45400000000002,-4.53500000000004));
#6531=CARTESIAN_POINT('',(45.175,5.45400000000002,-5.28500000000004));
#6532=CARTESIAN_POINT('Origin',(47.715,5.45400000000002,0.544999999999947));
#6533=CARTESIAN_POINT('',(47.715,5.45400000000002,-0.305000000000053));
#6534=CARTESIAN_POINT('Origin',(56.84,5.45400000000002,0.544999999999947));
#6535=CARTESIAN_POINT('',(56.84,5.45400000000002,-0.305000000000053));
#6536=CARTESIAN_POINT('Origin',(61.92,5.45400000000002,0.544999999999947));
#6537=CARTESIAN_POINT('',(61.92,5.45400000000002,-1.45500000000005));
#6538=CARTESIAN_POINT('Origin',(67.,5.45400000000002,0.544999999999947));
#6539=CARTESIAN_POINT('',(67.,5.45400000000002,-0.305000000000053));
#6540=CARTESIAN_POINT('Origin',(58.11,5.45400000000002,-1.99500000000005));
#6541=CARTESIAN_POINT('',(58.11,5.45400000000002,-2.74500000000005));
#6542=CARTESIAN_POINT('Origin',(64.46,5.45400000000002,-4.53500000000004));
#6543=CARTESIAN_POINT('',(64.46,5.45400000000002,-5.28500000000004));
#6544=CARTESIAN_POINT('Origin',(60.,5.45400000000001,-12.4600000000001));
#6545=CARTESIAN_POINT('',(60.,5.45400000000001,-12.9600000000001));
#6546=CARTESIAN_POINT('Origin',(60.,5.45400000000001,-15.0000000000001));
#6547=CARTESIAN_POINT('',(60.,5.45400000000001,-15.5000000000001));
#6548=CARTESIAN_POINT('Origin',(60.,5.45400000000001,-17.54));
#6549=CARTESIAN_POINT('',(60.,5.45400000000001,-18.04));
#6550=CARTESIAN_POINT('Origin',(60.,5.45400000000001,-20.08));
#6551=CARTESIAN_POINT('',(60.,5.45400000000001,-20.58));
#6552=CARTESIAN_POINT('Origin',(80.9883997418913,13.,56.8999997057707));
#6553=CARTESIAN_POINT('',(83.9883997418913,16.,56.8999997057707));
#6554=CARTESIAN_POINT('',(80.9883997418913,16.,59.8999997057707));
#6555=CARTESIAN_POINT('Origin',(80.9883997418913,16.,56.8999997057707));
#6556=CARTESIAN_POINT('',(80.9883997418913,13.,59.8999997057707));
#6557=CARTESIAN_POINT('',(80.9883997418913,13.,59.8999997057707));
#6558=CARTESIAN_POINT('',(83.9883997418913,13.,56.8999997057707));
#6559=CARTESIAN_POINT('Origin',(80.9883997418913,13.,56.8999997057707));
#6560=CARTESIAN_POINT('',(83.9883997418913,13.,56.8999997057707));
#6561=CARTESIAN_POINT('Origin',(83.9883997418913,13.,59.8999997057707));
#6562=CARTESIAN_POINT('',(83.9883997418913,13.,-32.0000002942294));
#6563=CARTESIAN_POINT('',(83.9883997418913,13.,59.8999997057707));
#6564=CARTESIAN_POINT('',(83.9883997418913,16.,-32.0000002942294));
#6565=CARTESIAN_POINT('',(83.9883997418913,13.,-32.0000002942294));
#6566=CARTESIAN_POINT('',(83.9883997418913,16.,59.8999997057707));
#6567=CARTESIAN_POINT('Origin',(24.2883997418913,13.,12.4499997057707));
#6568=CARTESIAN_POINT('',(-32.4116002581087,13.,59.8999997057707));
#6569=CARTESIAN_POINT('',(-35.4116002581087,13.,59.8999997057707));
#6570=CARTESIAN_POINT('',(-35.4116002581087,13.,56.8999997057707));
#6571=CARTESIAN_POINT('Origin',(-32.4116002581087,13.,56.8999997057707));
#6572=CARTESIAN_POINT('',(-35.4116002581087,13.,-32.0000002942293));
#6573=CARTESIAN_POINT('',(-35.4116002581087,13.,-35.0000002942293));
#6574=CARTESIAN_POINT('',(-32.4116002581087,13.,-35.0000002942293));
#6575=CARTESIAN_POINT('Origin',(-32.4116002581087,13.,-32.0000002942293));
#6576=CARTESIAN_POINT('',(80.9883997418913,13.,-35.0000002942293));
#6577=CARTESIAN_POINT('',(83.9883997418913,13.,-35.0000002942293));
#6578=CARTESIAN_POINT('Origin',(80.9883997418913,13.,-32.0000002942294));
#6579=CARTESIAN_POINT('',(10.,13.,47.1158731774141));
#6580=CARTESIAN_POINT('',(10.,13.,-21.0000003427267));
#6581=CARTESIAN_POINT('',(10.,13.,31.2249998528853));
#6582=CARTESIAN_POINT('',(8.,13.,-23.0000003427267));
#6583=CARTESIAN_POINT('Origin',(8.,13.,-21.0000003427267));
#6584=CARTESIAN_POINT('',(-21.0000003427267,13.,-23.0000003427267));
#6585=CARTESIAN_POINT('',(17.1441998709456,13.,-23.0000003427267));
#6586=CARTESIAN_POINT('',(-23.0000003427267,13.,-21.0000003427267));
#6587=CARTESIAN_POINT('Origin',(-21.0000003427267,13.,-21.0000003427267));
#6588=CARTESIAN_POINT('',(-23.0000003427267,13.,26.6263040896461));
#6589=CARTESIAN_POINT('',(-23.0000003427267,13.,-5.27500031847802));
#6590=CARTESIAN_POINT('',(-22.154080175876,13.,28.2597359794775));
#6591=CARTESIAN_POINT('Origin',(-21.0000003427267,13.,26.6263040896461));
#6592=CARTESIAN_POINT('',(6.84592016685071,13.,48.7493050672455));
#6593=CARTESIAN_POINT('',(-10.8132822725752,13.,36.2724276830614));
#6594=CARTESIAN_POINT('Origin',(8.,13.,47.1158731774141));
#6595=CARTESIAN_POINT('',(23.0000003278256,13.,-9.56425710911249));
#6596=CARTESIAN_POINT('',(60.9957342784749,13.,-9.56425710911249));
#6597=CARTESIAN_POINT('',(23.1442000348584,13.,-9.56425710911249));
#6598=CARTESIAN_POINT('',(61.9957342784749,13.,-10.5642571091125));
#6599=CARTESIAN_POINT('Origin',(60.9957342784749,13.,-10.5642571091125));
#6600=CARTESIAN_POINT('',(61.9957342784749,13.,-22.0000003427267));
#6601=CARTESIAN_POINT('',(61.9957342784749,13.,1.44287129832909));
#6602=CARTESIAN_POINT('',(60.9957342784749,13.,-23.0000003427267));
#6603=CARTESIAN_POINT('Origin',(60.9957342784749,13.,-22.0000003427267));
#6604=CARTESIAN_POINT('',(23.0000003278256,13.,-23.0000003427267));
#6605=CARTESIAN_POINT('',(43.1420670101831,13.,-23.0000003427267));
#6606=CARTESIAN_POINT('',(22.0000003278256,13.,-22.0000003427267));
#6607=CARTESIAN_POINT('Origin',(23.0000003278256,13.,-22.0000003427267));
#6608=CARTESIAN_POINT('',(22.0000003278256,13.,-10.5642571091125));
#6609=CARTESIAN_POINT('',(22.0000003278256,13.,-5.27500031847802));
#6610=CARTESIAN_POINT('Origin',(23.0000003278256,13.,-10.5642571091125));
#6611=CARTESIAN_POINT('',(30.9000002235174,13.,30.4999998509884));
#6612=CARTESIAN_POINT('',(31.4000002235174,13.,30.9999998509884));
#6613=CARTESIAN_POINT('Origin',(30.9000002235174,13.,30.9999998509884));
#6614=CARTESIAN_POINT('',(15.9000002235174,13.,30.4999998509884));
#6615=CARTESIAN_POINT('',(15.9000002235174,13.,30.4999998509884));
#6616=CARTESIAN_POINT('',(15.4000002235174,13.,30.9999998509884));
#6617=CARTESIAN_POINT('Origin',(15.9000002235174,13.,30.9999998509884));
#6618=CARTESIAN_POINT('',(15.4000002235174,13.,45.9999998509884));
#6619=CARTESIAN_POINT('',(15.4000002235174,13.,45.9999998509884));
#6620=CARTESIAN_POINT('',(15.9000002235174,13.,46.4999998509884));
#6621=CARTESIAN_POINT('Origin',(15.9000002235174,13.,45.9999998509884));
#6622=CARTESIAN_POINT('',(30.9000002235174,13.,46.4999998509884));
#6623=CARTESIAN_POINT('',(30.9000002235174,13.,46.4999998509884));
#6624=CARTESIAN_POINT('',(31.4000002235174,13.,45.9999998509884));
#6625=CARTESIAN_POINT('Origin',(30.9000002235174,13.,45.9999998509884));
#6626=CARTESIAN_POINT('',(31.4000002235174,13.,30.9999998509884));
#6627=CARTESIAN_POINT('',(-28.9616002581087,13.,54.8999997057707));
#6628=CARTESIAN_POINT('Origin',(-30.4116002581087,13.,54.8999997057707));
#6629=CARTESIAN_POINT('',(50.6500002235174,13.,7.99999985098839));
#6630=CARTESIAN_POINT('',(50.1500002235174,13.,8.49999985098839));
#6631=CARTESIAN_POINT('Origin',(50.1500002235174,13.,7.99999985098839));
#6632=CARTESIAN_POINT('',(50.6500002235174,13.,-7.00000014901161));
#6633=CARTESIAN_POINT('',(50.6500002235174,13.,-7.00000014901161));
#6634=CARTESIAN_POINT('',(50.1500002235174,13.,-7.50000014901162));
#6635=CARTESIAN_POINT('Origin',(50.1500002235174,13.,-7.00000014901161));
#6636=CARTESIAN_POINT('',(35.1500002235174,13.,-7.50000014901161));
#6637=CARTESIAN_POINT('',(35.1500002235174,13.,-7.50000014901161));
#6638=CARTESIAN_POINT('',(34.6500002235174,13.,-7.00000014901161));
#6639=CARTESIAN_POINT('Origin',(35.1500002235174,13.,-7.00000014901161));
#6640=CARTESIAN_POINT('',(34.6500002235174,13.,7.99999985098839));
#6641=CARTESIAN_POINT('',(34.6500002235174,13.,7.99999985098839));
#6642=CARTESIAN_POINT('',(35.1500002235174,13.,8.49999985098838));
#6643=CARTESIAN_POINT('Origin',(35.1500002235174,13.,7.99999985098839));
#6644=CARTESIAN_POINT('',(50.1500002235174,13.,8.49999985098839));
#6645=CARTESIAN_POINT('',(15.4000002235174,13.,11.9999998509884));
#6646=CARTESIAN_POINT('',(15.9000002235174,13.,11.4999998509884));
#6647=CARTESIAN_POINT('Origin',(15.9000002235174,13.,11.9999998509884));
#6648=CARTESIAN_POINT('',(15.4000002235174,13.,26.9999998509884));
#6649=CARTESIAN_POINT('',(15.4000002235174,13.,26.9999998509884));
#6650=CARTESIAN_POINT('',(15.9000002235174,13.,27.4999998509884));
#6651=CARTESIAN_POINT('Origin',(15.9000002235174,13.,26.9999998509884));
#6652=CARTESIAN_POINT('',(30.9000002235174,13.,27.4999998509884));
#6653=CARTESIAN_POINT('',(30.9000002235174,13.,27.4999998509884));
#6654=CARTESIAN_POINT('',(31.4000002235174,13.,26.9999998509884));
#6655=CARTESIAN_POINT('Origin',(30.9000002235174,13.,26.9999998509884));
#6656=CARTESIAN_POINT('',(31.4000002235174,13.,11.9999998509884));
#6657=CARTESIAN_POINT('',(31.4000002235174,13.,11.9999998509884));
#6658=CARTESIAN_POINT('',(30.9000002235174,13.,11.4999998509884));
#6659=CARTESIAN_POINT('Origin',(30.9000002235174,13.,11.9999998509884));
#6660=CARTESIAN_POINT('',(15.9000002235174,13.,11.4999998509884));
#6661=CARTESIAN_POINT('',(53.9000002235174,13.,-7.00000014901161));
#6662=CARTESIAN_POINT('',(54.4000002235174,13.,-7.50000014901161));
#6663=CARTESIAN_POINT('Origin',(54.4000002235174,13.,-7.00000014901161));
#6664=CARTESIAN_POINT('',(53.9000002235174,13.,7.99999985098839));
#6665=CARTESIAN_POINT('',(53.9000002235174,13.,7.99999985098839));
#6666=CARTESIAN_POINT('',(54.4000002235174,13.,8.49999985098838));
#6667=CARTESIAN_POINT('Origin',(54.4000002235174,13.,7.99999985098839));
#6668=CARTESIAN_POINT('',(69.4000002235174,13.,8.49999985098839));
#6669=CARTESIAN_POINT('',(69.4000002235174,13.,8.49999985098839));
#6670=CARTESIAN_POINT('',(69.9000002235174,13.,7.99999985098839));
#6671=CARTESIAN_POINT('Origin',(69.4000002235174,13.,7.99999985098839));
#6672=CARTESIAN_POINT('',(69.9000002235174,13.,-7.00000014901161));
#6673=CARTESIAN_POINT('',(69.9000002235174,13.,-7.00000014901161));
#6674=CARTESIAN_POINT('',(69.4000002235174,13.,-7.50000014901162));
#6675=CARTESIAN_POINT('Origin',(69.4000002235174,13.,-7.00000014901161));
#6676=CARTESIAN_POINT('',(54.4000002235174,13.,-7.50000014901161));
#6677=CARTESIAN_POINT('',(-28.9616002581088,13.,-30.0000002942293));
#6678=CARTESIAN_POINT('Origin',(-30.4116002581088,13.,-30.0000002942293));
#6679=CARTESIAN_POINT('',(78.9941630933788,13.,-28.5500117481436));
#6680=CARTESIAN_POINT('',(78.9942366485252,13.,-31.4499885460855));
#6681=CARTESIAN_POINT('Origin',(78.9883997418912,13.,-30.0000002942293));
#6682=CARTESIAN_POINT('Origin',(79.,13.,-30.));
#6683=CARTESIAN_POINT('',(54.4000002235174,13.,27.4999998509884));
#6684=CARTESIAN_POINT('',(53.9000002235174,13.,26.9999998509884));
#6685=CARTESIAN_POINT('Origin',(54.4000002235174,13.,26.9999998509884));
#6686=CARTESIAN_POINT('',(69.4000002235174,13.,27.4999998509884));
#6687=CARTESIAN_POINT('',(69.4000002235174,13.,27.4999998509884));
#6688=CARTESIAN_POINT('',(69.9000002235174,13.,26.9999998509884));
#6689=CARTESIAN_POINT('Origin',(69.4000002235174,13.,26.9999998509884));
#6690=CARTESIAN_POINT('',(69.9000002235174,13.,11.9999998509884));
#6691=CARTESIAN_POINT('',(69.9000002235174,13.,11.9999998509884));
#6692=CARTESIAN_POINT('',(69.4000002235174,13.,11.4999998509884));
#6693=CARTESIAN_POINT('Origin',(69.4000002235174,13.,11.9999998509884));
#6694=CARTESIAN_POINT('',(54.4000002235174,13.,11.4999998509884));
#6695=CARTESIAN_POINT('',(54.4000002235174,13.,11.4999998509884));
#6696=CARTESIAN_POINT('',(53.9000002235174,13.,11.9999998509884));
#6697=CARTESIAN_POINT('Origin',(54.4000002235174,13.,11.9999998509884));
#6698=CARTESIAN_POINT('',(53.9000002235174,13.,26.9999998509884));
#6699=CARTESIAN_POINT('',(34.6500002235174,13.,30.9999998509884));
#6700=CARTESIAN_POINT('',(35.1500002235174,13.,30.4999998509884));
#6701=CARTESIAN_POINT('Origin',(35.1500002235174,13.,30.9999998509884));
#6702=CARTESIAN_POINT('',(34.6500002235174,13.,45.9999998509884));
#6703=CARTESIAN_POINT('',(34.6500002235174,13.,45.9999998509884));
#6704=CARTESIAN_POINT('',(35.1500002235174,13.,46.4999998509884));
#6705=CARTESIAN_POINT('Origin',(35.1500002235174,13.,45.9999998509884));
#6706=CARTESIAN_POINT('',(50.1500002235174,13.,46.4999998509884));
#6707=CARTESIAN_POINT('',(50.1500002235174,13.,46.4999998509884));
#6708=CARTESIAN_POINT('',(50.6500002235174,13.,45.9999998509884));
#6709=CARTESIAN_POINT('Origin',(50.1500002235174,13.,45.9999998509884));
#6710=CARTESIAN_POINT('',(50.6500002235174,13.,30.9999998509884));
#6711=CARTESIAN_POINT('',(50.6500002235174,13.,30.9999998509884));
#6712=CARTESIAN_POINT('',(50.1500002235174,13.,30.4999998509884));
#6713=CARTESIAN_POINT('Origin',(50.1500002235174,13.,30.9999998509884));
#6714=CARTESIAN_POINT('',(35.1500002235174,13.,30.4999998509884));
#6715=CARTESIAN_POINT('',(54.4000002235174,13.,46.4999998509884));
#6716=CARTESIAN_POINT('',(53.9000002235174,13.,45.9999998509884));
#6717=CARTESIAN_POINT('Origin',(54.4000002235174,13.,45.9999998509884));
#6718=CARTESIAN_POINT('',(69.4000002235174,13.,46.4999998509884));
#6719=CARTESIAN_POINT('',(69.4000002235174,13.,46.4999998509884));
#6720=CARTESIAN_POINT('',(69.9000002235174,13.,45.9999998509884));
#6721=CARTESIAN_POINT('Origin',(69.4000002235174,13.,45.9999998509884));
#6722=CARTESIAN_POINT('',(69.9000002235174,13.,30.9999998509884));
#6723=CARTESIAN_POINT('',(69.9000002235174,13.,30.9999998509884));
#6724=CARTESIAN_POINT('',(69.4000002235174,13.,30.4999998509884));
#6725=CARTESIAN_POINT('Origin',(69.4000002235174,13.,30.9999998509884));
#6726=CARTESIAN_POINT('',(54.4000002235174,13.,30.4999998509884));
#6727=CARTESIAN_POINT('',(54.4000002235174,13.,30.4999998509884));
#6728=CARTESIAN_POINT('',(53.9000002235174,13.,30.9999998509884));
#6729=CARTESIAN_POINT('Origin',(54.4000002235174,13.,30.9999998509884));
#6730=CARTESIAN_POINT('',(53.9000002235174,13.,45.9999998509884));
#6731=CARTESIAN_POINT('',(50.6500002235174,13.,26.9999998509884));
#6732=CARTESIAN_POINT('',(50.1500002235174,13.,27.4999998509884));
#6733=CARTESIAN_POINT('Origin',(50.1500002235174,13.,26.9999998509884));
#6734=CARTESIAN_POINT('',(50.6500002235174,13.,11.9999998509884));
#6735=CARTESIAN_POINT('',(50.6500002235174,13.,11.9999998509884));
#6736=CARTESIAN_POINT('',(50.1500002235174,13.,11.4999998509884));
#6737=CARTESIAN_POINT('Origin',(50.1500002235174,13.,11.9999998509884));
#6738=CARTESIAN_POINT('',(35.1500002235174,13.,11.4999998509884));
#6739=CARTESIAN_POINT('',(35.1500002235174,13.,11.4999998509884));
#6740=CARTESIAN_POINT('',(34.6500002235174,13.,11.9999998509884));
#6741=CARTESIAN_POINT('Origin',(35.1500002235174,13.,11.9999998509884));
#6742=CARTESIAN_POINT('',(34.6500002235174,13.,26.9999998509884));
#6743=CARTESIAN_POINT('',(34.6500002235174,13.,26.9999998509884));
#6744=CARTESIAN_POINT('',(35.1500002235174,13.,27.4999998509884));
#6745=CARTESIAN_POINT('Origin',(35.1500002235174,13.,26.9999998509884));
#6746=CARTESIAN_POINT('',(50.1500002235174,13.,27.4999998509884));
#6747=CARTESIAN_POINT('',(80.4383997418839,13.,54.8999997057711));
#6748=CARTESIAN_POINT('Origin',(78.9883997418839,13.,54.8999997057711));
#6749=CARTESIAN_POINT('',(15.4000002235174,13.,-7.00000014901161));
#6750=CARTESIAN_POINT('',(15.9000002235174,13.,-7.50000014901161));
#6751=CARTESIAN_POINT('Origin',(15.9000002235174,13.,-7.00000014901161));
#6752=CARTESIAN_POINT('',(15.4000002235174,13.,7.99999985098838));
#6753=CARTESIAN_POINT('',(15.4000002235174,13.,7.99999985098838));
#6754=CARTESIAN_POINT('',(15.9000002235174,13.,8.49999985098838));
#6755=CARTESIAN_POINT('Origin',(15.9000002235174,13.,7.99999985098838));
#6756=CARTESIAN_POINT('',(30.9000002235174,13.,8.49999985098839));
#6757=CARTESIAN_POINT('',(30.9000002235174,13.,8.49999985098839));
#6758=CARTESIAN_POINT('',(31.4000002235174,13.,7.99999985098838));
#6759=CARTESIAN_POINT('Origin',(30.9000002235174,13.,7.99999985098838));
#6760=CARTESIAN_POINT('',(31.4000002235174,13.,-7.00000014901161));
#6761=CARTESIAN_POINT('',(31.4000002235174,13.,-7.00000014901161));
#6762=CARTESIAN_POINT('',(30.9000002235174,13.,-7.50000014901161));
#6763=CARTESIAN_POINT('Origin',(30.9000002235174,13.,-7.00000014901161));
#6764=CARTESIAN_POINT('',(15.9000002235174,13.,-7.50000014901161));
#6765=CARTESIAN_POINT('Origin',(-32.4116002581087,13.,56.8999997057707));
#6766=CARTESIAN_POINT('',(-32.4116002581087,16.,59.8999997057707));
#6767=CARTESIAN_POINT('',(-35.4116002581087,16.,56.8999997057707));
#6768=CARTESIAN_POINT('Origin',(-32.4116002581087,16.,56.8999997057707));
#6769=CARTESIAN_POINT('',(-35.4116002581087,13.,56.8999997057707));
#6770=CARTESIAN_POINT('',(-32.4116002581087,13.,59.8999997057707));
#6771=CARTESIAN_POINT('Origin',(-35.4116002581087,13.,-35.0000002942293));
#6772=CARTESIAN_POINT('',(-35.4116002581087,16.,-32.0000002942293));
#6773=CARTESIAN_POINT('',(-35.4116002581087,16.,-35.0000002942293));
#6774=CARTESIAN_POINT('',(-35.4116002581087,13.,-32.0000002942293));
#6775=CARTESIAN_POINT('Origin',(-32.4116002581087,13.,-32.0000002942293));
#6776=CARTESIAN_POINT('',(-32.4116002581087,16.,-35.0000002942293));
#6777=CARTESIAN_POINT('Origin',(-32.4116002581087,16.,-32.0000002942293));
#6778=CARTESIAN_POINT('',(-32.4116002581087,13.,-35.0000002942293));
#6779=CARTESIAN_POINT('Origin',(80.9883997418913,13.,-32.0000002942294));
#6780=CARTESIAN_POINT('',(80.9883997418913,16.,-35.0000002942293));
#6781=CARTESIAN_POINT('Origin',(80.9883997418913,16.,-32.0000002942294));
#6782=CARTESIAN_POINT('',(80.9883997418913,13.,-35.0000002942293));
#6783=CARTESIAN_POINT('Origin',(8.,16.,47.1158731774141));
#6784=CARTESIAN_POINT('',(6.84592016685071,16.,48.7493050672455));
#6785=CARTESIAN_POINT('',(6.84592016685071,16.,48.7493050672455));
#6786=CARTESIAN_POINT('',(10.,16.,47.1158731774141));
#6787=CARTESIAN_POINT('Origin',(8.,16.,47.1158731774141));
#6788=CARTESIAN_POINT('',(10.,16.,47.1158731774141));
#6789=CARTESIAN_POINT('Origin',(10.,16.,50.));
#6790=CARTESIAN_POINT('',(10.,16.,-21.0000003427267));
#6791=CARTESIAN_POINT('',(10.,16.,31.2249998528853));
#6792=CARTESIAN_POINT('',(10.,16.,-21.0000003427267));
#6793=CARTESIAN_POINT('Origin',(-21.0000003427267,16.,26.6263040896461));
#6794=CARTESIAN_POINT('',(-23.0000003427267,16.,26.6263040896461));
#6795=CARTESIAN_POINT('',(-23.0000003427267,16.,26.6263040896461));
#6796=CARTESIAN_POINT('',(-22.154080175876,16.,28.2597359794775));
#6797=CARTESIAN_POINT('Origin',(-21.0000003427267,16.,26.6263040896461));
#6798=CARTESIAN_POINT('',(-22.154080175876,16.,28.2597359794775));
#6799=CARTESIAN_POINT('Origin',(-23.0000003427267,16.,-23.0000003427267));
#6800=CARTESIAN_POINT('',(-23.0000003427267,16.,-21.0000003427267));
#6801=CARTESIAN_POINT('',(-23.0000003427267,16.,-21.0000003427267));
#6802=CARTESIAN_POINT('',(-23.0000003427267,16.,-5.27500031847802));
#6803=CARTESIAN_POINT('Origin',(-21.0000003427267,16.,-21.0000003427267));
#6804=CARTESIAN_POINT('',(-21.0000003427267,16.,-23.0000003427267));
#6805=CARTESIAN_POINT('',(-21.0000003427267,16.,-23.0000003427267));
#6806=CARTESIAN_POINT('Origin',(-21.0000003427267,16.,-21.0000003427267));
#6807=CARTESIAN_POINT('Origin',(10.,16.,-23.0000003427267));
#6808=CARTESIAN_POINT('',(8.,16.,-23.0000003427267));
#6809=CARTESIAN_POINT('',(8.,16.,-23.0000003427267));
#6810=CARTESIAN_POINT('',(17.1441998709456,16.,-23.0000003427267));
#6811=CARTESIAN_POINT('Origin',(8.,16.,-21.0000003427267));
#6812=CARTESIAN_POINT('Origin',(8.,16.,-21.0000003427267));
#6813=CARTESIAN_POINT('Origin',(-23.0000003427267,16.,27.6620622037332));
#6814=CARTESIAN_POINT('',(-10.8132822725752,16.,36.2724276830614));
#6815=CARTESIAN_POINT('Origin',(23.0000003278256,16.,-10.5642571091125));
#6816=CARTESIAN_POINT('',(22.0000003278256,16.,-10.5642571091125));
#6817=CARTESIAN_POINT('',(23.0000003278256,16.,-9.56425710911249));
#6818=CARTESIAN_POINT('Origin',(23.0000003278256,16.,-10.5642571091125));
#6819=CARTESIAN_POINT('',(23.0000003278256,16.,-9.56425710911249));
#6820=CARTESIAN_POINT('',(22.0000003278256,16.,-10.5642571091125));
#6821=CARTESIAN_POINT('Origin',(22.0000003278256,16.,-9.56425710911249));
#6822=CARTESIAN_POINT('',(60.9957342784749,16.,-9.56425710911249));
#6823=CARTESIAN_POINT('',(23.1442000348584,16.,-9.56425710911249));
#6824=CARTESIAN_POINT('',(60.9957342784749,16.,-9.56425710911249));
#6825=CARTESIAN_POINT('Origin',(60.9957342784749,16.,-10.5642571091125));
#6826=CARTESIAN_POINT('',(61.9957342784749,16.,-10.5642571091125));
#6827=CARTESIAN_POINT('Origin',(60.9957342784749,16.,-10.5642571091125));
#6828=CARTESIAN_POINT('',(61.9957342784749,16.,-10.5642571091125));
#6829=CARTESIAN_POINT('Origin',(60.9957342784749,16.,-22.0000003427267));
#6830=CARTESIAN_POINT('',(61.9957342784749,16.,-22.0000003427267));
#6831=CARTESIAN_POINT('',(60.9957342784749,16.,-23.0000003427267));
#6832=CARTESIAN_POINT('Origin',(60.9957342784749,16.,-22.0000003427267));
#6833=CARTESIAN_POINT('',(60.9957342784749,16.,-23.0000003427267));
#6834=CARTESIAN_POINT('',(61.9957342784749,16.,-22.0000003427267));
#6835=CARTESIAN_POINT('Origin',(61.9957342784749,16.,-23.0000003427267));
#6836=CARTESIAN_POINT('',(23.0000003278256,16.,-23.0000003427267));
#6837=CARTESIAN_POINT('',(43.1420670101831,16.,-23.0000003427267));
#6838=CARTESIAN_POINT('',(23.0000003278256,16.,-23.0000003427267));
#6839=CARTESIAN_POINT('Origin',(23.0000003278256,16.,-22.0000003427267));
#6840=CARTESIAN_POINT('',(22.0000003278256,16.,-22.0000003427267));
#6841=CARTESIAN_POINT('Origin',(23.0000003278256,16.,-22.0000003427267));
#6842=CARTESIAN_POINT('',(22.0000003278256,16.,-22.0000003427267));
#6843=CARTESIAN_POINT('Origin',(22.0000003278256,16.,-23.0000003427267));
#6844=CARTESIAN_POINT('',(22.0000003278256,16.,-5.27500031847802));
#6845=CARTESIAN_POINT('Origin',(61.9957342784749,16.,-9.56425710911249));
#6846=CARTESIAN_POINT('',(61.9957342784749,16.,1.44287129832909));
#6847=CARTESIAN_POINT('Origin',(15.4000002235174,13.,7.99999985098838));
#6848=CARTESIAN_POINT('',(15.4000002235174,16.,-7.00000014901161));
#6849=CARTESIAN_POINT('',(15.4000002235174,13.,-7.00000014901161));
#6850=CARTESIAN_POINT('',(15.4000002235174,16.,7.99999985098838));
#6851=CARTESIAN_POINT('',(15.4000002235174,16.,7.99999985098838));
#6852=CARTESIAN_POINT('',(15.4000002235174,13.,7.99999985098838));
#6853=CARTESIAN_POINT('Origin',(15.9000002235174,13.,7.99999985098838));
#6854=CARTESIAN_POINT('',(15.9000002235174,16.,8.49999985098838));
#6855=CARTESIAN_POINT('Origin',(15.9000002235174,16.,7.99999985098838));
#6856=CARTESIAN_POINT('',(15.9000002235174,13.,8.49999985098838));
#6857=CARTESIAN_POINT('Origin',(30.9000002235174,13.,8.49999985098839));
#6858=CARTESIAN_POINT('',(30.9000002235174,16.,8.49999985098838));
#6859=CARTESIAN_POINT('',(30.9000002235174,16.,8.49999985098839));
#6860=CARTESIAN_POINT('',(30.9000002235174,13.,8.49999985098839));
#6861=CARTESIAN_POINT('Origin',(30.9000002235174,13.,7.99999985098838));
#6862=CARTESIAN_POINT('',(31.4000002235174,16.,7.99999985098839));
#6863=CARTESIAN_POINT('Origin',(30.9000002235174,16.,7.99999985098838));
#6864=CARTESIAN_POINT('',(31.4000002235174,13.,7.99999985098838));
#6865=CARTESIAN_POINT('Origin',(31.4000002235174,13.,-7.00000014901161));
#6866=CARTESIAN_POINT('',(31.4000002235174,16.,-7.00000014901161));
#6867=CARTESIAN_POINT('',(31.4000002235174,16.,-7.00000014901161));
#6868=CARTESIAN_POINT('',(31.4000002235174,13.,-7.00000014901161));
#6869=CARTESIAN_POINT('Origin',(30.9000002235174,13.,-7.00000014901161));
#6870=CARTESIAN_POINT('',(30.9000002235174,16.,-7.50000014901161));
#6871=CARTESIAN_POINT('Origin',(30.9000002235174,16.,-7.00000014901161));
#6872=CARTESIAN_POINT('',(30.9000002235174,13.,-7.50000014901161));
#6873=CARTESIAN_POINT('Origin',(15.9000002235174,13.,-7.50000014901161));
#6874=CARTESIAN_POINT('',(15.9000002235174,16.,-7.50000014901161));
#6875=CARTESIAN_POINT('',(15.9000002235174,16.,-7.50000014901161));
#6876=CARTESIAN_POINT('',(15.9000002235174,13.,-7.50000014901161));
#6877=CARTESIAN_POINT('Origin',(15.9000002235174,13.,-7.00000014901161));
#6878=CARTESIAN_POINT('Origin',(15.9000002235174,16.,-7.00000014901161));
#6879=CARTESIAN_POINT('Origin',(78.9883997418839,13.,54.8999997057711));
#6880=CARTESIAN_POINT('',(80.4383997418839,16.,54.8999997057711));
#6881=CARTESIAN_POINT('Origin',(78.9883997418839,16.,54.8999997057711));
#6882=CARTESIAN_POINT('',(80.4383997418839,13.,54.8999997057711));
#6883=CARTESIAN_POINT('Origin',(50.6500002235174,13.,11.9999998509884));
#6884=CARTESIAN_POINT('',(50.6500002235174,16.,26.9999998509884));
#6885=CARTESIAN_POINT('',(50.6500002235174,13.,26.9999998509884));
#6886=CARTESIAN_POINT('',(50.6500002235174,16.,11.9999998509884));
#6887=CARTESIAN_POINT('',(50.6500002235174,16.,11.9999998509884));
#6888=CARTESIAN_POINT('',(50.6500002235174,13.,11.9999998509884));
#6889=CARTESIAN_POINT('Origin',(50.1500002235174,13.,11.9999998509884));
#6890=CARTESIAN_POINT('',(50.1500002235174,16.,11.4999998509884));
#6891=CARTESIAN_POINT('Origin',(50.1500002235174,16.,11.9999998509884));
#6892=CARTESIAN_POINT('',(50.1500002235174,13.,11.4999998509884));
#6893=CARTESIAN_POINT('Origin',(35.1500002235174,13.,11.4999998509884));
#6894=CARTESIAN_POINT('',(35.1500002235174,16.,11.4999998509884));
#6895=CARTESIAN_POINT('',(35.1500002235174,16.,11.4999998509884));
#6896=CARTESIAN_POINT('',(35.1500002235174,13.,11.4999998509884));
#6897=CARTESIAN_POINT('Origin',(35.1500002235174,13.,11.9999998509884));
#6898=CARTESIAN_POINT('',(34.6500002235174,16.,11.9999998509884));
#6899=CARTESIAN_POINT('Origin',(35.1500002235174,16.,11.9999998509884));
#6900=CARTESIAN_POINT('',(34.6500002235174,13.,11.9999998509884));
#6901=CARTESIAN_POINT('Origin',(34.6500002235174,13.,26.9999998509884));
#6902=CARTESIAN_POINT('',(34.6500002235174,16.,26.9999998509884));
#6903=CARTESIAN_POINT('',(34.6500002235174,16.,26.9999998509884));
#6904=CARTESIAN_POINT('',(34.6500002235174,13.,26.9999998509884));
#6905=CARTESIAN_POINT('Origin',(35.1500002235174,13.,26.9999998509884));
#6906=CARTESIAN_POINT('',(35.1500002235174,16.,27.4999998509884));
#6907=CARTESIAN_POINT('Origin',(35.1500002235174,16.,26.9999998509884));
#6908=CARTESIAN_POINT('',(35.1500002235174,13.,27.4999998509884));
#6909=CARTESIAN_POINT('Origin',(50.1500002235174,13.,27.4999998509884));
#6910=CARTESIAN_POINT('',(50.1500002235174,16.,27.4999998509884));
#6911=CARTESIAN_POINT('',(50.1500002235174,16.,27.4999998509884));
#6912=CARTESIAN_POINT('',(50.1500002235174,13.,27.4999998509884));
#6913=CARTESIAN_POINT('Origin',(50.1500002235174,13.,26.9999998509884));
#6914=CARTESIAN_POINT('Origin',(50.1500002235174,16.,26.9999998509884));
#6915=CARTESIAN_POINT('Origin',(69.4000002235174,13.,46.4999998509884));
#6916=CARTESIAN_POINT('',(54.4000002235174,16.,46.4999998509884));
#6917=CARTESIAN_POINT('',(54.4000002235174,13.,46.4999998509884));
#6918=CARTESIAN_POINT('',(69.4000002235174,16.,46.4999998509884));
#6919=CARTESIAN_POINT('',(69.4000002235174,16.,46.4999998509884));
#6920=CARTESIAN_POINT('',(69.4000002235174,13.,46.4999998509884));
#6921=CARTESIAN_POINT('Origin',(69.4000002235174,13.,45.9999998509884));
#6922=CARTESIAN_POINT('',(69.9000002235174,16.,45.9999998509884));
#6923=CARTESIAN_POINT('Origin',(69.4000002235174,16.,45.9999998509884));
#6924=CARTESIAN_POINT('',(69.9000002235174,13.,45.9999998509884));
#6925=CARTESIAN_POINT('Origin',(69.9000002235174,13.,30.9999998509884));
#6926=CARTESIAN_POINT('',(69.9000002235174,16.,30.9999998509884));
#6927=CARTESIAN_POINT('',(69.9000002235174,16.,30.9999998509884));
#6928=CARTESIAN_POINT('',(69.9000002235174,13.,30.9999998509884));
#6929=CARTESIAN_POINT('Origin',(69.4000002235174,13.,30.9999998509884));
#6930=CARTESIAN_POINT('',(69.4000002235174,16.,30.4999998509884));
#6931=CARTESIAN_POINT('Origin',(69.4000002235174,16.,30.9999998509884));
#6932=CARTESIAN_POINT('',(69.4000002235174,13.,30.4999998509884));
#6933=CARTESIAN_POINT('Origin',(54.4000002235174,13.,30.4999998509884));
#6934=CARTESIAN_POINT('',(54.4000002235174,16.,30.4999998509884));
#6935=CARTESIAN_POINT('',(54.4000002235174,16.,30.4999998509884));
#6936=CARTESIAN_POINT('',(54.4000002235174,13.,30.4999998509884));
#6937=CARTESIAN_POINT('Origin',(54.4000002235174,13.,30.9999998509884));
#6938=CARTESIAN_POINT('',(53.9000002235174,16.,30.9999998509884));
#6939=CARTESIAN_POINT('Origin',(54.4000002235174,16.,30.9999998509884));
#6940=CARTESIAN_POINT('',(53.9000002235174,13.,30.9999998509884));
#6941=CARTESIAN_POINT('Origin',(53.9000002235174,13.,45.9999998509884));
#6942=CARTESIAN_POINT('',(53.9000002235174,16.,45.9999998509884));
#6943=CARTESIAN_POINT('',(53.9000002235174,16.,45.9999998509884));
#6944=CARTESIAN_POINT('',(53.9000002235174,13.,45.9999998509884));
#6945=CARTESIAN_POINT('Origin',(54.4000002235174,13.,45.9999998509884));
#6946=CARTESIAN_POINT('Origin',(54.4000002235174,16.,45.9999998509884));
#6947=CARTESIAN_POINT('Origin',(34.6500002235174,13.,45.9999998509884));
#6948=CARTESIAN_POINT('',(34.6500002235174,16.,30.9999998509884));
#6949=CARTESIAN_POINT('',(34.6500002235174,13.,30.9999998509884));
#6950=CARTESIAN_POINT('',(34.6500002235174,16.,45.9999998509884));
#6951=CARTESIAN_POINT('',(34.6500002235174,16.,45.9999998509884));
#6952=CARTESIAN_POINT('',(34.6500002235174,13.,45.9999998509884));
#6953=CARTESIAN_POINT('Origin',(35.1500002235174,13.,45.9999998509884));
#6954=CARTESIAN_POINT('',(35.1500002235174,16.,46.4999998509884));
#6955=CARTESIAN_POINT('Origin',(35.1500002235174,16.,45.9999998509884));
#6956=CARTESIAN_POINT('',(35.1500002235174,13.,46.4999998509884));
#6957=CARTESIAN_POINT('Origin',(50.1500002235174,13.,46.4999998509884));
#6958=CARTESIAN_POINT('',(50.1500002235174,16.,46.4999998509884));
#6959=CARTESIAN_POINT('',(50.1500002235174,16.,46.4999998509884));
#6960=CARTESIAN_POINT('',(50.1500002235174,13.,46.4999998509884));
#6961=CARTESIAN_POINT('Origin',(50.1500002235174,13.,45.9999998509884));
#6962=CARTESIAN_POINT('',(50.6500002235174,16.,45.9999998509884));
#6963=CARTESIAN_POINT('Origin',(50.1500002235174,16.,45.9999998509884));
#6964=CARTESIAN_POINT('',(50.6500002235174,13.,45.9999998509884));
#6965=CARTESIAN_POINT('Origin',(50.6500002235174,13.,30.9999998509884));
#6966=CARTESIAN_POINT('',(50.6500002235174,16.,30.9999998509884));
#6967=CARTESIAN_POINT('',(50.6500002235174,16.,30.9999998509884));
#6968=CARTESIAN_POINT('',(50.6500002235174,13.,30.9999998509884));
#6969=CARTESIAN_POINT('Origin',(50.1500002235174,13.,30.9999998509884));
#6970=CARTESIAN_POINT('',(50.1500002235174,16.,30.4999998509884));
#6971=CARTESIAN_POINT('Origin',(50.1500002235174,16.,30.9999998509884));
#6972=CARTESIAN_POINT('',(50.1500002235174,13.,30.4999998509884));
#6973=CARTESIAN_POINT('Origin',(35.1500002235174,13.,30.4999998509884));
#6974=CARTESIAN_POINT('',(35.1500002235174,16.,30.4999998509884));
#6975=CARTESIAN_POINT('',(35.1500002235174,16.,30.4999998509884));
#6976=CARTESIAN_POINT('',(35.1500002235174,13.,30.4999998509884));
#6977=CARTESIAN_POINT('Origin',(35.1500002235174,13.,30.9999998509884));
#6978=CARTESIAN_POINT('Origin',(35.1500002235174,16.,30.9999998509884));
#6979=CARTESIAN_POINT('Origin',(69.4000002235174,13.,27.4999998509884));
#6980=CARTESIAN_POINT('',(54.4000002235174,16.,27.4999998509884));
#6981=CARTESIAN_POINT('',(54.4000002235174,13.,27.4999998509884));
#6982=CARTESIAN_POINT('',(69.4000002235174,16.,27.4999998509884));
#6983=CARTESIAN_POINT('',(69.4000002235174,16.,27.4999998509884));
#6984=CARTESIAN_POINT('',(69.4000002235174,13.,27.4999998509884));
#6985=CARTESIAN_POINT('Origin',(69.4000002235174,13.,26.9999998509884));
#6986=CARTESIAN_POINT('',(69.9000002235174,16.,26.9999998509884));
#6987=CARTESIAN_POINT('Origin',(69.4000002235174,16.,26.9999998509884));
#6988=CARTESIAN_POINT('',(69.9000002235174,13.,26.9999998509884));
#6989=CARTESIAN_POINT('Origin',(69.9000002235174,13.,11.9999998509884));
#6990=CARTESIAN_POINT('',(69.9000002235174,16.,11.9999998509884));
#6991=CARTESIAN_POINT('',(69.9000002235174,16.,11.9999998509884));
#6992=CARTESIAN_POINT('',(69.9000002235174,13.,11.9999998509884));
#6993=CARTESIAN_POINT('Origin',(69.4000002235174,13.,11.9999998509884));
#6994=CARTESIAN_POINT('',(69.4000002235174,16.,11.4999998509884));
#6995=CARTESIAN_POINT('Origin',(69.4000002235174,16.,11.9999998509884));
#6996=CARTESIAN_POINT('',(69.4000002235174,13.,11.4999998509884));
#6997=CARTESIAN_POINT('Origin',(54.4000002235174,13.,11.4999998509884));
#6998=CARTESIAN_POINT('',(54.4000002235174,16.,11.4999998509884));
#6999=CARTESIAN_POINT('',(54.4000002235174,16.,11.4999998509884));
#7000=CARTESIAN_POINT('',(54.4000002235174,13.,11.4999998509884));
#7001=CARTESIAN_POINT('Origin',(54.4000002235174,13.,11.9999998509884));
#7002=CARTESIAN_POINT('',(53.9000002235174,16.,11.9999998509884));
#7003=CARTESIAN_POINT('Origin',(54.4000002235174,16.,11.9999998509884));
#7004=CARTESIAN_POINT('',(53.9000002235174,13.,11.9999998509884));
#7005=CARTESIAN_POINT('Origin',(53.9000002235174,13.,26.9999998509884));
#7006=CARTESIAN_POINT('',(53.9000002235174,16.,26.9999998509884));
#7007=CARTESIAN_POINT('',(53.9000002235174,16.,26.9999998509884));
#7008=CARTESIAN_POINT('',(53.9000002235174,13.,26.9999998509884));
#7009=CARTESIAN_POINT('Origin',(54.4000002235174,13.,26.9999998509884));
#7010=CARTESIAN_POINT('Origin',(54.4000002235174,16.,26.9999998509884));
#7011=CARTESIAN_POINT('Origin',(79.,13.,-30.));
#7012=CARTESIAN_POINT('',(78.9941630933788,16.,-28.5500117481436));
#7013=CARTESIAN_POINT('',(78.9941630933788,13.,-28.5500117481436));
#7014=CARTESIAN_POINT('',(78.9942366485252,16.,-31.4499885460855));
#7015=CARTESIAN_POINT('Origin',(79.,16.,-30.));
#7016=CARTESIAN_POINT('',(78.9942366485252,13.,-31.4499885460855));
#7017=CARTESIAN_POINT('Origin',(78.9883997418912,13.,-30.0000002942293));
#7018=CARTESIAN_POINT('Origin',(78.9883997418912,16.,-30.0000002942293));
#7019=CARTESIAN_POINT('Origin',(-30.4116002581088,13.,-30.0000002942293));
#7020=CARTESIAN_POINT('',(-28.9616002581088,16.,-30.0000002942293));
#7021=CARTESIAN_POINT('Origin',(-30.4116002581088,16.,-30.0000002942293));
#7022=CARTESIAN_POINT('',(-28.9616002581088,13.,-30.0000002942293));
#7023=CARTESIAN_POINT('Origin',(53.9000002235174,13.,7.99999985098839));
#7024=CARTESIAN_POINT('',(53.9000002235174,16.,-7.00000014901161));
#7025=CARTESIAN_POINT('',(53.9000002235174,13.,-7.00000014901161));
#7026=CARTESIAN_POINT('',(53.9000002235174,16.,7.99999985098839));
#7027=CARTESIAN_POINT('',(53.9000002235174,16.,7.99999985098839));
#7028=CARTESIAN_POINT('',(53.9000002235174,13.,7.99999985098839));
#7029=CARTESIAN_POINT('Origin',(54.4000002235174,13.,7.99999985098839));
#7030=CARTESIAN_POINT('',(54.4000002235174,16.,8.49999985098838));
#7031=CARTESIAN_POINT('Origin',(54.4000002235174,16.,7.99999985098839));
#7032=CARTESIAN_POINT('',(54.4000002235174,13.,8.49999985098838));
#7033=CARTESIAN_POINT('Origin',(69.4000002235174,13.,8.49999985098839));
#7034=CARTESIAN_POINT('',(69.4000002235174,16.,8.49999985098839));
#7035=CARTESIAN_POINT('',(69.4000002235174,16.,8.49999985098839));
#7036=CARTESIAN_POINT('',(69.4000002235174,13.,8.49999985098839));
#7037=CARTESIAN_POINT('Origin',(69.4000002235174,13.,7.99999985098839));
#7038=CARTESIAN_POINT('',(69.9000002235174,16.,7.99999985098839));
#7039=CARTESIAN_POINT('Origin',(69.4000002235174,16.,7.99999985098839));
#7040=CARTESIAN_POINT('',(69.9000002235174,13.,7.99999985098839));
#7041=CARTESIAN_POINT('Origin',(69.9000002235174,13.,-7.00000014901161));
#7042=CARTESIAN_POINT('',(69.9000002235174,16.,-7.00000014901161));
#7043=CARTESIAN_POINT('',(69.9000002235174,16.,-7.00000014901161));
#7044=CARTESIAN_POINT('',(69.9000002235174,13.,-7.00000014901161));
#7045=CARTESIAN_POINT('Origin',(69.4000002235174,13.,-7.00000014901161));
#7046=CARTESIAN_POINT('',(69.4000002235174,16.,-7.50000014901162));
#7047=CARTESIAN_POINT('Origin',(69.4000002235174,16.,-7.00000014901161));
#7048=CARTESIAN_POINT('',(69.4000002235174,13.,-7.50000014901162));
#7049=CARTESIAN_POINT('Origin',(54.4000002235174,13.,-7.50000014901161));
#7050=CARTESIAN_POINT('',(54.4000002235174,16.,-7.50000014901161));
#7051=CARTESIAN_POINT('',(54.4000002235174,16.,-7.50000014901161));
#7052=CARTESIAN_POINT('',(54.4000002235174,13.,-7.50000014901161));
#7053=CARTESIAN_POINT('Origin',(54.4000002235174,13.,-7.00000014901161));
#7054=CARTESIAN_POINT('Origin',(54.4000002235174,16.,-7.00000014901161));
#7055=CARTESIAN_POINT('Origin',(15.4000002235174,13.,26.9999998509884));
#7056=CARTESIAN_POINT('',(15.4000002235174,16.,11.9999998509884));
#7057=CARTESIAN_POINT('',(15.4000002235174,13.,11.9999998509884));
#7058=CARTESIAN_POINT('',(15.4000002235174,16.,26.9999998509884));
#7059=CARTESIAN_POINT('',(15.4000002235174,16.,26.9999998509884));
#7060=CARTESIAN_POINT('',(15.4000002235174,13.,26.9999998509884));
#7061=CARTESIAN_POINT('Origin',(15.9000002235174,13.,26.9999998509884));
#7062=CARTESIAN_POINT('',(15.9000002235174,16.,27.4999998509884));
#7063=CARTESIAN_POINT('Origin',(15.9000002235174,16.,26.9999998509884));
#7064=CARTESIAN_POINT('',(15.9000002235174,13.,27.4999998509884));
#7065=CARTESIAN_POINT('Origin',(30.9000002235174,13.,27.4999998509884));
#7066=CARTESIAN_POINT('',(30.9000002235174,16.,27.4999998509884));
#7067=CARTESIAN_POINT('',(30.9000002235174,16.,27.4999998509884));
#7068=CARTESIAN_POINT('',(30.9000002235174,13.,27.4999998509884));
#7069=CARTESIAN_POINT('Origin',(30.9000002235174,13.,26.9999998509884));
#7070=CARTESIAN_POINT('',(31.4000002235174,16.,26.9999998509884));
#7071=CARTESIAN_POINT('Origin',(30.9000002235174,16.,26.9999998509884));
#7072=CARTESIAN_POINT('',(31.4000002235174,13.,26.9999998509884));
#7073=CARTESIAN_POINT('Origin',(31.4000002235174,13.,11.9999998509884));
#7074=CARTESIAN_POINT('',(31.4000002235174,16.,11.9999998509884));
#7075=CARTESIAN_POINT('',(31.4000002235174,16.,11.9999998509884));
#7076=CARTESIAN_POINT('',(31.4000002235174,13.,11.9999998509884));
#7077=CARTESIAN_POINT('Origin',(30.9000002235174,13.,11.9999998509884));
#7078=CARTESIAN_POINT('',(30.9000002235174,16.,11.4999998509884));
#7079=CARTESIAN_POINT('Origin',(30.9000002235174,16.,11.9999998509884));
#7080=CARTESIAN_POINT('',(30.9000002235174,13.,11.4999998509884));
#7081=CARTESIAN_POINT('Origin',(15.9000002235174,13.,11.4999998509884));
#7082=CARTESIAN_POINT('',(15.9000002235174,16.,11.4999998509884));
#7083=CARTESIAN_POINT('',(15.9000002235174,16.,11.4999998509884));
#7084=CARTESIAN_POINT('',(15.9000002235174,13.,11.4999998509884));
#7085=CARTESIAN_POINT('Origin',(15.9000002235174,13.,11.9999998509884));
#7086=CARTESIAN_POINT('Origin',(15.9000002235174,16.,11.9999998509884));
#7087=CARTESIAN_POINT('Origin',(50.6500002235174,13.,-7.00000014901161));
#7088=CARTESIAN_POINT('',(50.6500002235174,16.,7.99999985098839));
#7089=CARTESIAN_POINT('',(50.6500002235174,13.,7.99999985098839));
#7090=CARTESIAN_POINT('',(50.6500002235174,16.,-7.00000014901161));
#7091=CARTESIAN_POINT('',(50.6500002235174,16.,-7.00000014901161));
#7092=CARTESIAN_POINT('',(50.6500002235174,13.,-7.00000014901161));
#7093=CARTESIAN_POINT('Origin',(50.1500002235174,13.,-7.00000014901161));
#7094=CARTESIAN_POINT('',(50.1500002235174,16.,-7.50000014901162));
#7095=CARTESIAN_POINT('Origin',(50.1500002235174,16.,-7.00000014901161));
#7096=CARTESIAN_POINT('',(50.1500002235174,13.,-7.50000014901162));
#7097=CARTESIAN_POINT('Origin',(35.1500002235174,13.,-7.50000014901161));
#7098=CARTESIAN_POINT('',(35.1500002235174,16.,-7.50000014901161));
#7099=CARTESIAN_POINT('',(35.1500002235174,16.,-7.50000014901161));
#7100=CARTESIAN_POINT('',(35.1500002235174,13.,-7.50000014901161));
#7101=CARTESIAN_POINT('Origin',(35.1500002235174,13.,-7.00000014901161));
#7102=CARTESIAN_POINT('',(34.6500002235174,16.,-7.00000014901161));
#7103=CARTESIAN_POINT('Origin',(35.1500002235174,16.,-7.00000014901161));
#7104=CARTESIAN_POINT('',(34.6500002235174,13.,-7.00000014901161));
#7105=CARTESIAN_POINT('Origin',(34.6500002235174,13.,7.99999985098839));
#7106=CARTESIAN_POINT('',(34.6500002235174,16.,7.99999985098839));
#7107=CARTESIAN_POINT('',(34.6500002235174,16.,7.99999985098839));
#7108=CARTESIAN_POINT('',(34.6500002235174,13.,7.99999985098839));
#7109=CARTESIAN_POINT('Origin',(35.1500002235174,13.,7.99999985098839));
#7110=CARTESIAN_POINT('',(35.1500002235174,16.,8.49999985098838));
#7111=CARTESIAN_POINT('Origin',(35.1500002235174,16.,7.99999985098839));
#7112=CARTESIAN_POINT('',(35.1500002235174,13.,8.49999985098838));
#7113=CARTESIAN_POINT('Origin',(50.1500002235174,13.,8.49999985098839));
#7114=CARTESIAN_POINT('',(50.1500002235174,16.,8.49999985098838));
#7115=CARTESIAN_POINT('',(50.1500002235174,16.,8.49999985098839));
#7116=CARTESIAN_POINT('',(50.1500002235174,13.,8.49999985098839));
#7117=CARTESIAN_POINT('Origin',(50.1500002235174,13.,7.99999985098839));
#7118=CARTESIAN_POINT('Origin',(50.1500002235174,16.,7.99999985098839));
#7119=CARTESIAN_POINT('Origin',(-30.4116002581087,13.,54.8999997057707));
#7120=CARTESIAN_POINT('',(-28.9616002581087,16.,54.8999997057707));
#7121=CARTESIAN_POINT('Origin',(-30.4116002581087,16.,54.8999997057707));
#7122=CARTESIAN_POINT('',(-28.9616002581087,13.,54.8999997057707));
#7123=CARTESIAN_POINT('Origin',(15.9000002235174,13.,30.4999998509884));
#7124=CARTESIAN_POINT('',(30.9000002235174,16.,30.4999998509884));
#7125=CARTESIAN_POINT('',(30.9000002235174,13.,30.4999998509884));
#7126=CARTESIAN_POINT('',(15.9000002235174,16.,30.4999998509884));
#7127=CARTESIAN_POINT('',(15.9000002235174,16.,30.4999998509884));
#7128=CARTESIAN_POINT('',(15.9000002235174,13.,30.4999998509884));
#7129=CARTESIAN_POINT('Origin',(15.9000002235174,13.,30.9999998509884));
#7130=CARTESIAN_POINT('',(15.4000002235174,16.,30.9999998509884));
#7131=CARTESIAN_POINT('Origin',(15.9000002235174,16.,30.9999998509884));
#7132=CARTESIAN_POINT('',(15.4000002235174,13.,30.9999998509884));
#7133=CARTESIAN_POINT('Origin',(15.4000002235174,13.,45.9999998509884));
#7134=CARTESIAN_POINT('',(15.4000002235174,16.,45.9999998509884));
#7135=CARTESIAN_POINT('',(15.4000002235174,16.,45.9999998509884));
#7136=CARTESIAN_POINT('',(15.4000002235174,13.,45.9999998509884));
#7137=CARTESIAN_POINT('Origin',(15.9000002235174,13.,45.9999998509884));
#7138=CARTESIAN_POINT('',(15.9000002235174,16.,46.4999998509884));
#7139=CARTESIAN_POINT('Origin',(15.9000002235174,16.,45.9999998509884));
#7140=CARTESIAN_POINT('',(15.9000002235174,13.,46.4999998509884));
#7141=CARTESIAN_POINT('Origin',(30.9000002235174,13.,46.4999998509884));
#7142=CARTESIAN_POINT('',(30.9000002235174,16.,46.4999998509884));
#7143=CARTESIAN_POINT('',(30.9000002235174,16.,46.4999998509884));
#7144=CARTESIAN_POINT('',(30.9000002235174,13.,46.4999998509884));
#7145=CARTESIAN_POINT('Origin',(30.9000002235174,13.,45.9999998509884));
#7146=CARTESIAN_POINT('',(31.4000002235174,16.,45.9999998509884));
#7147=CARTESIAN_POINT('Origin',(30.9000002235174,16.,45.9999998509884));
#7148=CARTESIAN_POINT('',(31.4000002235174,13.,45.9999998509884));
#7149=CARTESIAN_POINT('Origin',(31.4000002235174,13.,30.9999998509884));
#7150=CARTESIAN_POINT('',(31.4000002235174,16.,30.9999998509884));
#7151=CARTESIAN_POINT('',(31.4000002235174,16.,30.9999998509884));
#7152=CARTESIAN_POINT('',(31.4000002235174,13.,30.9999998509884));
#7153=CARTESIAN_POINT('Origin',(30.9000002235174,13.,30.9999998509884));
#7154=CARTESIAN_POINT('Origin',(30.9000002235174,16.,30.9999998509884));
#7155=CARTESIAN_POINT('Origin',(83.9883997418913,13.,-35.0000002942293));
#7156=CARTESIAN_POINT('',(83.9883997418913,16.,-35.0000002942293));
#7157=CARTESIAN_POINT('Origin',(-35.4116002581087,13.,59.8999997057707));
#7158=CARTESIAN_POINT('',(-35.4116002581087,16.,59.8999997057707));
#7159=CARTESIAN_POINT('Origin',(24.2883997418913,16.,12.4499997057707));
#7160=UNCERTAINTY_MEASURE_WITH_UNIT(LENGTH_MEASURE(0.01),#7164,
'DISTANCE_ACCURACY_VALUE',
'Maximum model space distance between geometric entities at asserted c
onnectivities');
#7161=UNCERTAINTY_MEASURE_WITH_UNIT(LENGTH_MEASURE(0.01),#7164,
'DISTANCE_ACCURACY_VALUE',
'Maximum model space distance between geometric entities at asserted c
onnectivities');
#7162=(
GEOMETRIC_REPRESENTATION_CONTEXT(3)
GLOBAL_UNCERTAINTY_ASSIGNED_CONTEXT((#7160))
GLOBAL_UNIT_ASSIGNED_CONTEXT((#7164,#7166,#7167))
REPRESENTATION_CONTEXT('','3D')
);
#7163=(
GEOMETRIC_REPRESENTATION_CONTEXT(3)
GLOBAL_UNCERTAINTY_ASSIGNED_CONTEXT((#7161))
GLOBAL_UNIT_ASSIGNED_CONTEXT((#7164,#7166,#7167))
REPRESENTATION_CONTEXT('','3D')
);
#7164=(
LENGTH_UNIT()
NAMED_UNIT(*)
SI_UNIT(.MILLI.,.METRE.)
);
#7165=(
LENGTH_UNIT()
NAMED_UNIT(*)
SI_UNIT($,.METRE.)
);
#7166=(
NAMED_UNIT(*)
PLANE_ANGLE_UNIT()
SI_UNIT($,.RADIAN.)
);
#7167=(
NAMED_UNIT(*)
SI_UNIT($,.STERADIAN.)
SOLID_ANGLE_UNIT()
);
#7168=SHAPE_DEFINITION_REPRESENTATION(#7169,#7170);
#7169=PRODUCT_DEFINITION_SHAPE('',$,#7172);
#7170=SHAPE_REPRESENTATION('',(#4248),#7162);
#7171=PRODUCT_DEFINITION_CONTEXT('part definition',#7176,'design');
#7172=PRODUCT_DEFINITION('2026-08-16-01-27-19-840',
'3D printing macropad',#7173,#7171);
#7173=PRODUCT_DEFINITION_FORMATION('',$,#7178);
#7174=PRODUCT_RELATED_PRODUCT_CATEGORY('3D printing macropad',
'3D printing macropad',(#7178));
#7175=APPLICATION_PROTOCOL_DEFINITION('international standard',
'automotive_design',2009,#7176);
#7176=APPLICATION_CONTEXT(
'Core Data for Automotive Mechanical Design Process');
#7177=PRODUCT_CONTEXT('part definition',#7176,'mechanical');
#7178=PRODUCT('2026-08-16-01-27-19-840','3D printing macropad',$,(#7177));
#7179=PRESENTATION_STYLE_ASSIGNMENT((#7183));
#7180=PRESENTATION_STYLE_ASSIGNMENT((#7184));
#7181=PRESENTATION_STYLE_ASSIGNMENT((#7185));
#7182=PRESENTATION_STYLE_ASSIGNMENT((#7186));
#7183=SURFACE_STYLE_USAGE(.BOTH.,#7187);
#7184=SURFACE_STYLE_USAGE(.BOTH.,#7188);
#7185=SURFACE_STYLE_USAGE(.BOTH.,#7189);
#7186=SURFACE_STYLE_USAGE(.BOTH.,#7190);
#7187=SURFACE_SIDE_STYLE('',(#7191));
#7188=SURFACE_SIDE_STYLE('',(#7192));
#7189=SURFACE_SIDE_STYLE('',(#7193));
#7190=SURFACE_SIDE_STYLE('',(#7194));
#7191=SURFACE_STYLE_FILL_AREA(#7195);
#7192=SURFACE_STYLE_FILL_AREA(#7196);
#7193=SURFACE_STYLE_FILL_AREA(#7197);
#7194=SURFACE_STYLE_FILL_AREA(#7198);
#7195=FILL_AREA_STYLE('Steel - Satin',(#7199));
#7196=FILL_AREA_STYLE('Aluminum - Anodized Glossy (Red)',(#7200));
#7197=FILL_AREA_STYLE('Opaque(80,124,105)',(#7201));
#7198=FILL_AREA_STYLE('Opaque(219,188,126)',(#7202));
#7199=FILL_AREA_STYLE_COLOUR('Steel - Satin',#7203);
#7200=FILL_AREA_STYLE_COLOUR('Aluminum - Anodized Glossy (Red)',#7204);
#7201=FILL_AREA_STYLE_COLOUR('Opaque(80,124,105)',#7205);
#7202=FILL_AREA_STYLE_COLOUR('Opaque(219,188,126)',#7206);
#7203=COLOUR_RGB('Steel - Satin',0.627450980392157,0.627450980392157,0.627450980392157);
#7204=COLOUR_RGB('Aluminum - Anodized Glossy (Red)',0.854901960784314,0.349019607843137,
0.349019607843137);
#7205=COLOUR_RGB('Opaque(80,124,105)',0.313725490196078,0.486274509803922,
0.411764705882353);
#7206=COLOUR_RGB('Opaque(219,188,126)',0.858823529411765,0.737254901960784,
0.494117647058824);
ENDSEC;
END-ISO-10303-21;
